customer_id,full_name,email,customer_state
600000001,Benchmark Customer 00001,benchmark.customer00001@example.test,ACTIVE
600000002,Benchmark Customer 00002,benchmark.customer00002@example.test,ACTIVE
600000003,Benchmark Customer 00003,benchmark.customer00003@example.test,ACTIVE
600000004,Benchmark Customer 00004,benchmark.customer00004@example.test,ACTIVE
600000005,Benchmark Customer 00005,benchmark.customer00005@example.test,ACTIVE
600000006,Benchmark Customer 00006,benchmark.customer00006@example.test,ACTIVE
600000007,Benchmark Customer 00007,benchmark.customer00007@example.test,ACTIVE
600000008,Benchmark Customer 00008,benchmark.customer00008@example.test,ACTIVE
600000009,Benchmark Customer 00009,benchmark.customer00009@example.test,ACTIVE
600000010,Benchmark Customer 00010,benchmark.customer00010@example.test,ACTIVE
600000011,Benchmark Customer 00011,benchmark.customer00011@example.test,ACTIVE
600000012,Benchmark Customer 00012,benchmark.customer00012@example.test,ACTIVE
600000013,Benchmark Customer 00013,benchmark.customer00013@example.test,ACTIVE
600000014,Benchmark Customer 00014,benchmark.customer00014@example.test,ACTIVE
600000015,Benchmark Customer 00015,benchmark.customer00015@example.test,ACTIVE
600000016,Benchmark Customer 00016,benchmark.customer00016@example.test,ACTIVE
600000017,Benchmark Customer 00017,benchmark.customer00017@example.test,ACTIVE
600000018,Benchmark Customer 00018,benchmark.customer00018@example.test,ACTIVE
600000019,Benchmark Customer 00019,benchmark.customer00019@example.test,ACTIVE
600000020,Benchmark Customer 00020,benchmark.customer00020@example.test,ACTIVE
600000021,Benchmark Customer 00021,benchmark.customer00021@example.test,ACTIVE
600000022,Benchmark Customer 00022,benchmark.customer00022@example.test,ACTIVE
600000023,Benchmark Customer 00023,benchmark.customer00023@example.test,ACTIVE
600000024,Benchmark Customer 00024,benchmark.customer00024@example.test,ACTIVE
600000025,Benchmark Customer 00025,benchmark.customer00025@example.test,ACTIVE
600000026,Benchmark Customer 00026,benchmark.customer00026@example.test,ACTIVE
600000027,Benchmark Customer 00027,benchmark.customer00027@example.test,ACTIVE
600000028,Benchmark Customer 00028,benchmark.customer00028@example.test,ACTIVE
600000029,Benchmark Customer 00029,benchmark.customer00029@example.test,ACTIVE
600000030,Benchmark Customer 00030,benchmark.customer00030@example.test,ACTIVE
600000031,Benchmark Customer 00031,benchmark.customer00031@example.test,ACTIVE
600000032,Benchmark Customer 00032,benchmark.customer00032@example.test,ACTIVE
600000033,Benchmark Customer 00033,benchmark.customer00033@example.test,ACTIVE
600000034,Benchmark Customer 00034,benchmark.customer00034@example.test,ACTIVE
600000035,Benchmark Customer 00035,benchmark.customer00035@example.test,ACTIVE
600000036,Benchmark Customer 00036,benchmark.customer00036@example.test,ACTIVE
600000037,Benchmark Customer 00037,benchmark.customer00037@example.test,ACTIVE
600000038,Benchmark Customer 00038,benchmark.customer00038@example.test,ACTIVE
600000039,Benchmark Customer 00039,benchmark.customer00039@example.test,ACTIVE
600000040,Benchmark Customer 00040,benchmark.customer00040@example.test,ACTIVE
600000041,Benchmark Customer 00041,benchmark.customer00041@example.test,ACTIVE
600000042,Benchmark Customer 00042,benchmark.customer00042@example.test,ACTIVE
600000043,Benchmark Customer 00043,benchmark.customer00043@example.test,ACTIVE
600000044,Benchmark Customer 00044,benchmark.customer00044@example.test,ACTIVE
600000045,Benchmark Customer 00045,benchmark.customer00045@example.test,ACTIVE
600000046,Benchmark Customer 00046,benchmark.customer00046@example.test,ACTIVE
600000047,Benchmark Customer 00047,benchmark.customer00047@example.test,ACTIVE
600000048,Benchmark Customer 00048,benchmark.customer00048@example.test,ACTIVE
600000049,Benchmark Customer 00049,benchmark.customer00049@example.test,ACTIVE
600000050,Benchmark Customer 00050,benchmark.customer00050@example.test,ACTIVE
600000051,Benchmark Customer 00051,benchmark.customer00051@example.test,ACTIVE
600000052,Benchmark Customer 00052,benchmark.customer00052@example.test,ACTIVE
600000053,Benchmark Customer 00053,benchmark.customer00053@example.test,ACTIVE
600000054,Benchmark Customer 00054,benchmark.customer00054@example.test,ACTIVE
600000055,Benchmark Customer 00055,benchmark.customer00055@example.test,ACTIVE
600000056,Benchmark Customer 00056,benchmark.customer00056@example.test,ACTIVE
600000057,Benchmark Customer 00057,benchmark.customer00057@example.test,ACTIVE
600000058,Benchmark Customer 00058,benchmark.customer00058@example.test,ACTIVE
600000059,Benchmark Customer 00059,benchmark.customer00059@example.test,ACTIVE
600000060,Benchmark Customer 00060,benchmark.customer00060@example.test,ACTIVE
600000061,Benchmark Customer 00061,benchmark.customer00061@example.test,ACTIVE
600000062,Benchmark Customer 00062,benchmark.customer00062@example.test,ACTIVE
600000063,Benchmark Customer 00063,benchmark.customer00063@example.test,ACTIVE
600000064,Benchmark Customer 00064,benchmark.customer00064@example.test,ACTIVE
600000065,Benchmark Customer 00065,benchmark.customer00065@example.test,ACTIVE
600000066,Benchmark Customer 00066,benchmark.customer00066@example.test,ACTIVE
600000067,Benchmark Customer 00067,benchmark.customer00067@example.test,ACTIVE
600000068,Benchmark Customer 00068,benchmark.customer00068@example.test,ACTIVE
600000069,Benchmark Customer 00069,benchmark.customer00069@example.test,ACTIVE
600000070,Benchmark Customer 00070,benchmark.customer00070@example.test,ACTIVE
600000071,Benchmark Customer 00071,benchmark.customer00071@example.test,ACTIVE
600000072,Benchmark Customer 00072,benchmark.customer00072@example.test,ACTIVE
600000073,Benchmark Customer 00073,benchmark.customer00073@example.test,ACTIVE
600000074,Benchmark Customer 00074,benchmark.customer00074@example.test,ACTIVE
600000075,Benchmark Customer 00075,benchmark.customer00075@example.test,ACTIVE
600000076,Benchmark Customer 00076,benchmark.customer00076@example.test,ACTIVE
600000077,Benchmark Customer 00077,benchmark.customer00077@example.test,ACTIVE
600000078,Benchmark Customer 00078,benchmark.customer00078@example.test,ACTIVE
600000079,Benchmark Customer 00079,benchmark.customer00079@example.test,ACTIVE
600000080,Benchmark Customer 00080,benchmark.customer00080@example.test,ACTIVE
600000081,Benchmark Customer 00081,benchmark.customer00081@example.test,ACTIVE
600000082,Benchmark Customer 00082,benchmark.customer00082@example.test,ACTIVE
600000083,Benchmark Customer 00083,benchmark.customer00083@example.test,ACTIVE
600000084,Benchmark Customer 00084,benchmark.customer00084@example.test,ACTIVE
600000085,Benchmark Customer 00085,benchmark.customer00085@example.test,ACTIVE
600000086,Benchmark Customer 00086,benchmark.customer00086@example.test,ACTIVE
600000087,Benchmark Customer 00087,benchmark.customer00087@example.test,ACTIVE
600000088,Benchmark Customer 00088,benchmark.customer00088@example.test,ACTIVE
600000089,Benchmark Customer 00089,benchmark.customer00089@example.test,ACTIVE
600000090,Benchmark Customer 00090,benchmark.customer00090@example.test,ACTIVE
600000091,Benchmark Customer 00091,benchmark.customer00091@example.test,ACTIVE
600000092,Benchmark Customer 00092,benchmark.customer00092@example.test,ACTIVE
600000093,Benchmark Customer 00093,benchmark.customer00093@example.test,ACTIVE
600000094,Benchmark Customer 00094,benchmark.customer00094@example.test,ACTIVE
600000095,Benchmark Customer 00095,benchmark.customer00095@example.test,ACTIVE
600000096,Benchmark Customer 00096,benchmark.customer00096@example.test,ACTIVE
600000097,Benchmark Customer 00097,benchmark.customer00097@example.test,ACTIVE
600000098,Benchmark Customer 00098,benchmark.customer00098@example.test,ACTIVE
600000099,Benchmark Customer 00099,benchmark.customer00099@example.test,ACTIVE
600000100,Benchmark Customer 00100,benchmark.customer00100@example.test,ACTIVE
600000101,Benchmark Customer 00101,benchmark.customer00101@example.test,ACTIVE
600000102,Benchmark Customer 00102,benchmark.customer00102@example.test,ACTIVE
600000103,Benchmark Customer 00103,benchmark.customer00103@example.test,ACTIVE
600000104,Benchmark Customer 00104,benchmark.customer00104@example.test,ACTIVE
600000105,Benchmark Customer 00105,benchmark.customer00105@example.test,ACTIVE
600000106,Benchmark Customer 00106,benchmark.customer00106@example.test,ACTIVE
600000107,Benchmark Customer 00107,benchmark.customer00107@example.test,ACTIVE
600000108,Benchmark Customer 00108,benchmark.customer00108@example.test,ACTIVE
600000109,Benchmark Customer 00109,benchmark.customer00109@example.test,ACTIVE
600000110,Benchmark Customer 00110,benchmark.customer00110@example.test,ACTIVE
600000111,Benchmark Customer 00111,benchmark.customer00111@example.test,ACTIVE
600000112,Benchmark Customer 00112,benchmark.customer00112@example.test,ACTIVE
600000113,Benchmark Customer 00113,benchmark.customer00113@example.test,ACTIVE
600000114,Benchmark Customer 00114,benchmark.customer00114@example.test,ACTIVE
600000115,Benchmark Customer 00115,benchmark.customer00115@example.test,ACTIVE
600000116,Benchmark Customer 00116,benchmark.customer00116@example.test,ACTIVE
600000117,Benchmark Customer 00117,benchmark.customer00117@example.test,ACTIVE
600000118,Benchmark Customer 00118,benchmark.customer00118@example.test,ACTIVE
600000119,Benchmark Customer 00119,benchmark.customer00119@example.test,ACTIVE
600000120,Benchmark Customer 00120,benchmark.customer00120@example.test,ACTIVE
600000121,Benchmark Customer 00121,benchmark.customer00121@example.test,ACTIVE
600000122,Benchmark Customer 00122,benchmark.customer00122@example.test,ACTIVE
600000123,Benchmark Customer 00123,benchmark.customer00123@example.test,ACTIVE
600000124,Benchmark Customer 00124,benchmark.customer00124@example.test,ACTIVE
600000125,Benchmark Customer 00125,benchmark.customer00125@example.test,ACTIVE
600000126,Benchmark Customer 00126,benchmark.customer00126@example.test,ACTIVE
600000127,Benchmark Customer 00127,benchmark.customer00127@example.test,ACTIVE
600000128,Benchmark Customer 00128,benchmark.customer00128@example.test,ACTIVE
600000129,Benchmark Customer 00129,benchmark.customer00129@example.test,ACTIVE
600000130,Benchmark Customer 00130,benchmark.customer00130@example.test,ACTIVE
600000131,Benchmark Customer 00131,benchmark.customer00131@example.test,ACTIVE
600000132,Benchmark Customer 00132,benchmark.customer00132@example.test,ACTIVE
600000133,Benchmark Customer 00133,benchmark.customer00133@example.test,ACTIVE
600000134,Benchmark Customer 00134,benchmark.customer00134@example.test,ACTIVE
600000135,Benchmark Customer 00135,benchmark.customer00135@example.test,ACTIVE
600000136,Benchmark Customer 00136,benchmark.customer00136@example.test,ACTIVE
600000137,Benchmark Customer 00137,benchmark.customer00137@example.test,ACTIVE
600000138,Benchmark Customer 00138,benchmark.customer00138@example.test,ACTIVE
600000139,Benchmark Customer 00139,benchmark.customer00139@example.test,ACTIVE
600000140,Benchmark Customer 00140,benchmark.customer00140@example.test,ACTIVE
600000141,Benchmark Customer 00141,benchmark.customer00141@example.test,ACTIVE
600000142,Benchmark Customer 00142,benchmark.customer00142@example.test,ACTIVE
600000143,Benchmark Customer 00143,benchmark.customer00143@example.test,ACTIVE
600000144,Benchmark Customer 00144,benchmark.customer00144@example.test,ACTIVE
600000145,Benchmark Customer 00145,benchmark.customer00145@example.test,ACTIVE
600000146,Benchmark Customer 00146,benchmark.customer00146@example.test,ACTIVE
600000147,Benchmark Customer 00147,benchmark.customer00147@example.test,ACTIVE
600000148,Benchmark Customer 00148,benchmark.customer00148@example.test,ACTIVE
600000149,Benchmark Customer 00149,benchmark.customer00149@example.test,ACTIVE
600000150,Benchmark Customer 00150,benchmark.customer00150@example.test,ACTIVE
600000151,Benchmark Customer 00151,benchmark.customer00151@example.test,ACTIVE
600000152,Benchmark Customer 00152,benchmark.customer00152@example.test,ACTIVE
600000153,Benchmark Customer 00153,benchmark.customer00153@example.test,ACTIVE
600000154,Benchmark Customer 00154,benchmark.customer00154@example.test,ACTIVE
600000155,Benchmark Customer 00155,benchmark.customer00155@example.test,ACTIVE
600000156,Benchmark Customer 00156,benchmark.customer00156@example.test,ACTIVE
600000157,Benchmark Customer 00157,benchmark.customer00157@example.test,ACTIVE
600000158,Benchmark Customer 00158,benchmark.customer00158@example.test,ACTIVE
600000159,Benchmark Customer 00159,benchmark.customer00159@example.test,ACTIVE
600000160,Benchmark Customer 00160,benchmark.customer00160@example.test,ACTIVE
600000161,Benchmark Customer 00161,benchmark.customer00161@example.test,ACTIVE
600000162,Benchmark Customer 00162,benchmark.customer00162@example.test,ACTIVE
600000163,Benchmark Customer 00163,benchmark.customer00163@example.test,ACTIVE
600000164,Benchmark Customer 00164,benchmark.customer00164@example.test,ACTIVE
600000165,Benchmark Customer 00165,benchmark.customer00165@example.test,ACTIVE
600000166,Benchmark Customer 00166,benchmark.customer00166@example.test,ACTIVE
600000167,Benchmark Customer 00167,benchmark.customer00167@example.test,ACTIVE
600000168,Benchmark Customer 00168,benchmark.customer00168@example.test,ACTIVE
600000169,Benchmark Customer 00169,benchmark.customer00169@example.test,ACTIVE
600000170,Benchmark Customer 00170,benchmark.customer00170@example.test,ACTIVE
600000171,Benchmark Customer 00171,benchmark.customer00171@example.test,ACTIVE
600000172,Benchmark Customer 00172,benchmark.customer00172@example.test,ACTIVE
600000173,Benchmark Customer 00173,benchmark.customer00173@example.test,ACTIVE
600000174,Benchmark Customer 00174,benchmark.customer00174@example.test,ACTIVE
600000175,Benchmark Customer 00175,benchmark.customer00175@example.test,ACTIVE
600000176,Benchmark Customer 00176,benchmark.customer00176@example.test,ACTIVE
600000177,Benchmark Customer 00177,benchmark.customer00177@example.test,ACTIVE
600000178,Benchmark Customer 00178,benchmark.customer00178@example.test,ACTIVE
600000179,Benchmark Customer 00179,benchmark.customer00179@example.test,ACTIVE
600000180,Benchmark Customer 00180,benchmark.customer00180@example.test,ACTIVE
600000181,Benchmark Customer 00181,benchmark.customer00181@example.test,ACTIVE
600000182,Benchmark Customer 00182,benchmark.customer00182@example.test,ACTIVE
600000183,Benchmark Customer 00183,benchmark.customer00183@example.test,ACTIVE
600000184,Benchmark Customer 00184,benchmark.customer00184@example.test,ACTIVE
600000185,Benchmark Customer 00185,benchmark.customer00185@example.test,ACTIVE
600000186,Benchmark Customer 00186,benchmark.customer00186@example.test,ACTIVE
600000187,Benchmark Customer 00187,benchmark.customer00187@example.test,ACTIVE
600000188,Benchmark Customer 00188,benchmark.customer00188@example.test,ACTIVE
600000189,Benchmark Customer 00189,benchmark.customer00189@example.test,ACTIVE
600000190,Benchmark Customer 00190,benchmark.customer00190@example.test,ACTIVE
600000191,Benchmark Customer 00191,benchmark.customer00191@example.test,ACTIVE
600000192,Benchmark Customer 00192,benchmark.customer00192@example.test,ACTIVE
600000193,Benchmark Customer 00193,benchmark.customer00193@example.test,ACTIVE
600000194,Benchmark Customer 00194,benchmark.customer00194@example.test,ACTIVE
600000195,Benchmark Customer 00195,benchmark.customer00195@example.test,ACTIVE
600000196,Benchmark Customer 00196,benchmark.customer00196@example.test,ACTIVE
600000197,Benchmark Customer 00197,benchmark.customer00197@example.test,ACTIVE
600000198,Benchmark Customer 00198,benchmark.customer00198@example.test,ACTIVE
600000199,Benchmark Customer 00199,benchmark.customer00199@example.test,ACTIVE
600000200,Benchmark Customer 00200,benchmark.customer00200@example.test,ACTIVE
600000201,Benchmark Customer 00201,benchmark.customer00201@example.test,ACTIVE
600000202,Benchmark Customer 00202,benchmark.customer00202@example.test,ACTIVE
600000203,Benchmark Customer 00203,benchmark.customer00203@example.test,ACTIVE
600000204,Benchmark Customer 00204,benchmark.customer00204@example.test,ACTIVE
600000205,Benchmark Customer 00205,benchmark.customer00205@example.test,ACTIVE
600000206,Benchmark Customer 00206,benchmark.customer00206@example.test,ACTIVE
600000207,Benchmark Customer 00207,benchmark.customer00207@example.test,ACTIVE
600000208,Benchmark Customer 00208,benchmark.customer00208@example.test,ACTIVE
600000209,Benchmark Customer 00209,benchmark.customer00209@example.test,ACTIVE
600000210,Benchmark Customer 00210,benchmark.customer00210@example.test,ACTIVE
600000211,Benchmark Customer 00211,benchmark.customer00211@example.test,ACTIVE
600000212,Benchmark Customer 00212,benchmark.customer00212@example.test,ACTIVE
600000213,Benchmark Customer 00213,benchmark.customer00213@example.test,ACTIVE
600000214,Benchmark Customer 00214,benchmark.customer00214@example.test,ACTIVE
600000215,Benchmark Customer 00215,benchmark.customer00215@example.test,ACTIVE
600000216,Benchmark Customer 00216,benchmark.customer00216@example.test,ACTIVE
600000217,Benchmark Customer 00217,benchmark.customer00217@example.test,ACTIVE
600000218,Benchmark Customer 00218,benchmark.customer00218@example.test,ACTIVE
600000219,Benchmark Customer 00219,benchmark.customer00219@example.test,ACTIVE
600000220,Benchmark Customer 00220,benchmark.customer00220@example.test,ACTIVE
600000221,Benchmark Customer 00221,benchmark.customer00221@example.test,ACTIVE
600000222,Benchmark Customer 00222,benchmark.customer00222@example.test,ACTIVE
600000223,Benchmark Customer 00223,benchmark.customer00223@example.test,ACTIVE
600000224,Benchmark Customer 00224,benchmark.customer00224@example.test,ACTIVE
600000225,Benchmark Customer 00225,benchmark.customer00225@example.test,ACTIVE
600000226,Benchmark Customer 00226,benchmark.customer00226@example.test,ACTIVE
600000227,Benchmark Customer 00227,benchmark.customer00227@example.test,ACTIVE
600000228,Benchmark Customer 00228,benchmark.customer00228@example.test,ACTIVE
600000229,Benchmark Customer 00229,benchmark.customer00229@example.test,ACTIVE
600000230,Benchmark Customer 00230,benchmark.customer00230@example.test,ACTIVE
600000231,Benchmark Customer 00231,benchmark.customer00231@example.test,ACTIVE
600000232,Benchmark Customer 00232,benchmark.customer00232@example.test,ACTIVE
600000233,Benchmark Customer 00233,benchmark.customer00233@example.test,ACTIVE
600000234,Benchmark Customer 00234,benchmark.customer00234@example.test,ACTIVE
600000235,Benchmark Customer 00235,benchmark.customer00235@example.test,ACTIVE
600000236,Benchmark Customer 00236,benchmark.customer00236@example.test,ACTIVE
600000237,Benchmark Customer 00237,benchmark.customer00237@example.test,ACTIVE
600000238,Benchmark Customer 00238,benchmark.customer00238@example.test,ACTIVE
600000239,Benchmark Customer 00239,benchmark.customer00239@example.test,ACTIVE
600000240,Benchmark Customer 00240,benchmark.customer00240@example.test,ACTIVE
600000241,Benchmark Customer 00241,benchmark.customer00241@example.test,ACTIVE
600000242,Benchmark Customer 00242,benchmark.customer00242@example.test,ACTIVE
600000243,Benchmark Customer 00243,benchmark.customer00243@example.test,ACTIVE
600000244,Benchmark Customer 00244,benchmark.customer00244@example.test,ACTIVE
600000245,Benchmark Customer 00245,benchmark.customer00245@example.test,ACTIVE
600000246,Benchmark Customer 00246,benchmark.customer00246@example.test,ACTIVE
600000247,Benchmark Customer 00247,benchmark.customer00247@example.test,ACTIVE
600000248,Benchmark Customer 00248,benchmark.customer00248@example.test,ACTIVE
600000249,Benchmark Customer 00249,benchmark.customer00249@example.test,ACTIVE
600000250,Benchmark Customer 00250,benchmark.customer00250@example.test,ACTIVE
600000251,Benchmark Customer 00251,benchmark.customer00251@example.test,ACTIVE
600000252,Benchmark Customer 00252,benchmark.customer00252@example.test,ACTIVE
600000253,Benchmark Customer 00253,benchmark.customer00253@example.test,ACTIVE
600000254,Benchmark Customer 00254,benchmark.customer00254@example.test,ACTIVE
600000255,Benchmark Customer 00255,benchmark.customer00255@example.test,ACTIVE
600000256,Benchmark Customer 00256,benchmark.customer00256@example.test,ACTIVE
600000257,Benchmark Customer 00257,benchmark.customer00257@example.test,ACTIVE
600000258,Benchmark Customer 00258,benchmark.customer00258@example.test,ACTIVE
600000259,Benchmark Customer 00259,benchmark.customer00259@example.test,ACTIVE
600000260,Benchmark Customer 00260,benchmark.customer00260@example.test,ACTIVE
600000261,Benchmark Customer 00261,benchmark.customer00261@example.test,ACTIVE
600000262,Benchmark Customer 00262,benchmark.customer00262@example.test,ACTIVE
600000263,Benchmark Customer 00263,benchmark.customer00263@example.test,ACTIVE
600000264,Benchmark Customer 00264,benchmark.customer00264@example.test,ACTIVE
600000265,Benchmark Customer 00265,benchmark.customer00265@example.test,ACTIVE
600000266,Benchmark Customer 00266,benchmark.customer00266@example.test,ACTIVE
600000267,Benchmark Customer 00267,benchmark.customer00267@example.test,ACTIVE
600000268,Benchmark Customer 00268,benchmark.customer00268@example.test,ACTIVE
600000269,Benchmark Customer 00269,benchmark.customer00269@example.test,ACTIVE
600000270,Benchmark Customer 00270,benchmark.customer00270@example.test,ACTIVE
600000271,Benchmark Customer 00271,benchmark.customer00271@example.test,ACTIVE
600000272,Benchmark Customer 00272,benchmark.customer00272@example.test,ACTIVE
600000273,Benchmark Customer 00273,benchmark.customer00273@example.test,ACTIVE
600000274,Benchmark Customer 00274,benchmark.customer00274@example.test,ACTIVE
600000275,Benchmark Customer 00275,benchmark.customer00275@example.test,ACTIVE
600000276,Benchmark Customer 00276,benchmark.customer00276@example.test,ACTIVE
600000277,Benchmark Customer 00277,benchmark.customer00277@example.test,ACTIVE
600000278,Benchmark Customer 00278,benchmark.customer00278@example.test,ACTIVE
600000279,Benchmark Customer 00279,benchmark.customer00279@example.test,ACTIVE
600000280,Benchmark Customer 00280,benchmark.customer00280@example.test,ACTIVE
600000281,Benchmark Customer 00281,benchmark.customer00281@example.test,ACTIVE
600000282,Benchmark Customer 00282,benchmark.customer00282@example.test,ACTIVE
600000283,Benchmark Customer 00283,benchmark.customer00283@example.test,ACTIVE
600000284,Benchmark Customer 00284,benchmark.customer00284@example.test,ACTIVE
600000285,Benchmark Customer 00285,benchmark.customer00285@example.test,ACTIVE
600000286,Benchmark Customer 00286,benchmark.customer00286@example.test,ACTIVE
600000287,Benchmark Customer 00287,benchmark.customer00287@example.test,ACTIVE
600000288,Benchmark Customer 00288,benchmark.customer00288@example.test,ACTIVE
600000289,Benchmark Customer 00289,benchmark.customer00289@example.test,ACTIVE
600000290,Benchmark Customer 00290,benchmark.customer00290@example.test,ACTIVE
600000291,Benchmark Customer 00291,benchmark.customer00291@example.test,ACTIVE
600000292,Benchmark Customer 00292,benchmark.customer00292@example.test,ACTIVE
600000293,Benchmark Customer 00293,benchmark.customer00293@example.test,ACTIVE
600000294,Benchmark Customer 00294,benchmark.customer00294@example.test,ACTIVE
600000295,Benchmark Customer 00295,benchmark.customer00295@example.test,ACTIVE
600000296,Benchmark Customer 00296,benchmark.customer00296@example.test,ACTIVE
600000297,Benchmark Customer 00297,benchmark.customer00297@example.test,ACTIVE
600000298,Benchmark Customer 00298,benchmark.customer00298@example.test,ACTIVE
600000299,Benchmark Customer 00299,benchmark.customer00299@example.test,ACTIVE
600000300,Benchmark Customer 00300,benchmark.customer00300@example.test,ACTIVE
600000301,Benchmark Customer 00301,benchmark.customer00301@example.test,ACTIVE
600000302,Benchmark Customer 00302,benchmark.customer00302@example.test,ACTIVE
600000303,Benchmark Customer 00303,benchmark.customer00303@example.test,ACTIVE
600000304,Benchmark Customer 00304,benchmark.customer00304@example.test,ACTIVE
600000305,Benchmark Customer 00305,benchmark.customer00305@example.test,ACTIVE
600000306,Benchmark Customer 00306,benchmark.customer00306@example.test,ACTIVE
600000307,Benchmark Customer 00307,benchmark.customer00307@example.test,ACTIVE
600000308,Benchmark Customer 00308,benchmark.customer00308@example.test,ACTIVE
600000309,Benchmark Customer 00309,benchmark.customer00309@example.test,ACTIVE
600000310,Benchmark Customer 00310,benchmark.customer00310@example.test,ACTIVE
600000311,Benchmark Customer 00311,benchmark.customer00311@example.test,ACTIVE
600000312,Benchmark Customer 00312,benchmark.customer00312@example.test,ACTIVE
600000313,Benchmark Customer 00313,benchmark.customer00313@example.test,ACTIVE
600000314,Benchmark Customer 00314,benchmark.customer00314@example.test,ACTIVE
600000315,Benchmark Customer 00315,benchmark.customer00315@example.test,ACTIVE
600000316,Benchmark Customer 00316,benchmark.customer00316@example.test,ACTIVE
600000317,Benchmark Customer 00317,benchmark.customer00317@example.test,ACTIVE
600000318,Benchmark Customer 00318,benchmark.customer00318@example.test,ACTIVE
600000319,Benchmark Customer 00319,benchmark.customer00319@example.test,ACTIVE
600000320,Benchmark Customer 00320,benchmark.customer00320@example.test,ACTIVE
600000321,Benchmark Customer 00321,benchmark.customer00321@example.test,ACTIVE
600000322,Benchmark Customer 00322,benchmark.customer00322@example.test,ACTIVE
600000323,Benchmark Customer 00323,benchmark.customer00323@example.test,ACTIVE
600000324,Benchmark Customer 00324,benchmark.customer00324@example.test,ACTIVE
600000325,Benchmark Customer 00325,benchmark.customer00325@example.test,ACTIVE
600000326,Benchmark Customer 00326,benchmark.customer00326@example.test,ACTIVE
600000327,Benchmark Customer 00327,benchmark.customer00327@example.test,ACTIVE
600000328,Benchmark Customer 00328,benchmark.customer00328@example.test,ACTIVE
600000329,Benchmark Customer 00329,benchmark.customer00329@example.test,ACTIVE
600000330,Benchmark Customer 00330,benchmark.customer00330@example.test,ACTIVE
600000331,Benchmark Customer 00331,benchmark.customer00331@example.test,ACTIVE
600000332,Benchmark Customer 00332,benchmark.customer00332@example.test,ACTIVE
600000333,Benchmark Customer 00333,benchmark.customer00333@example.test,ACTIVE
600000334,Benchmark Customer 00334,benchmark.customer00334@example.test,ACTIVE
600000335,Benchmark Customer 00335,benchmark.customer00335@example.test,ACTIVE
600000336,Benchmark Customer 00336,benchmark.customer00336@example.test,ACTIVE
600000337,Benchmark Customer 00337,benchmark.customer00337@example.test,ACTIVE
600000338,Benchmark Customer 00338,benchmark.customer00338@example.test,ACTIVE
600000339,Benchmark Customer 00339,benchmark.customer00339@example.test,ACTIVE
600000340,Benchmark Customer 00340,benchmark.customer00340@example.test,ACTIVE
600000341,Benchmark Customer 00341,benchmark.customer00341@example.test,ACTIVE
600000342,Benchmark Customer 00342,benchmark.customer00342@example.test,ACTIVE
600000343,Benchmark Customer 00343,benchmark.customer00343@example.test,ACTIVE
600000344,Benchmark Customer 00344,benchmark.customer00344@example.test,ACTIVE
600000345,Benchmark Customer 00345,benchmark.customer00345@example.test,ACTIVE
600000346,Benchmark Customer 00346,benchmark.customer00346@example.test,ACTIVE
600000347,Benchmark Customer 00347,benchmark.customer00347@example.test,ACTIVE
600000348,Benchmark Customer 00348,benchmark.customer00348@example.test,ACTIVE
600000349,Benchmark Customer 00349,benchmark.customer00349@example.test,ACTIVE
600000350,Benchmark Customer 00350,benchmark.customer00350@example.test,ACTIVE
600000351,Benchmark Customer 00351,benchmark.customer00351@example.test,ACTIVE
600000352,Benchmark Customer 00352,benchmark.customer00352@example.test,ACTIVE
600000353,Benchmark Customer 00353,benchmark.customer00353@example.test,ACTIVE
600000354,Benchmark Customer 00354,benchmark.customer00354@example.test,ACTIVE
600000355,Benchmark Customer 00355,benchmark.customer00355@example.test,ACTIVE
600000356,Benchmark Customer 00356,benchmark.customer00356@example.test,ACTIVE
600000357,Benchmark Customer 00357,benchmark.customer00357@example.test,ACTIVE
600000358,Benchmark Customer 00358,benchmark.customer00358@example.test,ACTIVE
600000359,Benchmark Customer 00359,benchmark.customer00359@example.test,ACTIVE
600000360,Benchmark Customer 00360,benchmark.customer00360@example.test,ACTIVE
600000361,Benchmark Customer 00361,benchmark.customer00361@example.test,ACTIVE
600000362,Benchmark Customer 00362,benchmark.customer00362@example.test,ACTIVE
600000363,Benchmark Customer 00363,benchmark.customer00363@example.test,ACTIVE
600000364,Benchmark Customer 00364,benchmark.customer00364@example.test,ACTIVE
600000365,Benchmark Customer 00365,benchmark.customer00365@example.test,ACTIVE
600000366,Benchmark Customer 00366,benchmark.customer00366@example.test,ACTIVE
600000367,Benchmark Customer 00367,benchmark.customer00367@example.test,ACTIVE
600000368,Benchmark Customer 00368,benchmark.customer00368@example.test,ACTIVE
600000369,Benchmark Customer 00369,benchmark.customer00369@example.test,ACTIVE
600000370,Benchmark Customer 00370,benchmark.customer00370@example.test,ACTIVE
600000371,Benchmark Customer 00371,benchmark.customer00371@example.test,ACTIVE
600000372,Benchmark Customer 00372,benchmark.customer00372@example.test,ACTIVE
600000373,Benchmark Customer 00373,benchmark.customer00373@example.test,ACTIVE
600000374,Benchmark Customer 00374,benchmark.customer00374@example.test,ACTIVE
600000375,Benchmark Customer 00375,benchmark.customer00375@example.test,ACTIVE
600000376,Benchmark Customer 00376,benchmark.customer00376@example.test,ACTIVE
600000377,Benchmark Customer 00377,benchmark.customer00377@example.test,ACTIVE
600000378,Benchmark Customer 00378,benchmark.customer00378@example.test,ACTIVE
600000379,Benchmark Customer 00379,benchmark.customer00379@example.test,ACTIVE
600000380,Benchmark Customer 00380,benchmark.customer00380@example.test,ACTIVE
600000381,Benchmark Customer 00381,benchmark.customer00381@example.test,ACTIVE
600000382,Benchmark Customer 00382,benchmark.customer00382@example.test,ACTIVE
600000383,Benchmark Customer 00383,benchmark.customer00383@example.test,ACTIVE
600000384,Benchmark Customer 00384,benchmark.customer00384@example.test,ACTIVE
600000385,Benchmark Customer 00385,benchmark.customer00385@example.test,ACTIVE
600000386,Benchmark Customer 00386,benchmark.customer00386@example.test,ACTIVE
600000387,Benchmark Customer 00387,benchmark.customer00387@example.test,ACTIVE
600000388,Benchmark Customer 00388,benchmark.customer00388@example.test,ACTIVE
600000389,Benchmark Customer 00389,benchmark.customer00389@example.test,ACTIVE
600000390,Benchmark Customer 00390,benchmark.customer00390@example.test,ACTIVE
600000391,Benchmark Customer 00391,benchmark.customer00391@example.test,ACTIVE
600000392,Benchmark Customer 00392,benchmark.customer00392@example.test,ACTIVE
600000393,Benchmark Customer 00393,benchmark.customer00393@example.test,ACTIVE
600000394,Benchmark Customer 00394,benchmark.customer00394@example.test,ACTIVE
600000395,Benchmark Customer 00395,benchmark.customer00395@example.test,ACTIVE
600000396,Benchmark Customer 00396,benchmark.customer00396@example.test,ACTIVE
600000397,Benchmark Customer 00397,benchmark.customer00397@example.test,ACTIVE
600000398,Benchmark Customer 00398,benchmark.customer00398@example.test,ACTIVE
600000399,Benchmark Customer 00399,benchmark.customer00399@example.test,ACTIVE
600000400,Benchmark Customer 00400,benchmark.customer00400@example.test,ACTIVE
600000401,Benchmark Customer 00401,benchmark.customer00401@example.test,ACTIVE
600000402,Benchmark Customer 00402,benchmark.customer00402@example.test,ACTIVE
600000403,Benchmark Customer 00403,benchmark.customer00403@example.test,ACTIVE
600000404,Benchmark Customer 00404,benchmark.customer00404@example.test,ACTIVE
600000405,Benchmark Customer 00405,benchmark.customer00405@example.test,ACTIVE
600000406,Benchmark Customer 00406,benchmark.customer00406@example.test,ACTIVE
600000407,Benchmark Customer 00407,benchmark.customer00407@example.test,ACTIVE
600000408,Benchmark Customer 00408,benchmark.customer00408@example.test,ACTIVE
600000409,Benchmark Customer 00409,benchmark.customer00409@example.test,ACTIVE
600000410,Benchmark Customer 00410,benchmark.customer00410@example.test,ACTIVE
600000411,Benchmark Customer 00411,benchmark.customer00411@example.test,ACTIVE
600000412,Benchmark Customer 00412,benchmark.customer00412@example.test,ACTIVE
600000413,Benchmark Customer 00413,benchmark.customer00413@example.test,ACTIVE
600000414,Benchmark Customer 00414,benchmark.customer00414@example.test,ACTIVE
600000415,Benchmark Customer 00415,benchmark.customer00415@example.test,ACTIVE
600000416,Benchmark Customer 00416,benchmark.customer00416@example.test,ACTIVE
600000417,Benchmark Customer 00417,benchmark.customer00417@example.test,ACTIVE
600000418,Benchmark Customer 00418,benchmark.customer00418@example.test,ACTIVE
600000419,Benchmark Customer 00419,benchmark.customer00419@example.test,ACTIVE
600000420,Benchmark Customer 00420,benchmark.customer00420@example.test,ACTIVE
600000421,Benchmark Customer 00421,benchmark.customer00421@example.test,ACTIVE
600000422,Benchmark Customer 00422,benchmark.customer00422@example.test,ACTIVE
600000423,Benchmark Customer 00423,benchmark.customer00423@example.test,ACTIVE
600000424,Benchmark Customer 00424,benchmark.customer00424@example.test,ACTIVE
600000425,Benchmark Customer 00425,benchmark.customer00425@example.test,ACTIVE
600000426,Benchmark Customer 00426,benchmark.customer00426@example.test,ACTIVE
600000427,Benchmark Customer 00427,benchmark.customer00427@example.test,ACTIVE
600000428,Benchmark Customer 00428,benchmark.customer00428@example.test,ACTIVE
600000429,Benchmark Customer 00429,benchmark.customer00429@example.test,ACTIVE
600000430,Benchmark Customer 00430,benchmark.customer00430@example.test,ACTIVE
600000431,Benchmark Customer 00431,benchmark.customer00431@example.test,ACTIVE
600000432,Benchmark Customer 00432,benchmark.customer00432@example.test,ACTIVE
600000433,Benchmark Customer 00433,benchmark.customer00433@example.test,ACTIVE
600000434,Benchmark Customer 00434,benchmark.customer00434@example.test,ACTIVE
600000435,Benchmark Customer 00435,benchmark.customer00435@example.test,ACTIVE
600000436,Benchmark Customer 00436,benchmark.customer00436@example.test,ACTIVE
600000437,Benchmark Customer 00437,benchmark.customer00437@example.test,ACTIVE
600000438,Benchmark Customer 00438,benchmark.customer00438@example.test,ACTIVE
600000439,Benchmark Customer 00439,benchmark.customer00439@example.test,ACTIVE
600000440,Benchmark Customer 00440,benchmark.customer00440@example.test,ACTIVE
600000441,Benchmark Customer 00441,benchmark.customer00441@example.test,ACTIVE
600000442,Benchmark Customer 00442,benchmark.customer00442@example.test,ACTIVE
600000443,Benchmark Customer 00443,benchmark.customer00443@example.test,ACTIVE
600000444,Benchmark Customer 00444,benchmark.customer00444@example.test,ACTIVE
600000445,Benchmark Customer 00445,benchmark.customer00445@example.test,ACTIVE
600000446,Benchmark Customer 00446,benchmark.customer00446@example.test,ACTIVE
600000447,Benchmark Customer 00447,benchmark.customer00447@example.test,ACTIVE
600000448,Benchmark Customer 00448,benchmark.customer00448@example.test,ACTIVE
600000449,Benchmark Customer 00449,benchmark.customer00449@example.test,ACTIVE
600000450,Benchmark Customer 00450,benchmark.customer00450@example.test,ACTIVE
600000451,Benchmark Customer 00451,benchmark.customer00451@example.test,ACTIVE
600000452,Benchmark Customer 00452,benchmark.customer00452@example.test,ACTIVE
600000453,Benchmark Customer 00453,benchmark.customer00453@example.test,ACTIVE
600000454,Benchmark Customer 00454,benchmark.customer00454@example.test,ACTIVE
600000455,Benchmark Customer 00455,benchmark.customer00455@example.test,ACTIVE
600000456,Benchmark Customer 00456,benchmark.customer00456@example.test,ACTIVE
600000457,Benchmark Customer 00457,benchmark.customer00457@example.test,ACTIVE
600000458,Benchmark Customer 00458,benchmark.customer00458@example.test,ACTIVE
600000459,Benchmark Customer 00459,benchmark.customer00459@example.test,ACTIVE
600000460,Benchmark Customer 00460,benchmark.customer00460@example.test,ACTIVE
600000461,Benchmark Customer 00461,benchmark.customer00461@example.test,ACTIVE
600000462,Benchmark Customer 00462,benchmark.customer00462@example.test,ACTIVE
600000463,Benchmark Customer 00463,benchmark.customer00463@example.test,ACTIVE
600000464,Benchmark Customer 00464,benchmark.customer00464@example.test,ACTIVE
600000465,Benchmark Customer 00465,benchmark.customer00465@example.test,ACTIVE
600000466,Benchmark Customer 00466,benchmark.customer00466@example.test,ACTIVE
600000467,Benchmark Customer 00467,benchmark.customer00467@example.test,ACTIVE
600000468,Benchmark Customer 00468,benchmark.customer00468@example.test,ACTIVE
600000469,Benchmark Customer 00469,benchmark.customer00469@example.test,ACTIVE
600000470,Benchmark Customer 00470,benchmark.customer00470@example.test,ACTIVE
600000471,Benchmark Customer 00471,benchmark.customer00471@example.test,ACTIVE
600000472,Benchmark Customer 00472,benchmark.customer00472@example.test,ACTIVE
600000473,Benchmark Customer 00473,benchmark.customer00473@example.test,ACTIVE
600000474,Benchmark Customer 00474,benchmark.customer00474@example.test,ACTIVE
600000475,Benchmark Customer 00475,benchmark.customer00475@example.test,ACTIVE
600000476,Benchmark Customer 00476,benchmark.customer00476@example.test,ACTIVE
600000477,Benchmark Customer 00477,benchmark.customer00477@example.test,ACTIVE
600000478,Benchmark Customer 00478,benchmark.customer00478@example.test,ACTIVE
600000479,Benchmark Customer 00479,benchmark.customer00479@example.test,ACTIVE
600000480,Benchmark Customer 00480,benchmark.customer00480@example.test,ACTIVE
600000481,Benchmark Customer 00481,benchmark.customer00481@example.test,ACTIVE
600000482,Benchmark Customer 00482,benchmark.customer00482@example.test,ACTIVE
600000483,Benchmark Customer 00483,benchmark.customer00483@example.test,ACTIVE
600000484,Benchmark Customer 00484,benchmark.customer00484@example.test,ACTIVE
600000485,Benchmark Customer 00485,benchmark.customer00485@example.test,ACTIVE
600000486,Benchmark Customer 00486,benchmark.customer00486@example.test,ACTIVE
600000487,Benchmark Customer 00487,benchmark.customer00487@example.test,ACTIVE
600000488,Benchmark Customer 00488,benchmark.customer00488@example.test,ACTIVE
600000489,Benchmark Customer 00489,benchmark.customer00489@example.test,ACTIVE
600000490,Benchmark Customer 00490,benchmark.customer00490@example.test,ACTIVE
600000491,Benchmark Customer 00491,benchmark.customer00491@example.test,ACTIVE
600000492,Benchmark Customer 00492,benchmark.customer00492@example.test,ACTIVE
600000493,Benchmark Customer 00493,benchmark.customer00493@example.test,ACTIVE
600000494,Benchmark Customer 00494,benchmark.customer00494@example.test,ACTIVE
600000495,Benchmark Customer 00495,benchmark.customer00495@example.test,ACTIVE
600000496,Benchmark Customer 00496,benchmark.customer00496@example.test,ACTIVE
600000497,Benchmark Customer 00497,benchmark.customer00497@example.test,ACTIVE
600000498,Benchmark Customer 00498,benchmark.customer00498@example.test,ACTIVE
600000499,Benchmark Customer 00499,benchmark.customer00499@example.test,ACTIVE
600000500,Benchmark Customer 00500,benchmark.customer00500@example.test,ACTIVE
600000501,Benchmark Customer 00501,benchmark.customer00501@example.test,ACTIVE
600000502,Benchmark Customer 00502,benchmark.customer00502@example.test,ACTIVE
600000503,Benchmark Customer 00503,benchmark.customer00503@example.test,ACTIVE
600000504,Benchmark Customer 00504,benchmark.customer00504@example.test,ACTIVE
600000505,Benchmark Customer 00505,benchmark.customer00505@example.test,ACTIVE
600000506,Benchmark Customer 00506,benchmark.customer00506@example.test,ACTIVE
600000507,Benchmark Customer 00507,benchmark.customer00507@example.test,ACTIVE
600000508,Benchmark Customer 00508,benchmark.customer00508@example.test,ACTIVE
600000509,Benchmark Customer 00509,benchmark.customer00509@example.test,ACTIVE
600000510,Benchmark Customer 00510,benchmark.customer00510@example.test,ACTIVE
600000511,Benchmark Customer 00511,benchmark.customer00511@example.test,ACTIVE
600000512,Benchmark Customer 00512,benchmark.customer00512@example.test,ACTIVE
600000513,Benchmark Customer 00513,benchmark.customer00513@example.test,ACTIVE
600000514,Benchmark Customer 00514,benchmark.customer00514@example.test,ACTIVE
600000515,Benchmark Customer 00515,benchmark.customer00515@example.test,ACTIVE
600000516,Benchmark Customer 00516,benchmark.customer00516@example.test,ACTIVE
600000517,Benchmark Customer 00517,benchmark.customer00517@example.test,ACTIVE
600000518,Benchmark Customer 00518,benchmark.customer00518@example.test,ACTIVE
600000519,Benchmark Customer 00519,benchmark.customer00519@example.test,ACTIVE
600000520,Benchmark Customer 00520,benchmark.customer00520@example.test,ACTIVE
600000521,Benchmark Customer 00521,benchmark.customer00521@example.test,ACTIVE
600000522,Benchmark Customer 00522,benchmark.customer00522@example.test,ACTIVE
600000523,Benchmark Customer 00523,benchmark.customer00523@example.test,ACTIVE
600000524,Benchmark Customer 00524,benchmark.customer00524@example.test,ACTIVE
600000525,Benchmark Customer 00525,benchmark.customer00525@example.test,ACTIVE
600000526,Benchmark Customer 00526,benchmark.customer00526@example.test,ACTIVE
600000527,Benchmark Customer 00527,benchmark.customer00527@example.test,ACTIVE
600000528,Benchmark Customer 00528,benchmark.customer00528@example.test,ACTIVE
600000529,Benchmark Customer 00529,benchmark.customer00529@example.test,ACTIVE
600000530,Benchmark Customer 00530,benchmark.customer00530@example.test,ACTIVE
600000531,Benchmark Customer 00531,benchmark.customer00531@example.test,ACTIVE
600000532,Benchmark Customer 00532,benchmark.customer00532@example.test,ACTIVE
600000533,Benchmark Customer 00533,benchmark.customer00533@example.test,ACTIVE
600000534,Benchmark Customer 00534,benchmark.customer00534@example.test,ACTIVE
600000535,Benchmark Customer 00535,benchmark.customer00535@example.test,ACTIVE
600000536,Benchmark Customer 00536,benchmark.customer00536@example.test,ACTIVE
600000537,Benchmark Customer 00537,benchmark.customer00537@example.test,ACTIVE
600000538,Benchmark Customer 00538,benchmark.customer00538@example.test,ACTIVE
600000539,Benchmark Customer 00539,benchmark.customer00539@example.test,ACTIVE
600000540,Benchmark Customer 00540,benchmark.customer00540@example.test,ACTIVE
600000541,Benchmark Customer 00541,benchmark.customer00541@example.test,ACTIVE
600000542,Benchmark Customer 00542,benchmark.customer00542@example.test,ACTIVE
600000543,Benchmark Customer 00543,benchmark.customer00543@example.test,ACTIVE
600000544,Benchmark Customer 00544,benchmark.customer00544@example.test,ACTIVE
600000545,Benchmark Customer 00545,benchmark.customer00545@example.test,ACTIVE
600000546,Benchmark Customer 00546,benchmark.customer00546@example.test,ACTIVE
600000547,Benchmark Customer 00547,benchmark.customer00547@example.test,ACTIVE
600000548,Benchmark Customer 00548,benchmark.customer00548@example.test,ACTIVE
600000549,Benchmark Customer 00549,benchmark.customer00549@example.test,ACTIVE
600000550,Benchmark Customer 00550,benchmark.customer00550@example.test,ACTIVE
600000551,Benchmark Customer 00551,benchmark.customer00551@example.test,ACTIVE
600000552,Benchmark Customer 00552,benchmark.customer00552@example.test,ACTIVE
600000553,Benchmark Customer 00553,benchmark.customer00553@example.test,ACTIVE
600000554,Benchmark Customer 00554,benchmark.customer00554@example.test,ACTIVE
600000555,Benchmark Customer 00555,benchmark.customer00555@example.test,ACTIVE
600000556,Benchmark Customer 00556,benchmark.customer00556@example.test,ACTIVE
600000557,Benchmark Customer 00557,benchmark.customer00557@example.test,ACTIVE
600000558,Benchmark Customer 00558,benchmark.customer00558@example.test,ACTIVE
600000559,Benchmark Customer 00559,benchmark.customer00559@example.test,ACTIVE
600000560,Benchmark Customer 00560,benchmark.customer00560@example.test,ACTIVE
600000561,Benchmark Customer 00561,benchmark.customer00561@example.test,ACTIVE
600000562,Benchmark Customer 00562,benchmark.customer00562@example.test,ACTIVE
600000563,Benchmark Customer 00563,benchmark.customer00563@example.test,ACTIVE
600000564,Benchmark Customer 00564,benchmark.customer00564@example.test,ACTIVE
600000565,Benchmark Customer 00565,benchmark.customer00565@example.test,ACTIVE
600000566,Benchmark Customer 00566,benchmark.customer00566@example.test,ACTIVE
600000567,Benchmark Customer 00567,benchmark.customer00567@example.test,ACTIVE
600000568,Benchmark Customer 00568,benchmark.customer00568@example.test,ACTIVE
600000569,Benchmark Customer 00569,benchmark.customer00569@example.test,ACTIVE
600000570,Benchmark Customer 00570,benchmark.customer00570@example.test,ACTIVE
600000571,Benchmark Customer 00571,benchmark.customer00571@example.test,ACTIVE
600000572,Benchmark Customer 00572,benchmark.customer00572@example.test,ACTIVE
600000573,Benchmark Customer 00573,benchmark.customer00573@example.test,ACTIVE
600000574,Benchmark Customer 00574,benchmark.customer00574@example.test,ACTIVE
600000575,Benchmark Customer 00575,benchmark.customer00575@example.test,ACTIVE
600000576,Benchmark Customer 00576,benchmark.customer00576@example.test,ACTIVE
600000577,Benchmark Customer 00577,benchmark.customer00577@example.test,ACTIVE
600000578,Benchmark Customer 00578,benchmark.customer00578@example.test,ACTIVE
600000579,Benchmark Customer 00579,benchmark.customer00579@example.test,ACTIVE
600000580,Benchmark Customer 00580,benchmark.customer00580@example.test,ACTIVE
600000581,Benchmark Customer 00581,benchmark.customer00581@example.test,ACTIVE
600000582,Benchmark Customer 00582,benchmark.customer00582@example.test,ACTIVE
600000583,Benchmark Customer 00583,benchmark.customer00583@example.test,ACTIVE
600000584,Benchmark Customer 00584,benchmark.customer00584@example.test,ACTIVE
600000585,Benchmark Customer 00585,benchmark.customer00585@example.test,ACTIVE
600000586,Benchmark Customer 00586,benchmark.customer00586@example.test,ACTIVE
600000587,Benchmark Customer 00587,benchmark.customer00587@example.test,ACTIVE
600000588,Benchmark Customer 00588,benchmark.customer00588@example.test,ACTIVE
600000589,Benchmark Customer 00589,benchmark.customer00589@example.test,ACTIVE
600000590,Benchmark Customer 00590,benchmark.customer00590@example.test,ACTIVE
600000591,Benchmark Customer 00591,benchmark.customer00591@example.test,ACTIVE
600000592,Benchmark Customer 00592,benchmark.customer00592@example.test,ACTIVE
600000593,Benchmark Customer 00593,benchmark.customer00593@example.test,ACTIVE
600000594,Benchmark Customer 00594,benchmark.customer00594@example.test,ACTIVE
600000595,Benchmark Customer 00595,benchmark.customer00595@example.test,ACTIVE
600000596,Benchmark Customer 00596,benchmark.customer00596@example.test,ACTIVE
600000597,Benchmark Customer 00597,benchmark.customer00597@example.test,ACTIVE
600000598,Benchmark Customer 00598,benchmark.customer00598@example.test,ACTIVE
600000599,Benchmark Customer 00599,benchmark.customer00599@example.test,ACTIVE
600000600,Benchmark Customer 00600,benchmark.customer00600@example.test,ACTIVE
600000601,Benchmark Customer 00601,benchmark.customer00601@example.test,ACTIVE
600000602,Benchmark Customer 00602,benchmark.customer00602@example.test,ACTIVE
600000603,Benchmark Customer 00603,benchmark.customer00603@example.test,ACTIVE
600000604,Benchmark Customer 00604,benchmark.customer00604@example.test,ACTIVE
600000605,Benchmark Customer 00605,benchmark.customer00605@example.test,ACTIVE
600000606,Benchmark Customer 00606,benchmark.customer00606@example.test,ACTIVE
600000607,Benchmark Customer 00607,benchmark.customer00607@example.test,ACTIVE
600000608,Benchmark Customer 00608,benchmark.customer00608@example.test,ACTIVE
600000609,Benchmark Customer 00609,benchmark.customer00609@example.test,ACTIVE
600000610,Benchmark Customer 00610,benchmark.customer00610@example.test,ACTIVE
600000611,Benchmark Customer 00611,benchmark.customer00611@example.test,ACTIVE
600000612,Benchmark Customer 00612,benchmark.customer00612@example.test,ACTIVE
600000613,Benchmark Customer 00613,benchmark.customer00613@example.test,ACTIVE
600000614,Benchmark Customer 00614,benchmark.customer00614@example.test,ACTIVE
600000615,Benchmark Customer 00615,benchmark.customer00615@example.test,ACTIVE
600000616,Benchmark Customer 00616,benchmark.customer00616@example.test,ACTIVE
600000617,Benchmark Customer 00617,benchmark.customer00617@example.test,ACTIVE
600000618,Benchmark Customer 00618,benchmark.customer00618@example.test,ACTIVE
600000619,Benchmark Customer 00619,benchmark.customer00619@example.test,ACTIVE
600000620,Benchmark Customer 00620,benchmark.customer00620@example.test,ACTIVE
600000621,Benchmark Customer 00621,benchmark.customer00621@example.test,ACTIVE
600000622,Benchmark Customer 00622,benchmark.customer00622@example.test,ACTIVE
600000623,Benchmark Customer 00623,benchmark.customer00623@example.test,ACTIVE
600000624,Benchmark Customer 00624,benchmark.customer00624@example.test,ACTIVE
600000625,Benchmark Customer 00625,benchmark.customer00625@example.test,ACTIVE
600000626,Benchmark Customer 00626,benchmark.customer00626@example.test,ACTIVE
600000627,Benchmark Customer 00627,benchmark.customer00627@example.test,ACTIVE
600000628,Benchmark Customer 00628,benchmark.customer00628@example.test,ACTIVE
600000629,Benchmark Customer 00629,benchmark.customer00629@example.test,ACTIVE
600000630,Benchmark Customer 00630,benchmark.customer00630@example.test,ACTIVE
600000631,Benchmark Customer 00631,benchmark.customer00631@example.test,ACTIVE
600000632,Benchmark Customer 00632,benchmark.customer00632@example.test,ACTIVE
600000633,Benchmark Customer 00633,benchmark.customer00633@example.test,ACTIVE
600000634,Benchmark Customer 00634,benchmark.customer00634@example.test,ACTIVE
600000635,Benchmark Customer 00635,benchmark.customer00635@example.test,ACTIVE
600000636,Benchmark Customer 00636,benchmark.customer00636@example.test,ACTIVE
600000637,Benchmark Customer 00637,benchmark.customer00637@example.test,ACTIVE
600000638,Benchmark Customer 00638,benchmark.customer00638@example.test,ACTIVE
600000639,Benchmark Customer 00639,benchmark.customer00639@example.test,ACTIVE
600000640,Benchmark Customer 00640,benchmark.customer00640@example.test,ACTIVE
600000641,Benchmark Customer 00641,benchmark.customer00641@example.test,ACTIVE
600000642,Benchmark Customer 00642,benchmark.customer00642@example.test,ACTIVE
600000643,Benchmark Customer 00643,benchmark.customer00643@example.test,ACTIVE
600000644,Benchmark Customer 00644,benchmark.customer00644@example.test,ACTIVE
600000645,Benchmark Customer 00645,benchmark.customer00645@example.test,ACTIVE
600000646,Benchmark Customer 00646,benchmark.customer00646@example.test,ACTIVE
600000647,Benchmark Customer 00647,benchmark.customer00647@example.test,ACTIVE
600000648,Benchmark Customer 00648,benchmark.customer00648@example.test,ACTIVE
600000649,Benchmark Customer 00649,benchmark.customer00649@example.test,ACTIVE
600000650,Benchmark Customer 00650,benchmark.customer00650@example.test,ACTIVE
600000651,Benchmark Customer 00651,benchmark.customer00651@example.test,ACTIVE
600000652,Benchmark Customer 00652,benchmark.customer00652@example.test,ACTIVE
600000653,Benchmark Customer 00653,benchmark.customer00653@example.test,ACTIVE
600000654,Benchmark Customer 00654,benchmark.customer00654@example.test,ACTIVE
600000655,Benchmark Customer 00655,benchmark.customer00655@example.test,ACTIVE
600000656,Benchmark Customer 00656,benchmark.customer00656@example.test,ACTIVE
600000657,Benchmark Customer 00657,benchmark.customer00657@example.test,ACTIVE
600000658,Benchmark Customer 00658,benchmark.customer00658@example.test,ACTIVE
600000659,Benchmark Customer 00659,benchmark.customer00659@example.test,ACTIVE
600000660,Benchmark Customer 00660,benchmark.customer00660@example.test,ACTIVE
600000661,Benchmark Customer 00661,benchmark.customer00661@example.test,ACTIVE
600000662,Benchmark Customer 00662,benchmark.customer00662@example.test,ACTIVE
600000663,Benchmark Customer 00663,benchmark.customer00663@example.test,ACTIVE
600000664,Benchmark Customer 00664,benchmark.customer00664@example.test,ACTIVE
600000665,Benchmark Customer 00665,benchmark.customer00665@example.test,ACTIVE
600000666,Benchmark Customer 00666,benchmark.customer00666@example.test,ACTIVE
600000667,Benchmark Customer 00667,benchmark.customer00667@example.test,ACTIVE
600000668,Benchmark Customer 00668,benchmark.customer00668@example.test,ACTIVE
600000669,Benchmark Customer 00669,benchmark.customer00669@example.test,ACTIVE
600000670,Benchmark Customer 00670,benchmark.customer00670@example.test,ACTIVE
600000671,Benchmark Customer 00671,benchmark.customer00671@example.test,ACTIVE
600000672,Benchmark Customer 00672,benchmark.customer00672@example.test,ACTIVE
600000673,Benchmark Customer 00673,benchmark.customer00673@example.test,ACTIVE
600000674,Benchmark Customer 00674,benchmark.customer00674@example.test,ACTIVE
600000675,Benchmark Customer 00675,benchmark.customer00675@example.test,ACTIVE
600000676,Benchmark Customer 00676,benchmark.customer00676@example.test,ACTIVE
600000677,Benchmark Customer 00677,benchmark.customer00677@example.test,ACTIVE
600000678,Benchmark Customer 00678,benchmark.customer00678@example.test,ACTIVE
600000679,Benchmark Customer 00679,benchmark.customer00679@example.test,ACTIVE
600000680,Benchmark Customer 00680,benchmark.customer00680@example.test,ACTIVE
600000681,Benchmark Customer 00681,benchmark.customer00681@example.test,ACTIVE
600000682,Benchmark Customer 00682,benchmark.customer00682@example.test,ACTIVE
600000683,Benchmark Customer 00683,benchmark.customer00683@example.test,ACTIVE
600000684,Benchmark Customer 00684,benchmark.customer00684@example.test,ACTIVE
600000685,Benchmark Customer 00685,benchmark.customer00685@example.test,ACTIVE
600000686,Benchmark Customer 00686,benchmark.customer00686@example.test,ACTIVE
600000687,Benchmark Customer 00687,benchmark.customer00687@example.test,ACTIVE
600000688,Benchmark Customer 00688,benchmark.customer00688@example.test,ACTIVE
600000689,Benchmark Customer 00689,benchmark.customer00689@example.test,ACTIVE
600000690,Benchmark Customer 00690,benchmark.customer00690@example.test,ACTIVE
600000691,Benchmark Customer 00691,benchmark.customer00691@example.test,ACTIVE
600000692,Benchmark Customer 00692,benchmark.customer00692@example.test,ACTIVE
600000693,Benchmark Customer 00693,benchmark.customer00693@example.test,ACTIVE
600000694,Benchmark Customer 00694,benchmark.customer00694@example.test,ACTIVE
600000695,Benchmark Customer 00695,benchmark.customer00695@example.test,ACTIVE
600000696,Benchmark Customer 00696,benchmark.customer00696@example.test,ACTIVE
600000697,Benchmark Customer 00697,benchmark.customer00697@example.test,ACTIVE
600000698,Benchmark Customer 00698,benchmark.customer00698@example.test,ACTIVE
600000699,Benchmark Customer 00699,benchmark.customer00699@example.test,ACTIVE
600000700,Benchmark Customer 00700,benchmark.customer00700@example.test,ACTIVE
600000701,Benchmark Customer 00701,benchmark.customer00701@example.test,ACTIVE
600000702,Benchmark Customer 00702,benchmark.customer00702@example.test,ACTIVE
600000703,Benchmark Customer 00703,benchmark.customer00703@example.test,ACTIVE
600000704,Benchmark Customer 00704,benchmark.customer00704@example.test,ACTIVE
600000705,Benchmark Customer 00705,benchmark.customer00705@example.test,ACTIVE
600000706,Benchmark Customer 00706,benchmark.customer00706@example.test,ACTIVE
600000707,Benchmark Customer 00707,benchmark.customer00707@example.test,ACTIVE
600000708,Benchmark Customer 00708,benchmark.customer00708@example.test,ACTIVE
600000709,Benchmark Customer 00709,benchmark.customer00709@example.test,ACTIVE
600000710,Benchmark Customer 00710,benchmark.customer00710@example.test,ACTIVE
600000711,Benchmark Customer 00711,benchmark.customer00711@example.test,ACTIVE
600000712,Benchmark Customer 00712,benchmark.customer00712@example.test,ACTIVE
600000713,Benchmark Customer 00713,benchmark.customer00713@example.test,ACTIVE
600000714,Benchmark Customer 00714,benchmark.customer00714@example.test,ACTIVE
600000715,Benchmark Customer 00715,benchmark.customer00715@example.test,ACTIVE
600000716,Benchmark Customer 00716,benchmark.customer00716@example.test,ACTIVE
600000717,Benchmark Customer 00717,benchmark.customer00717@example.test,ACTIVE
600000718,Benchmark Customer 00718,benchmark.customer00718@example.test,ACTIVE
600000719,Benchmark Customer 00719,benchmark.customer00719@example.test,ACTIVE
600000720,Benchmark Customer 00720,benchmark.customer00720@example.test,ACTIVE
600000721,Benchmark Customer 00721,benchmark.customer00721@example.test,ACTIVE
600000722,Benchmark Customer 00722,benchmark.customer00722@example.test,ACTIVE
600000723,Benchmark Customer 00723,benchmark.customer00723@example.test,ACTIVE
600000724,Benchmark Customer 00724,benchmark.customer00724@example.test,ACTIVE
600000725,Benchmark Customer 00725,benchmark.customer00725@example.test,ACTIVE
600000726,Benchmark Customer 00726,benchmark.customer00726@example.test,ACTIVE
600000727,Benchmark Customer 00727,benchmark.customer00727@example.test,ACTIVE
600000728,Benchmark Customer 00728,benchmark.customer00728@example.test,ACTIVE
600000729,Benchmark Customer 00729,benchmark.customer00729@example.test,ACTIVE
600000730,Benchmark Customer 00730,benchmark.customer00730@example.test,ACTIVE
600000731,Benchmark Customer 00731,benchmark.customer00731@example.test,ACTIVE
600000732,Benchmark Customer 00732,benchmark.customer00732@example.test,ACTIVE
600000733,Benchmark Customer 00733,benchmark.customer00733@example.test,ACTIVE
600000734,Benchmark Customer 00734,benchmark.customer00734@example.test,ACTIVE
600000735,Benchmark Customer 00735,benchmark.customer00735@example.test,ACTIVE
600000736,Benchmark Customer 00736,benchmark.customer00736@example.test,ACTIVE
600000737,Benchmark Customer 00737,benchmark.customer00737@example.test,ACTIVE
600000738,Benchmark Customer 00738,benchmark.customer00738@example.test,ACTIVE
600000739,Benchmark Customer 00739,benchmark.customer00739@example.test,ACTIVE
600000740,Benchmark Customer 00740,benchmark.customer00740@example.test,ACTIVE
600000741,Benchmark Customer 00741,benchmark.customer00741@example.test,ACTIVE
600000742,Benchmark Customer 00742,benchmark.customer00742@example.test,ACTIVE
600000743,Benchmark Customer 00743,benchmark.customer00743@example.test,ACTIVE
600000744,Benchmark Customer 00744,benchmark.customer00744@example.test,ACTIVE
600000745,Benchmark Customer 00745,benchmark.customer00745@example.test,ACTIVE
600000746,Benchmark Customer 00746,benchmark.customer00746@example.test,ACTIVE
600000747,Benchmark Customer 00747,benchmark.customer00747@example.test,ACTIVE
600000748,Benchmark Customer 00748,benchmark.customer00748@example.test,ACTIVE
600000749,Benchmark Customer 00749,benchmark.customer00749@example.test,ACTIVE
600000750,Benchmark Customer 00750,benchmark.customer00750@example.test,ACTIVE
600000751,Benchmark Customer 00751,benchmark.customer00751@example.test,ACTIVE
600000752,Benchmark Customer 00752,benchmark.customer00752@example.test,ACTIVE
600000753,Benchmark Customer 00753,benchmark.customer00753@example.test,ACTIVE
600000754,Benchmark Customer 00754,benchmark.customer00754@example.test,ACTIVE
600000755,Benchmark Customer 00755,benchmark.customer00755@example.test,ACTIVE
600000756,Benchmark Customer 00756,benchmark.customer00756@example.test,ACTIVE
600000757,Benchmark Customer 00757,benchmark.customer00757@example.test,ACTIVE
600000758,Benchmark Customer 00758,benchmark.customer00758@example.test,ACTIVE
600000759,Benchmark Customer 00759,benchmark.customer00759@example.test,ACTIVE
600000760,Benchmark Customer 00760,benchmark.customer00760@example.test,ACTIVE
600000761,Benchmark Customer 00761,benchmark.customer00761@example.test,ACTIVE
600000762,Benchmark Customer 00762,benchmark.customer00762@example.test,ACTIVE
600000763,Benchmark Customer 00763,benchmark.customer00763@example.test,ACTIVE
600000764,Benchmark Customer 00764,benchmark.customer00764@example.test,ACTIVE
600000765,Benchmark Customer 00765,benchmark.customer00765@example.test,ACTIVE
600000766,Benchmark Customer 00766,benchmark.customer00766@example.test,ACTIVE
600000767,Benchmark Customer 00767,benchmark.customer00767@example.test,ACTIVE
600000768,Benchmark Customer 00768,benchmark.customer00768@example.test,ACTIVE
600000769,Benchmark Customer 00769,benchmark.customer00769@example.test,ACTIVE
600000770,Benchmark Customer 00770,benchmark.customer00770@example.test,ACTIVE
600000771,Benchmark Customer 00771,benchmark.customer00771@example.test,ACTIVE
600000772,Benchmark Customer 00772,benchmark.customer00772@example.test,ACTIVE
600000773,Benchmark Customer 00773,benchmark.customer00773@example.test,ACTIVE
600000774,Benchmark Customer 00774,benchmark.customer00774@example.test,ACTIVE
600000775,Benchmark Customer 00775,benchmark.customer00775@example.test,ACTIVE
600000776,Benchmark Customer 00776,benchmark.customer00776@example.test,ACTIVE
600000777,Benchmark Customer 00777,benchmark.customer00777@example.test,ACTIVE
600000778,Benchmark Customer 00778,benchmark.customer00778@example.test,ACTIVE
600000779,Benchmark Customer 00779,benchmark.customer00779@example.test,ACTIVE
600000780,Benchmark Customer 00780,benchmark.customer00780@example.test,ACTIVE
600000781,Benchmark Customer 00781,benchmark.customer00781@example.test,ACTIVE
600000782,Benchmark Customer 00782,benchmark.customer00782@example.test,ACTIVE
600000783,Benchmark Customer 00783,benchmark.customer00783@example.test,ACTIVE
600000784,Benchmark Customer 00784,benchmark.customer00784@example.test,ACTIVE
600000785,Benchmark Customer 00785,benchmark.customer00785@example.test,ACTIVE
600000786,Benchmark Customer 00786,benchmark.customer00786@example.test,ACTIVE
600000787,Benchmark Customer 00787,benchmark.customer00787@example.test,ACTIVE
600000788,Benchmark Customer 00788,benchmark.customer00788@example.test,ACTIVE
600000789,Benchmark Customer 00789,benchmark.customer00789@example.test,ACTIVE
600000790,Benchmark Customer 00790,benchmark.customer00790@example.test,ACTIVE
600000791,Benchmark Customer 00791,benchmark.customer00791@example.test,ACTIVE
600000792,Benchmark Customer 00792,benchmark.customer00792@example.test,ACTIVE
600000793,Benchmark Customer 00793,benchmark.customer00793@example.test,ACTIVE
600000794,Benchmark Customer 00794,benchmark.customer00794@example.test,ACTIVE
600000795,Benchmark Customer 00795,benchmark.customer00795@example.test,ACTIVE
600000796,Benchmark Customer 00796,benchmark.customer00796@example.test,ACTIVE
600000797,Benchmark Customer 00797,benchmark.customer00797@example.test,ACTIVE
600000798,Benchmark Customer 00798,benchmark.customer00798@example.test,ACTIVE
600000799,Benchmark Customer 00799,benchmark.customer00799@example.test,ACTIVE
600000800,Benchmark Customer 00800,benchmark.customer00800@example.test,ACTIVE
600000801,Benchmark Customer 00801,benchmark.customer00801@example.test,ACTIVE
600000802,Benchmark Customer 00802,benchmark.customer00802@example.test,ACTIVE
600000803,Benchmark Customer 00803,benchmark.customer00803@example.test,ACTIVE
600000804,Benchmark Customer 00804,benchmark.customer00804@example.test,ACTIVE
600000805,Benchmark Customer 00805,benchmark.customer00805@example.test,ACTIVE
600000806,Benchmark Customer 00806,benchmark.customer00806@example.test,ACTIVE
600000807,Benchmark Customer 00807,benchmark.customer00807@example.test,ACTIVE
600000808,Benchmark Customer 00808,benchmark.customer00808@example.test,ACTIVE
600000809,Benchmark Customer 00809,benchmark.customer00809@example.test,ACTIVE
600000810,Benchmark Customer 00810,benchmark.customer00810@example.test,ACTIVE
600000811,Benchmark Customer 00811,benchmark.customer00811@example.test,ACTIVE
600000812,Benchmark Customer 00812,benchmark.customer00812@example.test,ACTIVE
600000813,Benchmark Customer 00813,benchmark.customer00813@example.test,ACTIVE
600000814,Benchmark Customer 00814,benchmark.customer00814@example.test,ACTIVE
600000815,Benchmark Customer 00815,benchmark.customer00815@example.test,ACTIVE
600000816,Benchmark Customer 00816,benchmark.customer00816@example.test,ACTIVE
600000817,Benchmark Customer 00817,benchmark.customer00817@example.test,ACTIVE
600000818,Benchmark Customer 00818,benchmark.customer00818@example.test,ACTIVE
600000819,Benchmark Customer 00819,benchmark.customer00819@example.test,ACTIVE
600000820,Benchmark Customer 00820,benchmark.customer00820@example.test,ACTIVE
600000821,Benchmark Customer 00821,benchmark.customer00821@example.test,ACTIVE
600000822,Benchmark Customer 00822,benchmark.customer00822@example.test,ACTIVE
600000823,Benchmark Customer 00823,benchmark.customer00823@example.test,ACTIVE
600000824,Benchmark Customer 00824,benchmark.customer00824@example.test,ACTIVE
600000825,Benchmark Customer 00825,benchmark.customer00825@example.test,ACTIVE
600000826,Benchmark Customer 00826,benchmark.customer00826@example.test,ACTIVE
600000827,Benchmark Customer 00827,benchmark.customer00827@example.test,ACTIVE
600000828,Benchmark Customer 00828,benchmark.customer00828@example.test,ACTIVE
600000829,Benchmark Customer 00829,benchmark.customer00829@example.test,ACTIVE
600000830,Benchmark Customer 00830,benchmark.customer00830@example.test,ACTIVE
600000831,Benchmark Customer 00831,benchmark.customer00831@example.test,ACTIVE
600000832,Benchmark Customer 00832,benchmark.customer00832@example.test,ACTIVE
600000833,Benchmark Customer 00833,benchmark.customer00833@example.test,ACTIVE
600000834,Benchmark Customer 00834,benchmark.customer00834@example.test,ACTIVE
600000835,Benchmark Customer 00835,benchmark.customer00835@example.test,ACTIVE
600000836,Benchmark Customer 00836,benchmark.customer00836@example.test,ACTIVE
600000837,Benchmark Customer 00837,benchmark.customer00837@example.test,ACTIVE
600000838,Benchmark Customer 00838,benchmark.customer00838@example.test,ACTIVE
600000839,Benchmark Customer 00839,benchmark.customer00839@example.test,ACTIVE
600000840,Benchmark Customer 00840,benchmark.customer00840@example.test,ACTIVE
600000841,Benchmark Customer 00841,benchmark.customer00841@example.test,ACTIVE
600000842,Benchmark Customer 00842,benchmark.customer00842@example.test,ACTIVE
600000843,Benchmark Customer 00843,benchmark.customer00843@example.test,ACTIVE
600000844,Benchmark Customer 00844,benchmark.customer00844@example.test,ACTIVE
600000845,Benchmark Customer 00845,benchmark.customer00845@example.test,ACTIVE
600000846,Benchmark Customer 00846,benchmark.customer00846@example.test,ACTIVE
600000847,Benchmark Customer 00847,benchmark.customer00847@example.test,ACTIVE
600000848,Benchmark Customer 00848,benchmark.customer00848@example.test,ACTIVE
600000849,Benchmark Customer 00849,benchmark.customer00849@example.test,ACTIVE
600000850,Benchmark Customer 00850,benchmark.customer00850@example.test,ACTIVE
600000851,Benchmark Customer 00851,benchmark.customer00851@example.test,ACTIVE
600000852,Benchmark Customer 00852,benchmark.customer00852@example.test,ACTIVE
600000853,Benchmark Customer 00853,benchmark.customer00853@example.test,ACTIVE
600000854,Benchmark Customer 00854,benchmark.customer00854@example.test,ACTIVE
600000855,Benchmark Customer 00855,benchmark.customer00855@example.test,ACTIVE
600000856,Benchmark Customer 00856,benchmark.customer00856@example.test,ACTIVE
600000857,Benchmark Customer 00857,benchmark.customer00857@example.test,ACTIVE
600000858,Benchmark Customer 00858,benchmark.customer00858@example.test,ACTIVE
600000859,Benchmark Customer 00859,benchmark.customer00859@example.test,ACTIVE
600000860,Benchmark Customer 00860,benchmark.customer00860@example.test,ACTIVE
600000861,Benchmark Customer 00861,benchmark.customer00861@example.test,ACTIVE
600000862,Benchmark Customer 00862,benchmark.customer00862@example.test,ACTIVE
600000863,Benchmark Customer 00863,benchmark.customer00863@example.test,ACTIVE
600000864,Benchmark Customer 00864,benchmark.customer00864@example.test,ACTIVE
600000865,Benchmark Customer 00865,benchmark.customer00865@example.test,ACTIVE
600000866,Benchmark Customer 00866,benchmark.customer00866@example.test,ACTIVE
600000867,Benchmark Customer 00867,benchmark.customer00867@example.test,ACTIVE
600000868,Benchmark Customer 00868,benchmark.customer00868@example.test,ACTIVE
600000869,Benchmark Customer 00869,benchmark.customer00869@example.test,ACTIVE
600000870,Benchmark Customer 00870,benchmark.customer00870@example.test,ACTIVE
600000871,Benchmark Customer 00871,benchmark.customer00871@example.test,ACTIVE
600000872,Benchmark Customer 00872,benchmark.customer00872@example.test,ACTIVE
600000873,Benchmark Customer 00873,benchmark.customer00873@example.test,ACTIVE
600000874,Benchmark Customer 00874,benchmark.customer00874@example.test,ACTIVE
600000875,Benchmark Customer 00875,benchmark.customer00875@example.test,ACTIVE
600000876,Benchmark Customer 00876,benchmark.customer00876@example.test,ACTIVE
600000877,Benchmark Customer 00877,benchmark.customer00877@example.test,ACTIVE
600000878,Benchmark Customer 00878,benchmark.customer00878@example.test,ACTIVE
600000879,Benchmark Customer 00879,benchmark.customer00879@example.test,ACTIVE
600000880,Benchmark Customer 00880,benchmark.customer00880@example.test,ACTIVE
600000881,Benchmark Customer 00881,benchmark.customer00881@example.test,ACTIVE
600000882,Benchmark Customer 00882,benchmark.customer00882@example.test,ACTIVE
600000883,Benchmark Customer 00883,benchmark.customer00883@example.test,ACTIVE
600000884,Benchmark Customer 00884,benchmark.customer00884@example.test,ACTIVE
600000885,Benchmark Customer 00885,benchmark.customer00885@example.test,ACTIVE
600000886,Benchmark Customer 00886,benchmark.customer00886@example.test,ACTIVE
600000887,Benchmark Customer 00887,benchmark.customer00887@example.test,ACTIVE
600000888,Benchmark Customer 00888,benchmark.customer00888@example.test,ACTIVE
600000889,Benchmark Customer 00889,benchmark.customer00889@example.test,ACTIVE
600000890,Benchmark Customer 00890,benchmark.customer00890@example.test,ACTIVE
600000891,Benchmark Customer 00891,benchmark.customer00891@example.test,ACTIVE
600000892,Benchmark Customer 00892,benchmark.customer00892@example.test,ACTIVE
600000893,Benchmark Customer 00893,benchmark.customer00893@example.test,ACTIVE
600000894,Benchmark Customer 00894,benchmark.customer00894@example.test,ACTIVE
600000895,Benchmark Customer 00895,benchmark.customer00895@example.test,ACTIVE
600000896,Benchmark Customer 00896,benchmark.customer00896@example.test,ACTIVE
600000897,Benchmark Customer 00897,benchmark.customer00897@example.test,ACTIVE
600000898,Benchmark Customer 00898,benchmark.customer00898@example.test,ACTIVE
600000899,Benchmark Customer 00899,benchmark.customer00899@example.test,ACTIVE
600000900,Benchmark Customer 00900,benchmark.customer00900@example.test,ACTIVE
600000901,Benchmark Customer 00901,benchmark.customer00901@example.test,ACTIVE
600000902,Benchmark Customer 00902,benchmark.customer00902@example.test,ACTIVE
600000903,Benchmark Customer 00903,benchmark.customer00903@example.test,ACTIVE
600000904,Benchmark Customer 00904,benchmark.customer00904@example.test,ACTIVE
600000905,Benchmark Customer 00905,benchmark.customer00905@example.test,ACTIVE
600000906,Benchmark Customer 00906,benchmark.customer00906@example.test,ACTIVE
600000907,Benchmark Customer 00907,benchmark.customer00907@example.test,ACTIVE
600000908,Benchmark Customer 00908,benchmark.customer00908@example.test,ACTIVE
600000909,Benchmark Customer 00909,benchmark.customer00909@example.test,ACTIVE
600000910,Benchmark Customer 00910,benchmark.customer00910@example.test,ACTIVE
600000911,Benchmark Customer 00911,benchmark.customer00911@example.test,ACTIVE
600000912,Benchmark Customer 00912,benchmark.customer00912@example.test,ACTIVE
600000913,Benchmark Customer 00913,benchmark.customer00913@example.test,ACTIVE
600000914,Benchmark Customer 00914,benchmark.customer00914@example.test,ACTIVE
600000915,Benchmark Customer 00915,benchmark.customer00915@example.test,ACTIVE
600000916,Benchmark Customer 00916,benchmark.customer00916@example.test,ACTIVE
600000917,Benchmark Customer 00917,benchmark.customer00917@example.test,ACTIVE
600000918,Benchmark Customer 00918,benchmark.customer00918@example.test,ACTIVE
600000919,Benchmark Customer 00919,benchmark.customer00919@example.test,ACTIVE
600000920,Benchmark Customer 00920,benchmark.customer00920@example.test,ACTIVE
600000921,Benchmark Customer 00921,benchmark.customer00921@example.test,ACTIVE
600000922,Benchmark Customer 00922,benchmark.customer00922@example.test,ACTIVE
600000923,Benchmark Customer 00923,benchmark.customer00923@example.test,ACTIVE
600000924,Benchmark Customer 00924,benchmark.customer00924@example.test,ACTIVE
600000925,Benchmark Customer 00925,benchmark.customer00925@example.test,ACTIVE
600000926,Benchmark Customer 00926,benchmark.customer00926@example.test,ACTIVE
600000927,Benchmark Customer 00927,benchmark.customer00927@example.test,ACTIVE
600000928,Benchmark Customer 00928,benchmark.customer00928@example.test,ACTIVE
600000929,Benchmark Customer 00929,benchmark.customer00929@example.test,ACTIVE
600000930,Benchmark Customer 00930,benchmark.customer00930@example.test,ACTIVE
600000931,Benchmark Customer 00931,benchmark.customer00931@example.test,ACTIVE
600000932,Benchmark Customer 00932,benchmark.customer00932@example.test,ACTIVE
600000933,Benchmark Customer 00933,benchmark.customer00933@example.test,ACTIVE
600000934,Benchmark Customer 00934,benchmark.customer00934@example.test,ACTIVE
600000935,Benchmark Customer 00935,benchmark.customer00935@example.test,ACTIVE
600000936,Benchmark Customer 00936,benchmark.customer00936@example.test,ACTIVE
600000937,Benchmark Customer 00937,benchmark.customer00937@example.test,ACTIVE
600000938,Benchmark Customer 00938,benchmark.customer00938@example.test,ACTIVE
600000939,Benchmark Customer 00939,benchmark.customer00939@example.test,ACTIVE
600000940,Benchmark Customer 00940,benchmark.customer00940@example.test,ACTIVE
600000941,Benchmark Customer 00941,benchmark.customer00941@example.test,ACTIVE
600000942,Benchmark Customer 00942,benchmark.customer00942@example.test,ACTIVE
600000943,Benchmark Customer 00943,benchmark.customer00943@example.test,ACTIVE
600000944,Benchmark Customer 00944,benchmark.customer00944@example.test,ACTIVE
600000945,Benchmark Customer 00945,benchmark.customer00945@example.test,ACTIVE
600000946,Benchmark Customer 00946,benchmark.customer00946@example.test,ACTIVE
600000947,Benchmark Customer 00947,benchmark.customer00947@example.test,ACTIVE
600000948,Benchmark Customer 00948,benchmark.customer00948@example.test,ACTIVE
600000949,Benchmark Customer 00949,benchmark.customer00949@example.test,ACTIVE
600000950,Benchmark Customer 00950,benchmark.customer00950@example.test,ACTIVE
600000951,Benchmark Customer 00951,benchmark.customer00951@example.test,ACTIVE
600000952,Benchmark Customer 00952,benchmark.customer00952@example.test,ACTIVE
600000953,Benchmark Customer 00953,benchmark.customer00953@example.test,ACTIVE
600000954,Benchmark Customer 00954,benchmark.customer00954@example.test,ACTIVE
600000955,Benchmark Customer 00955,benchmark.customer00955@example.test,ACTIVE
600000956,Benchmark Customer 00956,benchmark.customer00956@example.test,ACTIVE
600000957,Benchmark Customer 00957,benchmark.customer00957@example.test,ACTIVE
600000958,Benchmark Customer 00958,benchmark.customer00958@example.test,ACTIVE
600000959,Benchmark Customer 00959,benchmark.customer00959@example.test,ACTIVE
600000960,Benchmark Customer 00960,benchmark.customer00960@example.test,ACTIVE
600000961,Benchmark Customer 00961,benchmark.customer00961@example.test,ACTIVE
600000962,Benchmark Customer 00962,benchmark.customer00962@example.test,ACTIVE
600000963,Benchmark Customer 00963,benchmark.customer00963@example.test,ACTIVE
600000964,Benchmark Customer 00964,benchmark.customer00964@example.test,ACTIVE
600000965,Benchmark Customer 00965,benchmark.customer00965@example.test,ACTIVE
600000966,Benchmark Customer 00966,benchmark.customer00966@example.test,ACTIVE
600000967,Benchmark Customer 00967,benchmark.customer00967@example.test,ACTIVE
600000968,Benchmark Customer 00968,benchmark.customer00968@example.test,ACTIVE
600000969,Benchmark Customer 00969,benchmark.customer00969@example.test,ACTIVE
600000970,Benchmark Customer 00970,benchmark.customer00970@example.test,ACTIVE
600000971,Benchmark Customer 00971,benchmark.customer00971@example.test,ACTIVE
600000972,Benchmark Customer 00972,benchmark.customer00972@example.test,ACTIVE
600000973,Benchmark Customer 00973,benchmark.customer00973@example.test,ACTIVE
600000974,Benchmark Customer 00974,benchmark.customer00974@example.test,ACTIVE
600000975,Benchmark Customer 00975,benchmark.customer00975@example.test,ACTIVE
600000976,Benchmark Customer 00976,benchmark.customer00976@example.test,ACTIVE
600000977,Benchmark Customer 00977,benchmark.customer00977@example.test,ACTIVE
600000978,Benchmark Customer 00978,benchmark.customer00978@example.test,ACTIVE
600000979,Benchmark Customer 00979,benchmark.customer00979@example.test,ACTIVE
600000980,Benchmark Customer 00980,benchmark.customer00980@example.test,ACTIVE
600000981,Benchmark Customer 00981,benchmark.customer00981@example.test,ACTIVE
600000982,Benchmark Customer 00982,benchmark.customer00982@example.test,ACTIVE
600000983,Benchmark Customer 00983,benchmark.customer00983@example.test,ACTIVE
600000984,Benchmark Customer 00984,benchmark.customer00984@example.test,ACTIVE
600000985,Benchmark Customer 00985,benchmark.customer00985@example.test,ACTIVE
600000986,Benchmark Customer 00986,benchmark.customer00986@example.test,ACTIVE
600000987,Benchmark Customer 00987,benchmark.customer00987@example.test,ACTIVE
600000988,Benchmark Customer 00988,benchmark.customer00988@example.test,ACTIVE
600000989,Benchmark Customer 00989,benchmark.customer00989@example.test,ACTIVE
600000990,Benchmark Customer 00990,benchmark.customer00990@example.test,ACTIVE
600000991,Benchmark Customer 00991,benchmark.customer00991@example.test,ACTIVE
600000992,Benchmark Customer 00992,benchmark.customer00992@example.test,ACTIVE
600000993,Benchmark Customer 00993,benchmark.customer00993@example.test,ACTIVE
600000994,Benchmark Customer 00994,benchmark.customer00994@example.test,ACTIVE
600000995,Benchmark Customer 00995,benchmark.customer00995@example.test,ACTIVE
600000996,Benchmark Customer 00996,benchmark.customer00996@example.test,ACTIVE
600000997,Benchmark Customer 00997,benchmark.customer00997@example.test,ACTIVE
600000998,Benchmark Customer 00998,benchmark.customer00998@example.test,ACTIVE
600000999,Benchmark Customer 00999,benchmark.customer00999@example.test,ACTIVE
600001000,Benchmark Customer 01000,benchmark.customer01000@example.test,ACTIVE
600001001,Benchmark Customer 01001,benchmark.customer01001@example.test,ACTIVE
600001002,Benchmark Customer 01002,benchmark.customer01002@example.test,ACTIVE
600001003,Benchmark Customer 01003,benchmark.customer01003@example.test,ACTIVE
600001004,Benchmark Customer 01004,benchmark.customer01004@example.test,ACTIVE
600001005,Benchmark Customer 01005,benchmark.customer01005@example.test,ACTIVE
600001006,Benchmark Customer 01006,benchmark.customer01006@example.test,ACTIVE
600001007,Benchmark Customer 01007,benchmark.customer01007@example.test,ACTIVE
600001008,Benchmark Customer 01008,benchmark.customer01008@example.test,ACTIVE
600001009,Benchmark Customer 01009,benchmark.customer01009@example.test,ACTIVE
600001010,Benchmark Customer 01010,benchmark.customer01010@example.test,ACTIVE
600001011,Benchmark Customer 01011,benchmark.customer01011@example.test,ACTIVE
600001012,Benchmark Customer 01012,benchmark.customer01012@example.test,ACTIVE
600001013,Benchmark Customer 01013,benchmark.customer01013@example.test,ACTIVE
600001014,Benchmark Customer 01014,benchmark.customer01014@example.test,ACTIVE
600001015,Benchmark Customer 01015,benchmark.customer01015@example.test,ACTIVE
600001016,Benchmark Customer 01016,benchmark.customer01016@example.test,ACTIVE
600001017,Benchmark Customer 01017,benchmark.customer01017@example.test,ACTIVE
600001018,Benchmark Customer 01018,benchmark.customer01018@example.test,ACTIVE
600001019,Benchmark Customer 01019,benchmark.customer01019@example.test,ACTIVE
600001020,Benchmark Customer 01020,benchmark.customer01020@example.test,ACTIVE
600001021,Benchmark Customer 01021,benchmark.customer01021@example.test,ACTIVE
600001022,Benchmark Customer 01022,benchmark.customer01022@example.test,ACTIVE
600001023,Benchmark Customer 01023,benchmark.customer01023@example.test,ACTIVE
600001024,Benchmark Customer 01024,benchmark.customer01024@example.test,ACTIVE
600001025,Benchmark Customer 01025,benchmark.customer01025@example.test,ACTIVE
600001026,Benchmark Customer 01026,benchmark.customer01026@example.test,ACTIVE
600001027,Benchmark Customer 01027,benchmark.customer01027@example.test,ACTIVE
600001028,Benchmark Customer 01028,benchmark.customer01028@example.test,ACTIVE
600001029,Benchmark Customer 01029,benchmark.customer01029@example.test,ACTIVE
600001030,Benchmark Customer 01030,benchmark.customer01030@example.test,ACTIVE
600001031,Benchmark Customer 01031,benchmark.customer01031@example.test,ACTIVE
600001032,Benchmark Customer 01032,benchmark.customer01032@example.test,ACTIVE
600001033,Benchmark Customer 01033,benchmark.customer01033@example.test,ACTIVE
600001034,Benchmark Customer 01034,benchmark.customer01034@example.test,ACTIVE
600001035,Benchmark Customer 01035,benchmark.customer01035@example.test,ACTIVE
600001036,Benchmark Customer 01036,benchmark.customer01036@example.test,ACTIVE
600001037,Benchmark Customer 01037,benchmark.customer01037@example.test,ACTIVE
600001038,Benchmark Customer 01038,benchmark.customer01038@example.test,ACTIVE
600001039,Benchmark Customer 01039,benchmark.customer01039@example.test,ACTIVE
600001040,Benchmark Customer 01040,benchmark.customer01040@example.test,ACTIVE
600001041,Benchmark Customer 01041,benchmark.customer01041@example.test,ACTIVE
600001042,Benchmark Customer 01042,benchmark.customer01042@example.test,ACTIVE
600001043,Benchmark Customer 01043,benchmark.customer01043@example.test,ACTIVE
600001044,Benchmark Customer 01044,benchmark.customer01044@example.test,ACTIVE
600001045,Benchmark Customer 01045,benchmark.customer01045@example.test,ACTIVE
600001046,Benchmark Customer 01046,benchmark.customer01046@example.test,ACTIVE
600001047,Benchmark Customer 01047,benchmark.customer01047@example.test,ACTIVE
600001048,Benchmark Customer 01048,benchmark.customer01048@example.test,ACTIVE
600001049,Benchmark Customer 01049,benchmark.customer01049@example.test,ACTIVE
600001050,Benchmark Customer 01050,benchmark.customer01050@example.test,ACTIVE
600001051,Benchmark Customer 01051,benchmark.customer01051@example.test,ACTIVE
600001052,Benchmark Customer 01052,benchmark.customer01052@example.test,ACTIVE
600001053,Benchmark Customer 01053,benchmark.customer01053@example.test,ACTIVE
600001054,Benchmark Customer 01054,benchmark.customer01054@example.test,ACTIVE
600001055,Benchmark Customer 01055,benchmark.customer01055@example.test,ACTIVE
600001056,Benchmark Customer 01056,benchmark.customer01056@example.test,ACTIVE
600001057,Benchmark Customer 01057,benchmark.customer01057@example.test,ACTIVE
600001058,Benchmark Customer 01058,benchmark.customer01058@example.test,ACTIVE
600001059,Benchmark Customer 01059,benchmark.customer01059@example.test,ACTIVE
600001060,Benchmark Customer 01060,benchmark.customer01060@example.test,ACTIVE
600001061,Benchmark Customer 01061,benchmark.customer01061@example.test,ACTIVE
600001062,Benchmark Customer 01062,benchmark.customer01062@example.test,ACTIVE
600001063,Benchmark Customer 01063,benchmark.customer01063@example.test,ACTIVE
600001064,Benchmark Customer 01064,benchmark.customer01064@example.test,ACTIVE
600001065,Benchmark Customer 01065,benchmark.customer01065@example.test,ACTIVE
600001066,Benchmark Customer 01066,benchmark.customer01066@example.test,ACTIVE
600001067,Benchmark Customer 01067,benchmark.customer01067@example.test,ACTIVE
600001068,Benchmark Customer 01068,benchmark.customer01068@example.test,ACTIVE
600001069,Benchmark Customer 01069,benchmark.customer01069@example.test,ACTIVE
600001070,Benchmark Customer 01070,benchmark.customer01070@example.test,ACTIVE
600001071,Benchmark Customer 01071,benchmark.customer01071@example.test,ACTIVE
600001072,Benchmark Customer 01072,benchmark.customer01072@example.test,ACTIVE
600001073,Benchmark Customer 01073,benchmark.customer01073@example.test,ACTIVE
600001074,Benchmark Customer 01074,benchmark.customer01074@example.test,ACTIVE
600001075,Benchmark Customer 01075,benchmark.customer01075@example.test,ACTIVE
600001076,Benchmark Customer 01076,benchmark.customer01076@example.test,ACTIVE
600001077,Benchmark Customer 01077,benchmark.customer01077@example.test,ACTIVE
600001078,Benchmark Customer 01078,benchmark.customer01078@example.test,ACTIVE
600001079,Benchmark Customer 01079,benchmark.customer01079@example.test,ACTIVE
600001080,Benchmark Customer 01080,benchmark.customer01080@example.test,ACTIVE
600001081,Benchmark Customer 01081,benchmark.customer01081@example.test,ACTIVE
600001082,Benchmark Customer 01082,benchmark.customer01082@example.test,ACTIVE
600001083,Benchmark Customer 01083,benchmark.customer01083@example.test,ACTIVE
600001084,Benchmark Customer 01084,benchmark.customer01084@example.test,ACTIVE
600001085,Benchmark Customer 01085,benchmark.customer01085@example.test,ACTIVE
600001086,Benchmark Customer 01086,benchmark.customer01086@example.test,ACTIVE
600001087,Benchmark Customer 01087,benchmark.customer01087@example.test,ACTIVE
600001088,Benchmark Customer 01088,benchmark.customer01088@example.test,ACTIVE
600001089,Benchmark Customer 01089,benchmark.customer01089@example.test,ACTIVE
600001090,Benchmark Customer 01090,benchmark.customer01090@example.test,ACTIVE
600001091,Benchmark Customer 01091,benchmark.customer01091@example.test,ACTIVE
600001092,Benchmark Customer 01092,benchmark.customer01092@example.test,ACTIVE
600001093,Benchmark Customer 01093,benchmark.customer01093@example.test,ACTIVE
600001094,Benchmark Customer 01094,benchmark.customer01094@example.test,ACTIVE
600001095,Benchmark Customer 01095,benchmark.customer01095@example.test,ACTIVE
600001096,Benchmark Customer 01096,benchmark.customer01096@example.test,ACTIVE
600001097,Benchmark Customer 01097,benchmark.customer01097@example.test,ACTIVE
600001098,Benchmark Customer 01098,benchmark.customer01098@example.test,ACTIVE
600001099,Benchmark Customer 01099,benchmark.customer01099@example.test,ACTIVE
600001100,Benchmark Customer 01100,benchmark.customer01100@example.test,ACTIVE
600001101,Benchmark Customer 01101,benchmark.customer01101@example.test,ACTIVE
600001102,Benchmark Customer 01102,benchmark.customer01102@example.test,ACTIVE
600001103,Benchmark Customer 01103,benchmark.customer01103@example.test,ACTIVE
600001104,Benchmark Customer 01104,benchmark.customer01104@example.test,ACTIVE
600001105,Benchmark Customer 01105,benchmark.customer01105@example.test,ACTIVE
600001106,Benchmark Customer 01106,benchmark.customer01106@example.test,ACTIVE
600001107,Benchmark Customer 01107,benchmark.customer01107@example.test,ACTIVE
600001108,Benchmark Customer 01108,benchmark.customer01108@example.test,ACTIVE
600001109,Benchmark Customer 01109,benchmark.customer01109@example.test,ACTIVE
600001110,Benchmark Customer 01110,benchmark.customer01110@example.test,ACTIVE
600001111,Benchmark Customer 01111,benchmark.customer01111@example.test,ACTIVE
600001112,Benchmark Customer 01112,benchmark.customer01112@example.test,ACTIVE
600001113,Benchmark Customer 01113,benchmark.customer01113@example.test,ACTIVE
600001114,Benchmark Customer 01114,benchmark.customer01114@example.test,ACTIVE
600001115,Benchmark Customer 01115,benchmark.customer01115@example.test,ACTIVE
600001116,Benchmark Customer 01116,benchmark.customer01116@example.test,ACTIVE
600001117,Benchmark Customer 01117,benchmark.customer01117@example.test,ACTIVE
600001118,Benchmark Customer 01118,benchmark.customer01118@example.test,ACTIVE
600001119,Benchmark Customer 01119,benchmark.customer01119@example.test,ACTIVE
600001120,Benchmark Customer 01120,benchmark.customer01120@example.test,ACTIVE
600001121,Benchmark Customer 01121,benchmark.customer01121@example.test,ACTIVE
600001122,Benchmark Customer 01122,benchmark.customer01122@example.test,ACTIVE
600001123,Benchmark Customer 01123,benchmark.customer01123@example.test,ACTIVE
600001124,Benchmark Customer 01124,benchmark.customer01124@example.test,ACTIVE
600001125,Benchmark Customer 01125,benchmark.customer01125@example.test,ACTIVE
600001126,Benchmark Customer 01126,benchmark.customer01126@example.test,ACTIVE
600001127,Benchmark Customer 01127,benchmark.customer01127@example.test,ACTIVE
600001128,Benchmark Customer 01128,benchmark.customer01128@example.test,ACTIVE
600001129,Benchmark Customer 01129,benchmark.customer01129@example.test,ACTIVE
600001130,Benchmark Customer 01130,benchmark.customer01130@example.test,ACTIVE
600001131,Benchmark Customer 01131,benchmark.customer01131@example.test,ACTIVE
600001132,Benchmark Customer 01132,benchmark.customer01132@example.test,ACTIVE
600001133,Benchmark Customer 01133,benchmark.customer01133@example.test,ACTIVE
600001134,Benchmark Customer 01134,benchmark.customer01134@example.test,ACTIVE
600001135,Benchmark Customer 01135,benchmark.customer01135@example.test,ACTIVE
600001136,Benchmark Customer 01136,benchmark.customer01136@example.test,ACTIVE
600001137,Benchmark Customer 01137,benchmark.customer01137@example.test,ACTIVE
600001138,Benchmark Customer 01138,benchmark.customer01138@example.test,ACTIVE
600001139,Benchmark Customer 01139,benchmark.customer01139@example.test,ACTIVE
600001140,Benchmark Customer 01140,benchmark.customer01140@example.test,ACTIVE
600001141,Benchmark Customer 01141,benchmark.customer01141@example.test,ACTIVE
600001142,Benchmark Customer 01142,benchmark.customer01142@example.test,ACTIVE
600001143,Benchmark Customer 01143,benchmark.customer01143@example.test,ACTIVE
600001144,Benchmark Customer 01144,benchmark.customer01144@example.test,ACTIVE
600001145,Benchmark Customer 01145,benchmark.customer01145@example.test,ACTIVE
600001146,Benchmark Customer 01146,benchmark.customer01146@example.test,ACTIVE
600001147,Benchmark Customer 01147,benchmark.customer01147@example.test,ACTIVE
600001148,Benchmark Customer 01148,benchmark.customer01148@example.test,ACTIVE
600001149,Benchmark Customer 01149,benchmark.customer01149@example.test,ACTIVE
600001150,Benchmark Customer 01150,benchmark.customer01150@example.test,ACTIVE
600001151,Benchmark Customer 01151,benchmark.customer01151@example.test,ACTIVE
600001152,Benchmark Customer 01152,benchmark.customer01152@example.test,ACTIVE
600001153,Benchmark Customer 01153,benchmark.customer01153@example.test,ACTIVE
600001154,Benchmark Customer 01154,benchmark.customer01154@example.test,ACTIVE
600001155,Benchmark Customer 01155,benchmark.customer01155@example.test,ACTIVE
600001156,Benchmark Customer 01156,benchmark.customer01156@example.test,ACTIVE
600001157,Benchmark Customer 01157,benchmark.customer01157@example.test,ACTIVE
600001158,Benchmark Customer 01158,benchmark.customer01158@example.test,ACTIVE
600001159,Benchmark Customer 01159,benchmark.customer01159@example.test,ACTIVE
600001160,Benchmark Customer 01160,benchmark.customer01160@example.test,ACTIVE
600001161,Benchmark Customer 01161,benchmark.customer01161@example.test,ACTIVE
600001162,Benchmark Customer 01162,benchmark.customer01162@example.test,ACTIVE
600001163,Benchmark Customer 01163,benchmark.customer01163@example.test,ACTIVE
600001164,Benchmark Customer 01164,benchmark.customer01164@example.test,ACTIVE
600001165,Benchmark Customer 01165,benchmark.customer01165@example.test,ACTIVE
600001166,Benchmark Customer 01166,benchmark.customer01166@example.test,ACTIVE
600001167,Benchmark Customer 01167,benchmark.customer01167@example.test,ACTIVE
600001168,Benchmark Customer 01168,benchmark.customer01168@example.test,ACTIVE
600001169,Benchmark Customer 01169,benchmark.customer01169@example.test,ACTIVE
600001170,Benchmark Customer 01170,benchmark.customer01170@example.test,ACTIVE
600001171,Benchmark Customer 01171,benchmark.customer01171@example.test,ACTIVE
600001172,Benchmark Customer 01172,benchmark.customer01172@example.test,ACTIVE
600001173,Benchmark Customer 01173,benchmark.customer01173@example.test,ACTIVE
600001174,Benchmark Customer 01174,benchmark.customer01174@example.test,ACTIVE
600001175,Benchmark Customer 01175,benchmark.customer01175@example.test,ACTIVE
600001176,Benchmark Customer 01176,benchmark.customer01176@example.test,ACTIVE
600001177,Benchmark Customer 01177,benchmark.customer01177@example.test,ACTIVE
600001178,Benchmark Customer 01178,benchmark.customer01178@example.test,ACTIVE
600001179,Benchmark Customer 01179,benchmark.customer01179@example.test,ACTIVE
600001180,Benchmark Customer 01180,benchmark.customer01180@example.test,ACTIVE
600001181,Benchmark Customer 01181,benchmark.customer01181@example.test,ACTIVE
600001182,Benchmark Customer 01182,benchmark.customer01182@example.test,ACTIVE
600001183,Benchmark Customer 01183,benchmark.customer01183@example.test,ACTIVE
600001184,Benchmark Customer 01184,benchmark.customer01184@example.test,ACTIVE
600001185,Benchmark Customer 01185,benchmark.customer01185@example.test,ACTIVE
600001186,Benchmark Customer 01186,benchmark.customer01186@example.test,ACTIVE
600001187,Benchmark Customer 01187,benchmark.customer01187@example.test,ACTIVE
600001188,Benchmark Customer 01188,benchmark.customer01188@example.test,ACTIVE
600001189,Benchmark Customer 01189,benchmark.customer01189@example.test,ACTIVE
600001190,Benchmark Customer 01190,benchmark.customer01190@example.test,ACTIVE
600001191,Benchmark Customer 01191,benchmark.customer01191@example.test,ACTIVE
600001192,Benchmark Customer 01192,benchmark.customer01192@example.test,ACTIVE
600001193,Benchmark Customer 01193,benchmark.customer01193@example.test,ACTIVE
600001194,Benchmark Customer 01194,benchmark.customer01194@example.test,ACTIVE
600001195,Benchmark Customer 01195,benchmark.customer01195@example.test,ACTIVE
600001196,Benchmark Customer 01196,benchmark.customer01196@example.test,ACTIVE
600001197,Benchmark Customer 01197,benchmark.customer01197@example.test,ACTIVE
600001198,Benchmark Customer 01198,benchmark.customer01198@example.test,ACTIVE
600001199,Benchmark Customer 01199,benchmark.customer01199@example.test,ACTIVE
600001200,Benchmark Customer 01200,benchmark.customer01200@example.test,ACTIVE
600001201,Benchmark Customer 01201,benchmark.customer01201@example.test,ACTIVE
600001202,Benchmark Customer 01202,benchmark.customer01202@example.test,ACTIVE
600001203,Benchmark Customer 01203,benchmark.customer01203@example.test,ACTIVE
600001204,Benchmark Customer 01204,benchmark.customer01204@example.test,ACTIVE
600001205,Benchmark Customer 01205,benchmark.customer01205@example.test,ACTIVE
600001206,Benchmark Customer 01206,benchmark.customer01206@example.test,ACTIVE
600001207,Benchmark Customer 01207,benchmark.customer01207@example.test,ACTIVE
600001208,Benchmark Customer 01208,benchmark.customer01208@example.test,ACTIVE
600001209,Benchmark Customer 01209,benchmark.customer01209@example.test,ACTIVE
600001210,Benchmark Customer 01210,benchmark.customer01210@example.test,ACTIVE
600001211,Benchmark Customer 01211,benchmark.customer01211@example.test,ACTIVE
600001212,Benchmark Customer 01212,benchmark.customer01212@example.test,ACTIVE
600001213,Benchmark Customer 01213,benchmark.customer01213@example.test,ACTIVE
600001214,Benchmark Customer 01214,benchmark.customer01214@example.test,ACTIVE
600001215,Benchmark Customer 01215,benchmark.customer01215@example.test,ACTIVE
600001216,Benchmark Customer 01216,benchmark.customer01216@example.test,ACTIVE
600001217,Benchmark Customer 01217,benchmark.customer01217@example.test,ACTIVE
600001218,Benchmark Customer 01218,benchmark.customer01218@example.test,ACTIVE
600001219,Benchmark Customer 01219,benchmark.customer01219@example.test,ACTIVE
600001220,Benchmark Customer 01220,benchmark.customer01220@example.test,ACTIVE
600001221,Benchmark Customer 01221,benchmark.customer01221@example.test,ACTIVE
600001222,Benchmark Customer 01222,benchmark.customer01222@example.test,ACTIVE
600001223,Benchmark Customer 01223,benchmark.customer01223@example.test,ACTIVE
600001224,Benchmark Customer 01224,benchmark.customer01224@example.test,ACTIVE
600001225,Benchmark Customer 01225,benchmark.customer01225@example.test,ACTIVE
600001226,Benchmark Customer 01226,benchmark.customer01226@example.test,ACTIVE
600001227,Benchmark Customer 01227,benchmark.customer01227@example.test,ACTIVE
600001228,Benchmark Customer 01228,benchmark.customer01228@example.test,ACTIVE
600001229,Benchmark Customer 01229,benchmark.customer01229@example.test,ACTIVE
600001230,Benchmark Customer 01230,benchmark.customer01230@example.test,ACTIVE
600001231,Benchmark Customer 01231,benchmark.customer01231@example.test,ACTIVE
600001232,Benchmark Customer 01232,benchmark.customer01232@example.test,ACTIVE
600001233,Benchmark Customer 01233,benchmark.customer01233@example.test,ACTIVE
600001234,Benchmark Customer 01234,benchmark.customer01234@example.test,ACTIVE
600001235,Benchmark Customer 01235,benchmark.customer01235@example.test,ACTIVE
600001236,Benchmark Customer 01236,benchmark.customer01236@example.test,ACTIVE
600001237,Benchmark Customer 01237,benchmark.customer01237@example.test,ACTIVE
600001238,Benchmark Customer 01238,benchmark.customer01238@example.test,ACTIVE
600001239,Benchmark Customer 01239,benchmark.customer01239@example.test,ACTIVE
600001240,Benchmark Customer 01240,benchmark.customer01240@example.test,ACTIVE
600001241,Benchmark Customer 01241,benchmark.customer01241@example.test,ACTIVE
600001242,Benchmark Customer 01242,benchmark.customer01242@example.test,ACTIVE
600001243,Benchmark Customer 01243,benchmark.customer01243@example.test,ACTIVE
600001244,Benchmark Customer 01244,benchmark.customer01244@example.test,ACTIVE
600001245,Benchmark Customer 01245,benchmark.customer01245@example.test,ACTIVE
600001246,Benchmark Customer 01246,benchmark.customer01246@example.test,ACTIVE
600001247,Benchmark Customer 01247,benchmark.customer01247@example.test,ACTIVE
600001248,Benchmark Customer 01248,benchmark.customer01248@example.test,ACTIVE
600001249,Benchmark Customer 01249,benchmark.customer01249@example.test,ACTIVE
600001250,Benchmark Customer 01250,benchmark.customer01250@example.test,ACTIVE
600001251,Benchmark Customer 01251,benchmark.customer01251@example.test,ACTIVE
600001252,Benchmark Customer 01252,benchmark.customer01252@example.test,ACTIVE
600001253,Benchmark Customer 01253,benchmark.customer01253@example.test,ACTIVE
600001254,Benchmark Customer 01254,benchmark.customer01254@example.test,ACTIVE
600001255,Benchmark Customer 01255,benchmark.customer01255@example.test,ACTIVE
600001256,Benchmark Customer 01256,benchmark.customer01256@example.test,ACTIVE
600001257,Benchmark Customer 01257,benchmark.customer01257@example.test,ACTIVE
600001258,Benchmark Customer 01258,benchmark.customer01258@example.test,ACTIVE
600001259,Benchmark Customer 01259,benchmark.customer01259@example.test,ACTIVE
600001260,Benchmark Customer 01260,benchmark.customer01260@example.test,ACTIVE
600001261,Benchmark Customer 01261,benchmark.customer01261@example.test,ACTIVE
600001262,Benchmark Customer 01262,benchmark.customer01262@example.test,ACTIVE
600001263,Benchmark Customer 01263,benchmark.customer01263@example.test,ACTIVE
600001264,Benchmark Customer 01264,benchmark.customer01264@example.test,ACTIVE
600001265,Benchmark Customer 01265,benchmark.customer01265@example.test,ACTIVE
600001266,Benchmark Customer 01266,benchmark.customer01266@example.test,ACTIVE
600001267,Benchmark Customer 01267,benchmark.customer01267@example.test,ACTIVE
600001268,Benchmark Customer 01268,benchmark.customer01268@example.test,ACTIVE
600001269,Benchmark Customer 01269,benchmark.customer01269@example.test,ACTIVE
600001270,Benchmark Customer 01270,benchmark.customer01270@example.test,ACTIVE
600001271,Benchmark Customer 01271,benchmark.customer01271@example.test,ACTIVE
600001272,Benchmark Customer 01272,benchmark.customer01272@example.test,ACTIVE
600001273,Benchmark Customer 01273,benchmark.customer01273@example.test,ACTIVE
600001274,Benchmark Customer 01274,benchmark.customer01274@example.test,ACTIVE
600001275,Benchmark Customer 01275,benchmark.customer01275@example.test,ACTIVE
600001276,Benchmark Customer 01276,benchmark.customer01276@example.test,ACTIVE
600001277,Benchmark Customer 01277,benchmark.customer01277@example.test,ACTIVE
600001278,Benchmark Customer 01278,benchmark.customer01278@example.test,ACTIVE
600001279,Benchmark Customer 01279,benchmark.customer01279@example.test,ACTIVE
600001280,Benchmark Customer 01280,benchmark.customer01280@example.test,ACTIVE
600001281,Benchmark Customer 01281,benchmark.customer01281@example.test,ACTIVE
600001282,Benchmark Customer 01282,benchmark.customer01282@example.test,ACTIVE
600001283,Benchmark Customer 01283,benchmark.customer01283@example.test,ACTIVE
600001284,Benchmark Customer 01284,benchmark.customer01284@example.test,ACTIVE
600001285,Benchmark Customer 01285,benchmark.customer01285@example.test,ACTIVE
600001286,Benchmark Customer 01286,benchmark.customer01286@example.test,ACTIVE
600001287,Benchmark Customer 01287,benchmark.customer01287@example.test,ACTIVE
600001288,Benchmark Customer 01288,benchmark.customer01288@example.test,ACTIVE
600001289,Benchmark Customer 01289,benchmark.customer01289@example.test,ACTIVE
600001290,Benchmark Customer 01290,benchmark.customer01290@example.test,ACTIVE
600001291,Benchmark Customer 01291,benchmark.customer01291@example.test,ACTIVE
600001292,Benchmark Customer 01292,benchmark.customer01292@example.test,ACTIVE
600001293,Benchmark Customer 01293,benchmark.customer01293@example.test,ACTIVE
600001294,Benchmark Customer 01294,benchmark.customer01294@example.test,ACTIVE
600001295,Benchmark Customer 01295,benchmark.customer01295@example.test,ACTIVE
600001296,Benchmark Customer 01296,benchmark.customer01296@example.test,ACTIVE
600001297,Benchmark Customer 01297,benchmark.customer01297@example.test,ACTIVE
600001298,Benchmark Customer 01298,benchmark.customer01298@example.test,ACTIVE
600001299,Benchmark Customer 01299,benchmark.customer01299@example.test,ACTIVE
600001300,Benchmark Customer 01300,benchmark.customer01300@example.test,ACTIVE
600001301,Benchmark Customer 01301,benchmark.customer01301@example.test,ACTIVE
600001302,Benchmark Customer 01302,benchmark.customer01302@example.test,ACTIVE
600001303,Benchmark Customer 01303,benchmark.customer01303@example.test,ACTIVE
600001304,Benchmark Customer 01304,benchmark.customer01304@example.test,ACTIVE
600001305,Benchmark Customer 01305,benchmark.customer01305@example.test,ACTIVE
600001306,Benchmark Customer 01306,benchmark.customer01306@example.test,ACTIVE
600001307,Benchmark Customer 01307,benchmark.customer01307@example.test,ACTIVE
600001308,Benchmark Customer 01308,benchmark.customer01308@example.test,ACTIVE
600001309,Benchmark Customer 01309,benchmark.customer01309@example.test,ACTIVE
600001310,Benchmark Customer 01310,benchmark.customer01310@example.test,ACTIVE
600001311,Benchmark Customer 01311,benchmark.customer01311@example.test,ACTIVE
600001312,Benchmark Customer 01312,benchmark.customer01312@example.test,ACTIVE
600001313,Benchmark Customer 01313,benchmark.customer01313@example.test,ACTIVE
600001314,Benchmark Customer 01314,benchmark.customer01314@example.test,ACTIVE
600001315,Benchmark Customer 01315,benchmark.customer01315@example.test,ACTIVE
600001316,Benchmark Customer 01316,benchmark.customer01316@example.test,ACTIVE
600001317,Benchmark Customer 01317,benchmark.customer01317@example.test,ACTIVE
600001318,Benchmark Customer 01318,benchmark.customer01318@example.test,ACTIVE
600001319,Benchmark Customer 01319,benchmark.customer01319@example.test,ACTIVE
600001320,Benchmark Customer 01320,benchmark.customer01320@example.test,ACTIVE
600001321,Benchmark Customer 01321,benchmark.customer01321@example.test,ACTIVE
600001322,Benchmark Customer 01322,benchmark.customer01322@example.test,ACTIVE
600001323,Benchmark Customer 01323,benchmark.customer01323@example.test,ACTIVE
600001324,Benchmark Customer 01324,benchmark.customer01324@example.test,ACTIVE
600001325,Benchmark Customer 01325,benchmark.customer01325@example.test,ACTIVE
600001326,Benchmark Customer 01326,benchmark.customer01326@example.test,ACTIVE
600001327,Benchmark Customer 01327,benchmark.customer01327@example.test,ACTIVE
600001328,Benchmark Customer 01328,benchmark.customer01328@example.test,ACTIVE
600001329,Benchmark Customer 01329,benchmark.customer01329@example.test,ACTIVE
600001330,Benchmark Customer 01330,benchmark.customer01330@example.test,ACTIVE
600001331,Benchmark Customer 01331,benchmark.customer01331@example.test,ACTIVE
600001332,Benchmark Customer 01332,benchmark.customer01332@example.test,ACTIVE
600001333,Benchmark Customer 01333,benchmark.customer01333@example.test,ACTIVE
600001334,Benchmark Customer 01334,benchmark.customer01334@example.test,ACTIVE
600001335,Benchmark Customer 01335,benchmark.customer01335@example.test,ACTIVE
600001336,Benchmark Customer 01336,benchmark.customer01336@example.test,ACTIVE
600001337,Benchmark Customer 01337,benchmark.customer01337@example.test,ACTIVE
600001338,Benchmark Customer 01338,benchmark.customer01338@example.test,ACTIVE
600001339,Benchmark Customer 01339,benchmark.customer01339@example.test,ACTIVE
600001340,Benchmark Customer 01340,benchmark.customer01340@example.test,ACTIVE
600001341,Benchmark Customer 01341,benchmark.customer01341@example.test,ACTIVE
600001342,Benchmark Customer 01342,benchmark.customer01342@example.test,ACTIVE
600001343,Benchmark Customer 01343,benchmark.customer01343@example.test,ACTIVE
600001344,Benchmark Customer 01344,benchmark.customer01344@example.test,ACTIVE
600001345,Benchmark Customer 01345,benchmark.customer01345@example.test,ACTIVE
600001346,Benchmark Customer 01346,benchmark.customer01346@example.test,ACTIVE
600001347,Benchmark Customer 01347,benchmark.customer01347@example.test,ACTIVE
600001348,Benchmark Customer 01348,benchmark.customer01348@example.test,ACTIVE
600001349,Benchmark Customer 01349,benchmark.customer01349@example.test,ACTIVE
600001350,Benchmark Customer 01350,benchmark.customer01350@example.test,ACTIVE
600001351,Benchmark Customer 01351,benchmark.customer01351@example.test,ACTIVE
600001352,Benchmark Customer 01352,benchmark.customer01352@example.test,ACTIVE
600001353,Benchmark Customer 01353,benchmark.customer01353@example.test,ACTIVE
600001354,Benchmark Customer 01354,benchmark.customer01354@example.test,ACTIVE
600001355,Benchmark Customer 01355,benchmark.customer01355@example.test,ACTIVE
600001356,Benchmark Customer 01356,benchmark.customer01356@example.test,ACTIVE
600001357,Benchmark Customer 01357,benchmark.customer01357@example.test,ACTIVE
600001358,Benchmark Customer 01358,benchmark.customer01358@example.test,ACTIVE
600001359,Benchmark Customer 01359,benchmark.customer01359@example.test,ACTIVE
600001360,Benchmark Customer 01360,benchmark.customer01360@example.test,ACTIVE
600001361,Benchmark Customer 01361,benchmark.customer01361@example.test,ACTIVE
600001362,Benchmark Customer 01362,benchmark.customer01362@example.test,ACTIVE
600001363,Benchmark Customer 01363,benchmark.customer01363@example.test,ACTIVE
600001364,Benchmark Customer 01364,benchmark.customer01364@example.test,ACTIVE
600001365,Benchmark Customer 01365,benchmark.customer01365@example.test,ACTIVE
600001366,Benchmark Customer 01366,benchmark.customer01366@example.test,ACTIVE
600001367,Benchmark Customer 01367,benchmark.customer01367@example.test,ACTIVE
600001368,Benchmark Customer 01368,benchmark.customer01368@example.test,ACTIVE
600001369,Benchmark Customer 01369,benchmark.customer01369@example.test,ACTIVE
600001370,Benchmark Customer 01370,benchmark.customer01370@example.test,ACTIVE
600001371,Benchmark Customer 01371,benchmark.customer01371@example.test,ACTIVE
600001372,Benchmark Customer 01372,benchmark.customer01372@example.test,ACTIVE
600001373,Benchmark Customer 01373,benchmark.customer01373@example.test,ACTIVE
600001374,Benchmark Customer 01374,benchmark.customer01374@example.test,ACTIVE
600001375,Benchmark Customer 01375,benchmark.customer01375@example.test,ACTIVE
600001376,Benchmark Customer 01376,benchmark.customer01376@example.test,ACTIVE
600001377,Benchmark Customer 01377,benchmark.customer01377@example.test,ACTIVE
600001378,Benchmark Customer 01378,benchmark.customer01378@example.test,ACTIVE
600001379,Benchmark Customer 01379,benchmark.customer01379@example.test,ACTIVE
600001380,Benchmark Customer 01380,benchmark.customer01380@example.test,ACTIVE
600001381,Benchmark Customer 01381,benchmark.customer01381@example.test,ACTIVE
600001382,Benchmark Customer 01382,benchmark.customer01382@example.test,ACTIVE
600001383,Benchmark Customer 01383,benchmark.customer01383@example.test,ACTIVE
600001384,Benchmark Customer 01384,benchmark.customer01384@example.test,ACTIVE
600001385,Benchmark Customer 01385,benchmark.customer01385@example.test,ACTIVE
600001386,Benchmark Customer 01386,benchmark.customer01386@example.test,ACTIVE
600001387,Benchmark Customer 01387,benchmark.customer01387@example.test,ACTIVE
600001388,Benchmark Customer 01388,benchmark.customer01388@example.test,ACTIVE
600001389,Benchmark Customer 01389,benchmark.customer01389@example.test,ACTIVE
600001390,Benchmark Customer 01390,benchmark.customer01390@example.test,ACTIVE
600001391,Benchmark Customer 01391,benchmark.customer01391@example.test,ACTIVE
600001392,Benchmark Customer 01392,benchmark.customer01392@example.test,ACTIVE
600001393,Benchmark Customer 01393,benchmark.customer01393@example.test,ACTIVE
600001394,Benchmark Customer 01394,benchmark.customer01394@example.test,ACTIVE
600001395,Benchmark Customer 01395,benchmark.customer01395@example.test,ACTIVE
600001396,Benchmark Customer 01396,benchmark.customer01396@example.test,ACTIVE
600001397,Benchmark Customer 01397,benchmark.customer01397@example.test,ACTIVE
600001398,Benchmark Customer 01398,benchmark.customer01398@example.test,ACTIVE
600001399,Benchmark Customer 01399,benchmark.customer01399@example.test,ACTIVE
600001400,Benchmark Customer 01400,benchmark.customer01400@example.test,ACTIVE
600001401,Benchmark Customer 01401,benchmark.customer01401@example.test,ACTIVE
600001402,Benchmark Customer 01402,benchmark.customer01402@example.test,ACTIVE
600001403,Benchmark Customer 01403,benchmark.customer01403@example.test,ACTIVE
600001404,Benchmark Customer 01404,benchmark.customer01404@example.test,ACTIVE
600001405,Benchmark Customer 01405,benchmark.customer01405@example.test,ACTIVE
600001406,Benchmark Customer 01406,benchmark.customer01406@example.test,ACTIVE
600001407,Benchmark Customer 01407,benchmark.customer01407@example.test,ACTIVE
600001408,Benchmark Customer 01408,benchmark.customer01408@example.test,ACTIVE
600001409,Benchmark Customer 01409,benchmark.customer01409@example.test,ACTIVE
600001410,Benchmark Customer 01410,benchmark.customer01410@example.test,ACTIVE
600001411,Benchmark Customer 01411,benchmark.customer01411@example.test,ACTIVE
600001412,Benchmark Customer 01412,benchmark.customer01412@example.test,ACTIVE
600001413,Benchmark Customer 01413,benchmark.customer01413@example.test,ACTIVE
600001414,Benchmark Customer 01414,benchmark.customer01414@example.test,ACTIVE
600001415,Benchmark Customer 01415,benchmark.customer01415@example.test,ACTIVE
600001416,Benchmark Customer 01416,benchmark.customer01416@example.test,ACTIVE
600001417,Benchmark Customer 01417,benchmark.customer01417@example.test,ACTIVE
600001418,Benchmark Customer 01418,benchmark.customer01418@example.test,ACTIVE
600001419,Benchmark Customer 01419,benchmark.customer01419@example.test,ACTIVE
600001420,Benchmark Customer 01420,benchmark.customer01420@example.test,ACTIVE
600001421,Benchmark Customer 01421,benchmark.customer01421@example.test,ACTIVE
600001422,Benchmark Customer 01422,benchmark.customer01422@example.test,ACTIVE
600001423,Benchmark Customer 01423,benchmark.customer01423@example.test,ACTIVE
600001424,Benchmark Customer 01424,benchmark.customer01424@example.test,ACTIVE
600001425,Benchmark Customer 01425,benchmark.customer01425@example.test,ACTIVE
600001426,Benchmark Customer 01426,benchmark.customer01426@example.test,ACTIVE
600001427,Benchmark Customer 01427,benchmark.customer01427@example.test,ACTIVE
600001428,Benchmark Customer 01428,benchmark.customer01428@example.test,ACTIVE
600001429,Benchmark Customer 01429,benchmark.customer01429@example.test,ACTIVE
600001430,Benchmark Customer 01430,benchmark.customer01430@example.test,ACTIVE
600001431,Benchmark Customer 01431,benchmark.customer01431@example.test,ACTIVE
600001432,Benchmark Customer 01432,benchmark.customer01432@example.test,ACTIVE
600001433,Benchmark Customer 01433,benchmark.customer01433@example.test,ACTIVE
600001434,Benchmark Customer 01434,benchmark.customer01434@example.test,ACTIVE
600001435,Benchmark Customer 01435,benchmark.customer01435@example.test,ACTIVE
600001436,Benchmark Customer 01436,benchmark.customer01436@example.test,ACTIVE
600001437,Benchmark Customer 01437,benchmark.customer01437@example.test,ACTIVE
600001438,Benchmark Customer 01438,benchmark.customer01438@example.test,ACTIVE
600001439,Benchmark Customer 01439,benchmark.customer01439@example.test,ACTIVE
600001440,Benchmark Customer 01440,benchmark.customer01440@example.test,ACTIVE
600001441,Benchmark Customer 01441,benchmark.customer01441@example.test,ACTIVE
600001442,Benchmark Customer 01442,benchmark.customer01442@example.test,ACTIVE
600001443,Benchmark Customer 01443,benchmark.customer01443@example.test,ACTIVE
600001444,Benchmark Customer 01444,benchmark.customer01444@example.test,ACTIVE
600001445,Benchmark Customer 01445,benchmark.customer01445@example.test,ACTIVE
600001446,Benchmark Customer 01446,benchmark.customer01446@example.test,ACTIVE
600001447,Benchmark Customer 01447,benchmark.customer01447@example.test,ACTIVE
600001448,Benchmark Customer 01448,benchmark.customer01448@example.test,ACTIVE
600001449,Benchmark Customer 01449,benchmark.customer01449@example.test,ACTIVE
600001450,Benchmark Customer 01450,benchmark.customer01450@example.test,ACTIVE
600001451,Benchmark Customer 01451,benchmark.customer01451@example.test,ACTIVE
600001452,Benchmark Customer 01452,benchmark.customer01452@example.test,ACTIVE
600001453,Benchmark Customer 01453,benchmark.customer01453@example.test,ACTIVE
600001454,Benchmark Customer 01454,benchmark.customer01454@example.test,ACTIVE
600001455,Benchmark Customer 01455,benchmark.customer01455@example.test,ACTIVE
600001456,Benchmark Customer 01456,benchmark.customer01456@example.test,ACTIVE
600001457,Benchmark Customer 01457,benchmark.customer01457@example.test,ACTIVE
600001458,Benchmark Customer 01458,benchmark.customer01458@example.test,ACTIVE
600001459,Benchmark Customer 01459,benchmark.customer01459@example.test,ACTIVE
600001460,Benchmark Customer 01460,benchmark.customer01460@example.test,ACTIVE
600001461,Benchmark Customer 01461,benchmark.customer01461@example.test,ACTIVE
600001462,Benchmark Customer 01462,benchmark.customer01462@example.test,ACTIVE
600001463,Benchmark Customer 01463,benchmark.customer01463@example.test,ACTIVE
600001464,Benchmark Customer 01464,benchmark.customer01464@example.test,ACTIVE
600001465,Benchmark Customer 01465,benchmark.customer01465@example.test,ACTIVE
600001466,Benchmark Customer 01466,benchmark.customer01466@example.test,ACTIVE
600001467,Benchmark Customer 01467,benchmark.customer01467@example.test,ACTIVE
600001468,Benchmark Customer 01468,benchmark.customer01468@example.test,ACTIVE
600001469,Benchmark Customer 01469,benchmark.customer01469@example.test,ACTIVE
600001470,Benchmark Customer 01470,benchmark.customer01470@example.test,ACTIVE
600001471,Benchmark Customer 01471,benchmark.customer01471@example.test,ACTIVE
600001472,Benchmark Customer 01472,benchmark.customer01472@example.test,ACTIVE
600001473,Benchmark Customer 01473,benchmark.customer01473@example.test,ACTIVE
600001474,Benchmark Customer 01474,benchmark.customer01474@example.test,ACTIVE
600001475,Benchmark Customer 01475,benchmark.customer01475@example.test,ACTIVE
600001476,Benchmark Customer 01476,benchmark.customer01476@example.test,ACTIVE
600001477,Benchmark Customer 01477,benchmark.customer01477@example.test,ACTIVE
600001478,Benchmark Customer 01478,benchmark.customer01478@example.test,ACTIVE
600001479,Benchmark Customer 01479,benchmark.customer01479@example.test,ACTIVE
600001480,Benchmark Customer 01480,benchmark.customer01480@example.test,ACTIVE
600001481,Benchmark Customer 01481,benchmark.customer01481@example.test,ACTIVE
600001482,Benchmark Customer 01482,benchmark.customer01482@example.test,ACTIVE
600001483,Benchmark Customer 01483,benchmark.customer01483@example.test,ACTIVE
600001484,Benchmark Customer 01484,benchmark.customer01484@example.test,ACTIVE
600001485,Benchmark Customer 01485,benchmark.customer01485@example.test,ACTIVE
600001486,Benchmark Customer 01486,benchmark.customer01486@example.test,ACTIVE
600001487,Benchmark Customer 01487,benchmark.customer01487@example.test,ACTIVE
600001488,Benchmark Customer 01488,benchmark.customer01488@example.test,ACTIVE
600001489,Benchmark Customer 01489,benchmark.customer01489@example.test,ACTIVE
600001490,Benchmark Customer 01490,benchmark.customer01490@example.test,ACTIVE
600001491,Benchmark Customer 01491,benchmark.customer01491@example.test,ACTIVE
600001492,Benchmark Customer 01492,benchmark.customer01492@example.test,ACTIVE
600001493,Benchmark Customer 01493,benchmark.customer01493@example.test,ACTIVE
600001494,Benchmark Customer 01494,benchmark.customer01494@example.test,ACTIVE
600001495,Benchmark Customer 01495,benchmark.customer01495@example.test,ACTIVE
600001496,Benchmark Customer 01496,benchmark.customer01496@example.test,ACTIVE
600001497,Benchmark Customer 01497,benchmark.customer01497@example.test,ACTIVE
600001498,Benchmark Customer 01498,benchmark.customer01498@example.test,ACTIVE
600001499,Benchmark Customer 01499,benchmark.customer01499@example.test,ACTIVE
600001500,Benchmark Customer 01500,benchmark.customer01500@example.test,ACTIVE
600001501,Benchmark Customer 01501,benchmark.customer01501@example.test,ACTIVE
600001502,Benchmark Customer 01502,benchmark.customer01502@example.test,ACTIVE
600001503,Benchmark Customer 01503,benchmark.customer01503@example.test,ACTIVE
600001504,Benchmark Customer 01504,benchmark.customer01504@example.test,ACTIVE
600001505,Benchmark Customer 01505,benchmark.customer01505@example.test,ACTIVE
600001506,Benchmark Customer 01506,benchmark.customer01506@example.test,ACTIVE
600001507,Benchmark Customer 01507,benchmark.customer01507@example.test,ACTIVE
600001508,Benchmark Customer 01508,benchmark.customer01508@example.test,ACTIVE
600001509,Benchmark Customer 01509,benchmark.customer01509@example.test,ACTIVE
600001510,Benchmark Customer 01510,benchmark.customer01510@example.test,ACTIVE
600001511,Benchmark Customer 01511,benchmark.customer01511@example.test,ACTIVE
600001512,Benchmark Customer 01512,benchmark.customer01512@example.test,ACTIVE
600001513,Benchmark Customer 01513,benchmark.customer01513@example.test,ACTIVE
600001514,Benchmark Customer 01514,benchmark.customer01514@example.test,ACTIVE
600001515,Benchmark Customer 01515,benchmark.customer01515@example.test,ACTIVE
600001516,Benchmark Customer 01516,benchmark.customer01516@example.test,ACTIVE
600001517,Benchmark Customer 01517,benchmark.customer01517@example.test,ACTIVE
600001518,Benchmark Customer 01518,benchmark.customer01518@example.test,ACTIVE
600001519,Benchmark Customer 01519,benchmark.customer01519@example.test,ACTIVE
600001520,Benchmark Customer 01520,benchmark.customer01520@example.test,ACTIVE
600001521,Benchmark Customer 01521,benchmark.customer01521@example.test,ACTIVE
600001522,Benchmark Customer 01522,benchmark.customer01522@example.test,ACTIVE
600001523,Benchmark Customer 01523,benchmark.customer01523@example.test,ACTIVE
600001524,Benchmark Customer 01524,benchmark.customer01524@example.test,ACTIVE
600001525,Benchmark Customer 01525,benchmark.customer01525@example.test,ACTIVE
600001526,Benchmark Customer 01526,benchmark.customer01526@example.test,ACTIVE
600001527,Benchmark Customer 01527,benchmark.customer01527@example.test,ACTIVE
600001528,Benchmark Customer 01528,benchmark.customer01528@example.test,ACTIVE
600001529,Benchmark Customer 01529,benchmark.customer01529@example.test,ACTIVE
600001530,Benchmark Customer 01530,benchmark.customer01530@example.test,ACTIVE
600001531,Benchmark Customer 01531,benchmark.customer01531@example.test,ACTIVE
600001532,Benchmark Customer 01532,benchmark.customer01532@example.test,ACTIVE
600001533,Benchmark Customer 01533,benchmark.customer01533@example.test,ACTIVE
600001534,Benchmark Customer 01534,benchmark.customer01534@example.test,ACTIVE
600001535,Benchmark Customer 01535,benchmark.customer01535@example.test,ACTIVE
600001536,Benchmark Customer 01536,benchmark.customer01536@example.test,ACTIVE
600001537,Benchmark Customer 01537,benchmark.customer01537@example.test,ACTIVE
600001538,Benchmark Customer 01538,benchmark.customer01538@example.test,ACTIVE
600001539,Benchmark Customer 01539,benchmark.customer01539@example.test,ACTIVE
600001540,Benchmark Customer 01540,benchmark.customer01540@example.test,ACTIVE
600001541,Benchmark Customer 01541,benchmark.customer01541@example.test,ACTIVE
600001542,Benchmark Customer 01542,benchmark.customer01542@example.test,ACTIVE
600001543,Benchmark Customer 01543,benchmark.customer01543@example.test,ACTIVE
600001544,Benchmark Customer 01544,benchmark.customer01544@example.test,ACTIVE
600001545,Benchmark Customer 01545,benchmark.customer01545@example.test,ACTIVE
600001546,Benchmark Customer 01546,benchmark.customer01546@example.test,ACTIVE
600001547,Benchmark Customer 01547,benchmark.customer01547@example.test,ACTIVE
600001548,Benchmark Customer 01548,benchmark.customer01548@example.test,ACTIVE
600001549,Benchmark Customer 01549,benchmark.customer01549@example.test,ACTIVE
600001550,Benchmark Customer 01550,benchmark.customer01550@example.test,ACTIVE
600001551,Benchmark Customer 01551,benchmark.customer01551@example.test,ACTIVE
600001552,Benchmark Customer 01552,benchmark.customer01552@example.test,ACTIVE
600001553,Benchmark Customer 01553,benchmark.customer01553@example.test,ACTIVE
600001554,Benchmark Customer 01554,benchmark.customer01554@example.test,ACTIVE
600001555,Benchmark Customer 01555,benchmark.customer01555@example.test,ACTIVE
600001556,Benchmark Customer 01556,benchmark.customer01556@example.test,ACTIVE
600001557,Benchmark Customer 01557,benchmark.customer01557@example.test,ACTIVE
600001558,Benchmark Customer 01558,benchmark.customer01558@example.test,ACTIVE
600001559,Benchmark Customer 01559,benchmark.customer01559@example.test,ACTIVE
600001560,Benchmark Customer 01560,benchmark.customer01560@example.test,ACTIVE
600001561,Benchmark Customer 01561,benchmark.customer01561@example.test,ACTIVE
600001562,Benchmark Customer 01562,benchmark.customer01562@example.test,ACTIVE
600001563,Benchmark Customer 01563,benchmark.customer01563@example.test,ACTIVE
600001564,Benchmark Customer 01564,benchmark.customer01564@example.test,ACTIVE
600001565,Benchmark Customer 01565,benchmark.customer01565@example.test,ACTIVE
600001566,Benchmark Customer 01566,benchmark.customer01566@example.test,ACTIVE
600001567,Benchmark Customer 01567,benchmark.customer01567@example.test,ACTIVE
600001568,Benchmark Customer 01568,benchmark.customer01568@example.test,ACTIVE
600001569,Benchmark Customer 01569,benchmark.customer01569@example.test,ACTIVE
600001570,Benchmark Customer 01570,benchmark.customer01570@example.test,ACTIVE
600001571,Benchmark Customer 01571,benchmark.customer01571@example.test,ACTIVE
600001572,Benchmark Customer 01572,benchmark.customer01572@example.test,ACTIVE
600001573,Benchmark Customer 01573,benchmark.customer01573@example.test,ACTIVE
600001574,Benchmark Customer 01574,benchmark.customer01574@example.test,ACTIVE
600001575,Benchmark Customer 01575,benchmark.customer01575@example.test,ACTIVE
600001576,Benchmark Customer 01576,benchmark.customer01576@example.test,ACTIVE
600001577,Benchmark Customer 01577,benchmark.customer01577@example.test,ACTIVE
600001578,Benchmark Customer 01578,benchmark.customer01578@example.test,ACTIVE
600001579,Benchmark Customer 01579,benchmark.customer01579@example.test,ACTIVE
600001580,Benchmark Customer 01580,benchmark.customer01580@example.test,ACTIVE
600001581,Benchmark Customer 01581,benchmark.customer01581@example.test,ACTIVE
600001582,Benchmark Customer 01582,benchmark.customer01582@example.test,ACTIVE
600001583,Benchmark Customer 01583,benchmark.customer01583@example.test,ACTIVE
600001584,Benchmark Customer 01584,benchmark.customer01584@example.test,ACTIVE
600001585,Benchmark Customer 01585,benchmark.customer01585@example.test,ACTIVE
600001586,Benchmark Customer 01586,benchmark.customer01586@example.test,ACTIVE
600001587,Benchmark Customer 01587,benchmark.customer01587@example.test,ACTIVE
600001588,Benchmark Customer 01588,benchmark.customer01588@example.test,ACTIVE
600001589,Benchmark Customer 01589,benchmark.customer01589@example.test,ACTIVE
600001590,Benchmark Customer 01590,benchmark.customer01590@example.test,ACTIVE
600001591,Benchmark Customer 01591,benchmark.customer01591@example.test,ACTIVE
600001592,Benchmark Customer 01592,benchmark.customer01592@example.test,ACTIVE
600001593,Benchmark Customer 01593,benchmark.customer01593@example.test,ACTIVE
600001594,Benchmark Customer 01594,benchmark.customer01594@example.test,ACTIVE
600001595,Benchmark Customer 01595,benchmark.customer01595@example.test,ACTIVE
600001596,Benchmark Customer 01596,benchmark.customer01596@example.test,ACTIVE
600001597,Benchmark Customer 01597,benchmark.customer01597@example.test,ACTIVE
600001598,Benchmark Customer 01598,benchmark.customer01598@example.test,ACTIVE
600001599,Benchmark Customer 01599,benchmark.customer01599@example.test,ACTIVE
600001600,Benchmark Customer 01600,benchmark.customer01600@example.test,ACTIVE
600001601,Benchmark Customer 01601,benchmark.customer01601@example.test,ACTIVE
600001602,Benchmark Customer 01602,benchmark.customer01602@example.test,ACTIVE
600001603,Benchmark Customer 01603,benchmark.customer01603@example.test,ACTIVE
600001604,Benchmark Customer 01604,benchmark.customer01604@example.test,ACTIVE
600001605,Benchmark Customer 01605,benchmark.customer01605@example.test,ACTIVE
600001606,Benchmark Customer 01606,benchmark.customer01606@example.test,ACTIVE
600001607,Benchmark Customer 01607,benchmark.customer01607@example.test,ACTIVE
600001608,Benchmark Customer 01608,benchmark.customer01608@example.test,ACTIVE
600001609,Benchmark Customer 01609,benchmark.customer01609@example.test,ACTIVE
600001610,Benchmark Customer 01610,benchmark.customer01610@example.test,ACTIVE
600001611,Benchmark Customer 01611,benchmark.customer01611@example.test,ACTIVE
600001612,Benchmark Customer 01612,benchmark.customer01612@example.test,ACTIVE
600001613,Benchmark Customer 01613,benchmark.customer01613@example.test,ACTIVE
600001614,Benchmark Customer 01614,benchmark.customer01614@example.test,ACTIVE
600001615,Benchmark Customer 01615,benchmark.customer01615@example.test,ACTIVE
600001616,Benchmark Customer 01616,benchmark.customer01616@example.test,ACTIVE
600001617,Benchmark Customer 01617,benchmark.customer01617@example.test,ACTIVE
600001618,Benchmark Customer 01618,benchmark.customer01618@example.test,ACTIVE
600001619,Benchmark Customer 01619,benchmark.customer01619@example.test,ACTIVE
600001620,Benchmark Customer 01620,benchmark.customer01620@example.test,ACTIVE
600001621,Benchmark Customer 01621,benchmark.customer01621@example.test,ACTIVE
600001622,Benchmark Customer 01622,benchmark.customer01622@example.test,ACTIVE
600001623,Benchmark Customer 01623,benchmark.customer01623@example.test,ACTIVE
600001624,Benchmark Customer 01624,benchmark.customer01624@example.test,ACTIVE
600001625,Benchmark Customer 01625,benchmark.customer01625@example.test,ACTIVE
600001626,Benchmark Customer 01626,benchmark.customer01626@example.test,ACTIVE
600001627,Benchmark Customer 01627,benchmark.customer01627@example.test,ACTIVE
600001628,Benchmark Customer 01628,benchmark.customer01628@example.test,ACTIVE
600001629,Benchmark Customer 01629,benchmark.customer01629@example.test,ACTIVE
600001630,Benchmark Customer 01630,benchmark.customer01630@example.test,ACTIVE
600001631,Benchmark Customer 01631,benchmark.customer01631@example.test,ACTIVE
600001632,Benchmark Customer 01632,benchmark.customer01632@example.test,ACTIVE
600001633,Benchmark Customer 01633,benchmark.customer01633@example.test,ACTIVE
600001634,Benchmark Customer 01634,benchmark.customer01634@example.test,ACTIVE
600001635,Benchmark Customer 01635,benchmark.customer01635@example.test,ACTIVE
600001636,Benchmark Customer 01636,benchmark.customer01636@example.test,ACTIVE
600001637,Benchmark Customer 01637,benchmark.customer01637@example.test,ACTIVE
600001638,Benchmark Customer 01638,benchmark.customer01638@example.test,ACTIVE
600001639,Benchmark Customer 01639,benchmark.customer01639@example.test,ACTIVE
600001640,Benchmark Customer 01640,benchmark.customer01640@example.test,ACTIVE
600001641,Benchmark Customer 01641,benchmark.customer01641@example.test,ACTIVE
600001642,Benchmark Customer 01642,benchmark.customer01642@example.test,ACTIVE
600001643,Benchmark Customer 01643,benchmark.customer01643@example.test,ACTIVE
600001644,Benchmark Customer 01644,benchmark.customer01644@example.test,ACTIVE
600001645,Benchmark Customer 01645,benchmark.customer01645@example.test,ACTIVE
600001646,Benchmark Customer 01646,benchmark.customer01646@example.test,ACTIVE
600001647,Benchmark Customer 01647,benchmark.customer01647@example.test,ACTIVE
600001648,Benchmark Customer 01648,benchmark.customer01648@example.test,ACTIVE
600001649,Benchmark Customer 01649,benchmark.customer01649@example.test,ACTIVE
600001650,Benchmark Customer 01650,benchmark.customer01650@example.test,ACTIVE
600001651,Benchmark Customer 01651,benchmark.customer01651@example.test,ACTIVE
600001652,Benchmark Customer 01652,benchmark.customer01652@example.test,ACTIVE
600001653,Benchmark Customer 01653,benchmark.customer01653@example.test,ACTIVE
600001654,Benchmark Customer 01654,benchmark.customer01654@example.test,ACTIVE
600001655,Benchmark Customer 01655,benchmark.customer01655@example.test,ACTIVE
600001656,Benchmark Customer 01656,benchmark.customer01656@example.test,ACTIVE
600001657,Benchmark Customer 01657,benchmark.customer01657@example.test,ACTIVE
600001658,Benchmark Customer 01658,benchmark.customer01658@example.test,ACTIVE
600001659,Benchmark Customer 01659,benchmark.customer01659@example.test,ACTIVE
600001660,Benchmark Customer 01660,benchmark.customer01660@example.test,ACTIVE
600001661,Benchmark Customer 01661,benchmark.customer01661@example.test,ACTIVE
600001662,Benchmark Customer 01662,benchmark.customer01662@example.test,ACTIVE
600001663,Benchmark Customer 01663,benchmark.customer01663@example.test,ACTIVE
600001664,Benchmark Customer 01664,benchmark.customer01664@example.test,ACTIVE
600001665,Benchmark Customer 01665,benchmark.customer01665@example.test,ACTIVE
600001666,Benchmark Customer 01666,benchmark.customer01666@example.test,ACTIVE
600001667,Benchmark Customer 01667,benchmark.customer01667@example.test,ACTIVE
600001668,Benchmark Customer 01668,benchmark.customer01668@example.test,ACTIVE
600001669,Benchmark Customer 01669,benchmark.customer01669@example.test,ACTIVE
600001670,Benchmark Customer 01670,benchmark.customer01670@example.test,ACTIVE
600001671,Benchmark Customer 01671,benchmark.customer01671@example.test,ACTIVE
600001672,Benchmark Customer 01672,benchmark.customer01672@example.test,ACTIVE
600001673,Benchmark Customer 01673,benchmark.customer01673@example.test,ACTIVE
600001674,Benchmark Customer 01674,benchmark.customer01674@example.test,ACTIVE
600001675,Benchmark Customer 01675,benchmark.customer01675@example.test,ACTIVE
600001676,Benchmark Customer 01676,benchmark.customer01676@example.test,ACTIVE
600001677,Benchmark Customer 01677,benchmark.customer01677@example.test,ACTIVE
600001678,Benchmark Customer 01678,benchmark.customer01678@example.test,ACTIVE
600001679,Benchmark Customer 01679,benchmark.customer01679@example.test,ACTIVE
600001680,Benchmark Customer 01680,benchmark.customer01680@example.test,ACTIVE
600001681,Benchmark Customer 01681,benchmark.customer01681@example.test,ACTIVE
600001682,Benchmark Customer 01682,benchmark.customer01682@example.test,ACTIVE
600001683,Benchmark Customer 01683,benchmark.customer01683@example.test,ACTIVE
600001684,Benchmark Customer 01684,benchmark.customer01684@example.test,ACTIVE
600001685,Benchmark Customer 01685,benchmark.customer01685@example.test,ACTIVE
600001686,Benchmark Customer 01686,benchmark.customer01686@example.test,ACTIVE
600001687,Benchmark Customer 01687,benchmark.customer01687@example.test,ACTIVE
600001688,Benchmark Customer 01688,benchmark.customer01688@example.test,ACTIVE
600001689,Benchmark Customer 01689,benchmark.customer01689@example.test,ACTIVE
600001690,Benchmark Customer 01690,benchmark.customer01690@example.test,ACTIVE
600001691,Benchmark Customer 01691,benchmark.customer01691@example.test,ACTIVE
600001692,Benchmark Customer 01692,benchmark.customer01692@example.test,ACTIVE
600001693,Benchmark Customer 01693,benchmark.customer01693@example.test,ACTIVE
600001694,Benchmark Customer 01694,benchmark.customer01694@example.test,ACTIVE
600001695,Benchmark Customer 01695,benchmark.customer01695@example.test,ACTIVE
600001696,Benchmark Customer 01696,benchmark.customer01696@example.test,ACTIVE
600001697,Benchmark Customer 01697,benchmark.customer01697@example.test,ACTIVE
600001698,Benchmark Customer 01698,benchmark.customer01698@example.test,ACTIVE
600001699,Benchmark Customer 01699,benchmark.customer01699@example.test,ACTIVE
600001700,Benchmark Customer 01700,benchmark.customer01700@example.test,ACTIVE
600001701,Benchmark Customer 01701,benchmark.customer01701@example.test,ACTIVE
600001702,Benchmark Customer 01702,benchmark.customer01702@example.test,ACTIVE
600001703,Benchmark Customer 01703,benchmark.customer01703@example.test,ACTIVE
600001704,Benchmark Customer 01704,benchmark.customer01704@example.test,ACTIVE
600001705,Benchmark Customer 01705,benchmark.customer01705@example.test,ACTIVE
600001706,Benchmark Customer 01706,benchmark.customer01706@example.test,ACTIVE
600001707,Benchmark Customer 01707,benchmark.customer01707@example.test,ACTIVE
600001708,Benchmark Customer 01708,benchmark.customer01708@example.test,ACTIVE
600001709,Benchmark Customer 01709,benchmark.customer01709@example.test,ACTIVE
600001710,Benchmark Customer 01710,benchmark.customer01710@example.test,ACTIVE
600001711,Benchmark Customer 01711,benchmark.customer01711@example.test,ACTIVE
600001712,Benchmark Customer 01712,benchmark.customer01712@example.test,ACTIVE
600001713,Benchmark Customer 01713,benchmark.customer01713@example.test,ACTIVE
600001714,Benchmark Customer 01714,benchmark.customer01714@example.test,ACTIVE
600001715,Benchmark Customer 01715,benchmark.customer01715@example.test,ACTIVE
600001716,Benchmark Customer 01716,benchmark.customer01716@example.test,ACTIVE
600001717,Benchmark Customer 01717,benchmark.customer01717@example.test,ACTIVE
600001718,Benchmark Customer 01718,benchmark.customer01718@example.test,ACTIVE
600001719,Benchmark Customer 01719,benchmark.customer01719@example.test,ACTIVE
600001720,Benchmark Customer 01720,benchmark.customer01720@example.test,ACTIVE
600001721,Benchmark Customer 01721,benchmark.customer01721@example.test,ACTIVE
600001722,Benchmark Customer 01722,benchmark.customer01722@example.test,ACTIVE
600001723,Benchmark Customer 01723,benchmark.customer01723@example.test,ACTIVE
600001724,Benchmark Customer 01724,benchmark.customer01724@example.test,ACTIVE
600001725,Benchmark Customer 01725,benchmark.customer01725@example.test,ACTIVE
600001726,Benchmark Customer 01726,benchmark.customer01726@example.test,ACTIVE
600001727,Benchmark Customer 01727,benchmark.customer01727@example.test,ACTIVE
600001728,Benchmark Customer 01728,benchmark.customer01728@example.test,ACTIVE
600001729,Benchmark Customer 01729,benchmark.customer01729@example.test,ACTIVE
600001730,Benchmark Customer 01730,benchmark.customer01730@example.test,ACTIVE
600001731,Benchmark Customer 01731,benchmark.customer01731@example.test,ACTIVE
600001732,Benchmark Customer 01732,benchmark.customer01732@example.test,ACTIVE
600001733,Benchmark Customer 01733,benchmark.customer01733@example.test,ACTIVE
600001734,Benchmark Customer 01734,benchmark.customer01734@example.test,ACTIVE
600001735,Benchmark Customer 01735,benchmark.customer01735@example.test,ACTIVE
600001736,Benchmark Customer 01736,benchmark.customer01736@example.test,ACTIVE
600001737,Benchmark Customer 01737,benchmark.customer01737@example.test,ACTIVE
600001738,Benchmark Customer 01738,benchmark.customer01738@example.test,ACTIVE
600001739,Benchmark Customer 01739,benchmark.customer01739@example.test,ACTIVE
600001740,Benchmark Customer 01740,benchmark.customer01740@example.test,ACTIVE
600001741,Benchmark Customer 01741,benchmark.customer01741@example.test,ACTIVE
600001742,Benchmark Customer 01742,benchmark.customer01742@example.test,ACTIVE
600001743,Benchmark Customer 01743,benchmark.customer01743@example.test,ACTIVE
600001744,Benchmark Customer 01744,benchmark.customer01744@example.test,ACTIVE
600001745,Benchmark Customer 01745,benchmark.customer01745@example.test,ACTIVE
600001746,Benchmark Customer 01746,benchmark.customer01746@example.test,ACTIVE
600001747,Benchmark Customer 01747,benchmark.customer01747@example.test,ACTIVE
600001748,Benchmark Customer 01748,benchmark.customer01748@example.test,ACTIVE
600001749,Benchmark Customer 01749,benchmark.customer01749@example.test,ACTIVE
600001750,Benchmark Customer 01750,benchmark.customer01750@example.test,ACTIVE
600001751,Benchmark Customer 01751,benchmark.customer01751@example.test,ACTIVE
600001752,Benchmark Customer 01752,benchmark.customer01752@example.test,ACTIVE
600001753,Benchmark Customer 01753,benchmark.customer01753@example.test,ACTIVE
600001754,Benchmark Customer 01754,benchmark.customer01754@example.test,ACTIVE
600001755,Benchmark Customer 01755,benchmark.customer01755@example.test,ACTIVE
600001756,Benchmark Customer 01756,benchmark.customer01756@example.test,ACTIVE
600001757,Benchmark Customer 01757,benchmark.customer01757@example.test,ACTIVE
600001758,Benchmark Customer 01758,benchmark.customer01758@example.test,ACTIVE
600001759,Benchmark Customer 01759,benchmark.customer01759@example.test,ACTIVE
600001760,Benchmark Customer 01760,benchmark.customer01760@example.test,ACTIVE
600001761,Benchmark Customer 01761,benchmark.customer01761@example.test,ACTIVE
600001762,Benchmark Customer 01762,benchmark.customer01762@example.test,ACTIVE
600001763,Benchmark Customer 01763,benchmark.customer01763@example.test,ACTIVE
600001764,Benchmark Customer 01764,benchmark.customer01764@example.test,ACTIVE
600001765,Benchmark Customer 01765,benchmark.customer01765@example.test,ACTIVE
600001766,Benchmark Customer 01766,benchmark.customer01766@example.test,ACTIVE
600001767,Benchmark Customer 01767,benchmark.customer01767@example.test,ACTIVE
600001768,Benchmark Customer 01768,benchmark.customer01768@example.test,ACTIVE
600001769,Benchmark Customer 01769,benchmark.customer01769@example.test,ACTIVE
600001770,Benchmark Customer 01770,benchmark.customer01770@example.test,ACTIVE
600001771,Benchmark Customer 01771,benchmark.customer01771@example.test,ACTIVE
600001772,Benchmark Customer 01772,benchmark.customer01772@example.test,ACTIVE
600001773,Benchmark Customer 01773,benchmark.customer01773@example.test,ACTIVE
600001774,Benchmark Customer 01774,benchmark.customer01774@example.test,ACTIVE
600001775,Benchmark Customer 01775,benchmark.customer01775@example.test,ACTIVE
600001776,Benchmark Customer 01776,benchmark.customer01776@example.test,ACTIVE
600001777,Benchmark Customer 01777,benchmark.customer01777@example.test,ACTIVE
600001778,Benchmark Customer 01778,benchmark.customer01778@example.test,ACTIVE
600001779,Benchmark Customer 01779,benchmark.customer01779@example.test,ACTIVE
600001780,Benchmark Customer 01780,benchmark.customer01780@example.test,ACTIVE
600001781,Benchmark Customer 01781,benchmark.customer01781@example.test,ACTIVE
600001782,Benchmark Customer 01782,benchmark.customer01782@example.test,ACTIVE
600001783,Benchmark Customer 01783,benchmark.customer01783@example.test,ACTIVE
600001784,Benchmark Customer 01784,benchmark.customer01784@example.test,ACTIVE
600001785,Benchmark Customer 01785,benchmark.customer01785@example.test,ACTIVE
600001786,Benchmark Customer 01786,benchmark.customer01786@example.test,ACTIVE
600001787,Benchmark Customer 01787,benchmark.customer01787@example.test,ACTIVE
600001788,Benchmark Customer 01788,benchmark.customer01788@example.test,ACTIVE
600001789,Benchmark Customer 01789,benchmark.customer01789@example.test,ACTIVE
600001790,Benchmark Customer 01790,benchmark.customer01790@example.test,ACTIVE
600001791,Benchmark Customer 01791,benchmark.customer01791@example.test,ACTIVE
600001792,Benchmark Customer 01792,benchmark.customer01792@example.test,ACTIVE
600001793,Benchmark Customer 01793,benchmark.customer01793@example.test,ACTIVE
600001794,Benchmark Customer 01794,benchmark.customer01794@example.test,ACTIVE
600001795,Benchmark Customer 01795,benchmark.customer01795@example.test,ACTIVE
600001796,Benchmark Customer 01796,benchmark.customer01796@example.test,ACTIVE
600001797,Benchmark Customer 01797,benchmark.customer01797@example.test,ACTIVE
600001798,Benchmark Customer 01798,benchmark.customer01798@example.test,ACTIVE
600001799,Benchmark Customer 01799,benchmark.customer01799@example.test,ACTIVE
600001800,Benchmark Customer 01800,benchmark.customer01800@example.test,ACTIVE
600001801,Benchmark Customer 01801,benchmark.customer01801@example.test,ACTIVE
600001802,Benchmark Customer 01802,benchmark.customer01802@example.test,ACTIVE
600001803,Benchmark Customer 01803,benchmark.customer01803@example.test,ACTIVE
600001804,Benchmark Customer 01804,benchmark.customer01804@example.test,ACTIVE
600001805,Benchmark Customer 01805,benchmark.customer01805@example.test,ACTIVE
600001806,Benchmark Customer 01806,benchmark.customer01806@example.test,ACTIVE
600001807,Benchmark Customer 01807,benchmark.customer01807@example.test,ACTIVE
600001808,Benchmark Customer 01808,benchmark.customer01808@example.test,ACTIVE
600001809,Benchmark Customer 01809,benchmark.customer01809@example.test,ACTIVE
600001810,Benchmark Customer 01810,benchmark.customer01810@example.test,ACTIVE
600001811,Benchmark Customer 01811,benchmark.customer01811@example.test,ACTIVE
600001812,Benchmark Customer 01812,benchmark.customer01812@example.test,ACTIVE
600001813,Benchmark Customer 01813,benchmark.customer01813@example.test,ACTIVE
600001814,Benchmark Customer 01814,benchmark.customer01814@example.test,ACTIVE
600001815,Benchmark Customer 01815,benchmark.customer01815@example.test,ACTIVE
600001816,Benchmark Customer 01816,benchmark.customer01816@example.test,ACTIVE
600001817,Benchmark Customer 01817,benchmark.customer01817@example.test,ACTIVE
600001818,Benchmark Customer 01818,benchmark.customer01818@example.test,ACTIVE
600001819,Benchmark Customer 01819,benchmark.customer01819@example.test,ACTIVE
600001820,Benchmark Customer 01820,benchmark.customer01820@example.test,ACTIVE
600001821,Benchmark Customer 01821,benchmark.customer01821@example.test,ACTIVE
600001822,Benchmark Customer 01822,benchmark.customer01822@example.test,ACTIVE
600001823,Benchmark Customer 01823,benchmark.customer01823@example.test,ACTIVE
600001824,Benchmark Customer 01824,benchmark.customer01824@example.test,ACTIVE
600001825,Benchmark Customer 01825,benchmark.customer01825@example.test,ACTIVE
600001826,Benchmark Customer 01826,benchmark.customer01826@example.test,ACTIVE
600001827,Benchmark Customer 01827,benchmark.customer01827@example.test,ACTIVE
600001828,Benchmark Customer 01828,benchmark.customer01828@example.test,ACTIVE
600001829,Benchmark Customer 01829,benchmark.customer01829@example.test,ACTIVE
600001830,Benchmark Customer 01830,benchmark.customer01830@example.test,ACTIVE
600001831,Benchmark Customer 01831,benchmark.customer01831@example.test,ACTIVE
600001832,Benchmark Customer 01832,benchmark.customer01832@example.test,ACTIVE
600001833,Benchmark Customer 01833,benchmark.customer01833@example.test,ACTIVE
600001834,Benchmark Customer 01834,benchmark.customer01834@example.test,ACTIVE
600001835,Benchmark Customer 01835,benchmark.customer01835@example.test,ACTIVE
600001836,Benchmark Customer 01836,benchmark.customer01836@example.test,ACTIVE
600001837,Benchmark Customer 01837,benchmark.customer01837@example.test,ACTIVE
600001838,Benchmark Customer 01838,benchmark.customer01838@example.test,ACTIVE
600001839,Benchmark Customer 01839,benchmark.customer01839@example.test,ACTIVE
600001840,Benchmark Customer 01840,benchmark.customer01840@example.test,ACTIVE
600001841,Benchmark Customer 01841,benchmark.customer01841@example.test,ACTIVE
600001842,Benchmark Customer 01842,benchmark.customer01842@example.test,ACTIVE
600001843,Benchmark Customer 01843,benchmark.customer01843@example.test,ACTIVE
600001844,Benchmark Customer 01844,benchmark.customer01844@example.test,ACTIVE
600001845,Benchmark Customer 01845,benchmark.customer01845@example.test,ACTIVE
600001846,Benchmark Customer 01846,benchmark.customer01846@example.test,ACTIVE
600001847,Benchmark Customer 01847,benchmark.customer01847@example.test,ACTIVE
600001848,Benchmark Customer 01848,benchmark.customer01848@example.test,ACTIVE
600001849,Benchmark Customer 01849,benchmark.customer01849@example.test,ACTIVE
600001850,Benchmark Customer 01850,benchmark.customer01850@example.test,ACTIVE
600001851,Benchmark Customer 01851,benchmark.customer01851@example.test,ACTIVE
600001852,Benchmark Customer 01852,benchmark.customer01852@example.test,ACTIVE
600001853,Benchmark Customer 01853,benchmark.customer01853@example.test,ACTIVE
600001854,Benchmark Customer 01854,benchmark.customer01854@example.test,ACTIVE
600001855,Benchmark Customer 01855,benchmark.customer01855@example.test,ACTIVE
600001856,Benchmark Customer 01856,benchmark.customer01856@example.test,ACTIVE
600001857,Benchmark Customer 01857,benchmark.customer01857@example.test,ACTIVE
600001858,Benchmark Customer 01858,benchmark.customer01858@example.test,ACTIVE
600001859,Benchmark Customer 01859,benchmark.customer01859@example.test,ACTIVE
600001860,Benchmark Customer 01860,benchmark.customer01860@example.test,ACTIVE
600001861,Benchmark Customer 01861,benchmark.customer01861@example.test,ACTIVE
600001862,Benchmark Customer 01862,benchmark.customer01862@example.test,ACTIVE
600001863,Benchmark Customer 01863,benchmark.customer01863@example.test,ACTIVE
600001864,Benchmark Customer 01864,benchmark.customer01864@example.test,ACTIVE
600001865,Benchmark Customer 01865,benchmark.customer01865@example.test,ACTIVE
600001866,Benchmark Customer 01866,benchmark.customer01866@example.test,ACTIVE
600001867,Benchmark Customer 01867,benchmark.customer01867@example.test,ACTIVE
600001868,Benchmark Customer 01868,benchmark.customer01868@example.test,ACTIVE
600001869,Benchmark Customer 01869,benchmark.customer01869@example.test,ACTIVE
600001870,Benchmark Customer 01870,benchmark.customer01870@example.test,ACTIVE
600001871,Benchmark Customer 01871,benchmark.customer01871@example.test,ACTIVE
600001872,Benchmark Customer 01872,benchmark.customer01872@example.test,ACTIVE
600001873,Benchmark Customer 01873,benchmark.customer01873@example.test,ACTIVE
600001874,Benchmark Customer 01874,benchmark.customer01874@example.test,ACTIVE
600001875,Benchmark Customer 01875,benchmark.customer01875@example.test,ACTIVE
600001876,Benchmark Customer 01876,benchmark.customer01876@example.test,ACTIVE
600001877,Benchmark Customer 01877,benchmark.customer01877@example.test,ACTIVE
600001878,Benchmark Customer 01878,benchmark.customer01878@example.test,ACTIVE
600001879,Benchmark Customer 01879,benchmark.customer01879@example.test,ACTIVE
600001880,Benchmark Customer 01880,benchmark.customer01880@example.test,ACTIVE
600001881,Benchmark Customer 01881,benchmark.customer01881@example.test,ACTIVE
600001882,Benchmark Customer 01882,benchmark.customer01882@example.test,ACTIVE
600001883,Benchmark Customer 01883,benchmark.customer01883@example.test,ACTIVE
600001884,Benchmark Customer 01884,benchmark.customer01884@example.test,ACTIVE
600001885,Benchmark Customer 01885,benchmark.customer01885@example.test,ACTIVE
600001886,Benchmark Customer 01886,benchmark.customer01886@example.test,ACTIVE
600001887,Benchmark Customer 01887,benchmark.customer01887@example.test,ACTIVE
600001888,Benchmark Customer 01888,benchmark.customer01888@example.test,ACTIVE
600001889,Benchmark Customer 01889,benchmark.customer01889@example.test,ACTIVE
600001890,Benchmark Customer 01890,benchmark.customer01890@example.test,ACTIVE
600001891,Benchmark Customer 01891,benchmark.customer01891@example.test,ACTIVE
600001892,Benchmark Customer 01892,benchmark.customer01892@example.test,ACTIVE
600001893,Benchmark Customer 01893,benchmark.customer01893@example.test,ACTIVE
600001894,Benchmark Customer 01894,benchmark.customer01894@example.test,ACTIVE
600001895,Benchmark Customer 01895,benchmark.customer01895@example.test,ACTIVE
600001896,Benchmark Customer 01896,benchmark.customer01896@example.test,ACTIVE
600001897,Benchmark Customer 01897,benchmark.customer01897@example.test,ACTIVE
600001898,Benchmark Customer 01898,benchmark.customer01898@example.test,ACTIVE
600001899,Benchmark Customer 01899,benchmark.customer01899@example.test,ACTIVE
600001900,Benchmark Customer 01900,benchmark.customer01900@example.test,ACTIVE
600001901,Benchmark Customer 01901,benchmark.customer01901@example.test,ACTIVE
600001902,Benchmark Customer 01902,benchmark.customer01902@example.test,ACTIVE
600001903,Benchmark Customer 01903,benchmark.customer01903@example.test,ACTIVE
600001904,Benchmark Customer 01904,benchmark.customer01904@example.test,ACTIVE
600001905,Benchmark Customer 01905,benchmark.customer01905@example.test,ACTIVE
600001906,Benchmark Customer 01906,benchmark.customer01906@example.test,ACTIVE
600001907,Benchmark Customer 01907,benchmark.customer01907@example.test,ACTIVE
600001908,Benchmark Customer 01908,benchmark.customer01908@example.test,ACTIVE
600001909,Benchmark Customer 01909,benchmark.customer01909@example.test,ACTIVE
600001910,Benchmark Customer 01910,benchmark.customer01910@example.test,ACTIVE
600001911,Benchmark Customer 01911,benchmark.customer01911@example.test,ACTIVE
600001912,Benchmark Customer 01912,benchmark.customer01912@example.test,ACTIVE
600001913,Benchmark Customer 01913,benchmark.customer01913@example.test,ACTIVE
600001914,Benchmark Customer 01914,benchmark.customer01914@example.test,ACTIVE
600001915,Benchmark Customer 01915,benchmark.customer01915@example.test,ACTIVE
600001916,Benchmark Customer 01916,benchmark.customer01916@example.test,ACTIVE
600001917,Benchmark Customer 01917,benchmark.customer01917@example.test,ACTIVE
600001918,Benchmark Customer 01918,benchmark.customer01918@example.test,ACTIVE
600001919,Benchmark Customer 01919,benchmark.customer01919@example.test,ACTIVE
600001920,Benchmark Customer 01920,benchmark.customer01920@example.test,ACTIVE
600001921,Benchmark Customer 01921,benchmark.customer01921@example.test,ACTIVE
600001922,Benchmark Customer 01922,benchmark.customer01922@example.test,ACTIVE
600001923,Benchmark Customer 01923,benchmark.customer01923@example.test,ACTIVE
600001924,Benchmark Customer 01924,benchmark.customer01924@example.test,ACTIVE
600001925,Benchmark Customer 01925,benchmark.customer01925@example.test,ACTIVE
600001926,Benchmark Customer 01926,benchmark.customer01926@example.test,ACTIVE
600001927,Benchmark Customer 01927,benchmark.customer01927@example.test,ACTIVE
600001928,Benchmark Customer 01928,benchmark.customer01928@example.test,ACTIVE
600001929,Benchmark Customer 01929,benchmark.customer01929@example.test,ACTIVE
600001930,Benchmark Customer 01930,benchmark.customer01930@example.test,ACTIVE
600001931,Benchmark Customer 01931,benchmark.customer01931@example.test,ACTIVE
600001932,Benchmark Customer 01932,benchmark.customer01932@example.test,ACTIVE
600001933,Benchmark Customer 01933,benchmark.customer01933@example.test,ACTIVE
600001934,Benchmark Customer 01934,benchmark.customer01934@example.test,ACTIVE
600001935,Benchmark Customer 01935,benchmark.customer01935@example.test,ACTIVE
600001936,Benchmark Customer 01936,benchmark.customer01936@example.test,ACTIVE
600001937,Benchmark Customer 01937,benchmark.customer01937@example.test,ACTIVE
600001938,Benchmark Customer 01938,benchmark.customer01938@example.test,ACTIVE
600001939,Benchmark Customer 01939,benchmark.customer01939@example.test,ACTIVE
600001940,Benchmark Customer 01940,benchmark.customer01940@example.test,ACTIVE
600001941,Benchmark Customer 01941,benchmark.customer01941@example.test,ACTIVE
600001942,Benchmark Customer 01942,benchmark.customer01942@example.test,ACTIVE
600001943,Benchmark Customer 01943,benchmark.customer01943@example.test,ACTIVE
600001944,Benchmark Customer 01944,benchmark.customer01944@example.test,ACTIVE
600001945,Benchmark Customer 01945,benchmark.customer01945@example.test,ACTIVE
600001946,Benchmark Customer 01946,benchmark.customer01946@example.test,ACTIVE
600001947,Benchmark Customer 01947,benchmark.customer01947@example.test,ACTIVE
600001948,Benchmark Customer 01948,benchmark.customer01948@example.test,ACTIVE
600001949,Benchmark Customer 01949,benchmark.customer01949@example.test,ACTIVE
600001950,Benchmark Customer 01950,benchmark.customer01950@example.test,ACTIVE
600001951,Benchmark Customer 01951,benchmark.customer01951@example.test,ACTIVE
600001952,Benchmark Customer 01952,benchmark.customer01952@example.test,ACTIVE
600001953,Benchmark Customer 01953,benchmark.customer01953@example.test,ACTIVE
600001954,Benchmark Customer 01954,benchmark.customer01954@example.test,ACTIVE
600001955,Benchmark Customer 01955,benchmark.customer01955@example.test,ACTIVE
600001956,Benchmark Customer 01956,benchmark.customer01956@example.test,ACTIVE
600001957,Benchmark Customer 01957,benchmark.customer01957@example.test,ACTIVE
600001958,Benchmark Customer 01958,benchmark.customer01958@example.test,ACTIVE
600001959,Benchmark Customer 01959,benchmark.customer01959@example.test,ACTIVE
600001960,Benchmark Customer 01960,benchmark.customer01960@example.test,ACTIVE
600001961,Benchmark Customer 01961,benchmark.customer01961@example.test,ACTIVE
600001962,Benchmark Customer 01962,benchmark.customer01962@example.test,ACTIVE
600001963,Benchmark Customer 01963,benchmark.customer01963@example.test,ACTIVE
600001964,Benchmark Customer 01964,benchmark.customer01964@example.test,ACTIVE
600001965,Benchmark Customer 01965,benchmark.customer01965@example.test,ACTIVE
600001966,Benchmark Customer 01966,benchmark.customer01966@example.test,ACTIVE
600001967,Benchmark Customer 01967,benchmark.customer01967@example.test,ACTIVE
600001968,Benchmark Customer 01968,benchmark.customer01968@example.test,ACTIVE
600001969,Benchmark Customer 01969,benchmark.customer01969@example.test,ACTIVE
600001970,Benchmark Customer 01970,benchmark.customer01970@example.test,ACTIVE
600001971,Benchmark Customer 01971,benchmark.customer01971@example.test,ACTIVE
600001972,Benchmark Customer 01972,benchmark.customer01972@example.test,ACTIVE
600001973,Benchmark Customer 01973,benchmark.customer01973@example.test,ACTIVE
600001974,Benchmark Customer 01974,benchmark.customer01974@example.test,ACTIVE
600001975,Benchmark Customer 01975,benchmark.customer01975@example.test,ACTIVE
600001976,Benchmark Customer 01976,benchmark.customer01976@example.test,ACTIVE
600001977,Benchmark Customer 01977,benchmark.customer01977@example.test,ACTIVE
600001978,Benchmark Customer 01978,benchmark.customer01978@example.test,ACTIVE
600001979,Benchmark Customer 01979,benchmark.customer01979@example.test,ACTIVE
600001980,Benchmark Customer 01980,benchmark.customer01980@example.test,ACTIVE
600001981,Benchmark Customer 01981,benchmark.customer01981@example.test,ACTIVE
600001982,Benchmark Customer 01982,benchmark.customer01982@example.test,ACTIVE
600001983,Benchmark Customer 01983,benchmark.customer01983@example.test,ACTIVE
600001984,Benchmark Customer 01984,benchmark.customer01984@example.test,ACTIVE
600001985,Benchmark Customer 01985,benchmark.customer01985@example.test,ACTIVE
600001986,Benchmark Customer 01986,benchmark.customer01986@example.test,ACTIVE
600001987,Benchmark Customer 01987,benchmark.customer01987@example.test,ACTIVE
600001988,Benchmark Customer 01988,benchmark.customer01988@example.test,ACTIVE
600001989,Benchmark Customer 01989,benchmark.customer01989@example.test,ACTIVE
600001990,Benchmark Customer 01990,benchmark.customer01990@example.test,ACTIVE
600001991,Benchmark Customer 01991,benchmark.customer01991@example.test,ACTIVE
600001992,Benchmark Customer 01992,benchmark.customer01992@example.test,ACTIVE
600001993,Benchmark Customer 01993,benchmark.customer01993@example.test,ACTIVE
600001994,Benchmark Customer 01994,benchmark.customer01994@example.test,ACTIVE
600001995,Benchmark Customer 01995,benchmark.customer01995@example.test,ACTIVE
600001996,Benchmark Customer 01996,benchmark.customer01996@example.test,ACTIVE
600001997,Benchmark Customer 01997,benchmark.customer01997@example.test,ACTIVE
600001998,Benchmark Customer 01998,benchmark.customer01998@example.test,ACTIVE
600001999,Benchmark Customer 01999,benchmark.customer01999@example.test,ACTIVE
600002000,Benchmark Customer 02000,benchmark.customer02000@example.test,ACTIVE
600002001,Benchmark Customer 02001,benchmark.customer02001@example.test,ACTIVE
600002002,Benchmark Customer 02002,benchmark.customer02002@example.test,ACTIVE
600002003,Benchmark Customer 02003,benchmark.customer02003@example.test,ACTIVE
600002004,Benchmark Customer 02004,benchmark.customer02004@example.test,ACTIVE
600002005,Benchmark Customer 02005,benchmark.customer02005@example.test,ACTIVE
600002006,Benchmark Customer 02006,benchmark.customer02006@example.test,ACTIVE
600002007,Benchmark Customer 02007,benchmark.customer02007@example.test,ACTIVE
600002008,Benchmark Customer 02008,benchmark.customer02008@example.test,ACTIVE
600002009,Benchmark Customer 02009,benchmark.customer02009@example.test,ACTIVE
600002010,Benchmark Customer 02010,benchmark.customer02010@example.test,ACTIVE
600002011,Benchmark Customer 02011,benchmark.customer02011@example.test,ACTIVE
600002012,Benchmark Customer 02012,benchmark.customer02012@example.test,ACTIVE
600002013,Benchmark Customer 02013,benchmark.customer02013@example.test,ACTIVE
600002014,Benchmark Customer 02014,benchmark.customer02014@example.test,ACTIVE
600002015,Benchmark Customer 02015,benchmark.customer02015@example.test,ACTIVE
600002016,Benchmark Customer 02016,benchmark.customer02016@example.test,ACTIVE
600002017,Benchmark Customer 02017,benchmark.customer02017@example.test,ACTIVE
600002018,Benchmark Customer 02018,benchmark.customer02018@example.test,ACTIVE
600002019,Benchmark Customer 02019,benchmark.customer02019@example.test,ACTIVE
600002020,Benchmark Customer 02020,benchmark.customer02020@example.test,ACTIVE
600002021,Benchmark Customer 02021,benchmark.customer02021@example.test,ACTIVE
600002022,Benchmark Customer 02022,benchmark.customer02022@example.test,ACTIVE
600002023,Benchmark Customer 02023,benchmark.customer02023@example.test,ACTIVE
600002024,Benchmark Customer 02024,benchmark.customer02024@example.test,ACTIVE
600002025,Benchmark Customer 02025,benchmark.customer02025@example.test,ACTIVE
600002026,Benchmark Customer 02026,benchmark.customer02026@example.test,ACTIVE
600002027,Benchmark Customer 02027,benchmark.customer02027@example.test,ACTIVE
600002028,Benchmark Customer 02028,benchmark.customer02028@example.test,ACTIVE
600002029,Benchmark Customer 02029,benchmark.customer02029@example.test,ACTIVE
600002030,Benchmark Customer 02030,benchmark.customer02030@example.test,ACTIVE
600002031,Benchmark Customer 02031,benchmark.customer02031@example.test,ACTIVE
600002032,Benchmark Customer 02032,benchmark.customer02032@example.test,ACTIVE
600002033,Benchmark Customer 02033,benchmark.customer02033@example.test,ACTIVE
600002034,Benchmark Customer 02034,benchmark.customer02034@example.test,ACTIVE
600002035,Benchmark Customer 02035,benchmark.customer02035@example.test,ACTIVE
600002036,Benchmark Customer 02036,benchmark.customer02036@example.test,ACTIVE
600002037,Benchmark Customer 02037,benchmark.customer02037@example.test,ACTIVE
600002038,Benchmark Customer 02038,benchmark.customer02038@example.test,ACTIVE
600002039,Benchmark Customer 02039,benchmark.customer02039@example.test,ACTIVE
600002040,Benchmark Customer 02040,benchmark.customer02040@example.test,ACTIVE
600002041,Benchmark Customer 02041,benchmark.customer02041@example.test,ACTIVE
600002042,Benchmark Customer 02042,benchmark.customer02042@example.test,ACTIVE
600002043,Benchmark Customer 02043,benchmark.customer02043@example.test,ACTIVE
600002044,Benchmark Customer 02044,benchmark.customer02044@example.test,ACTIVE
600002045,Benchmark Customer 02045,benchmark.customer02045@example.test,ACTIVE
600002046,Benchmark Customer 02046,benchmark.customer02046@example.test,ACTIVE
600002047,Benchmark Customer 02047,benchmark.customer02047@example.test,ACTIVE
600002048,Benchmark Customer 02048,benchmark.customer02048@example.test,ACTIVE
600002049,Benchmark Customer 02049,benchmark.customer02049@example.test,ACTIVE
600002050,Benchmark Customer 02050,benchmark.customer02050@example.test,ACTIVE
600002051,Benchmark Customer 02051,benchmark.customer02051@example.test,ACTIVE
600002052,Benchmark Customer 02052,benchmark.customer02052@example.test,ACTIVE
600002053,Benchmark Customer 02053,benchmark.customer02053@example.test,ACTIVE
600002054,Benchmark Customer 02054,benchmark.customer02054@example.test,ACTIVE
600002055,Benchmark Customer 02055,benchmark.customer02055@example.test,ACTIVE
600002056,Benchmark Customer 02056,benchmark.customer02056@example.test,ACTIVE
600002057,Benchmark Customer 02057,benchmark.customer02057@example.test,ACTIVE
600002058,Benchmark Customer 02058,benchmark.customer02058@example.test,ACTIVE
600002059,Benchmark Customer 02059,benchmark.customer02059@example.test,ACTIVE
600002060,Benchmark Customer 02060,benchmark.customer02060@example.test,ACTIVE
600002061,Benchmark Customer 02061,benchmark.customer02061@example.test,ACTIVE
600002062,Benchmark Customer 02062,benchmark.customer02062@example.test,ACTIVE
600002063,Benchmark Customer 02063,benchmark.customer02063@example.test,ACTIVE
600002064,Benchmark Customer 02064,benchmark.customer02064@example.test,ACTIVE
600002065,Benchmark Customer 02065,benchmark.customer02065@example.test,ACTIVE
600002066,Benchmark Customer 02066,benchmark.customer02066@example.test,ACTIVE
600002067,Benchmark Customer 02067,benchmark.customer02067@example.test,ACTIVE
600002068,Benchmark Customer 02068,benchmark.customer02068@example.test,ACTIVE
600002069,Benchmark Customer 02069,benchmark.customer02069@example.test,ACTIVE
600002070,Benchmark Customer 02070,benchmark.customer02070@example.test,ACTIVE
600002071,Benchmark Customer 02071,benchmark.customer02071@example.test,ACTIVE
600002072,Benchmark Customer 02072,benchmark.customer02072@example.test,ACTIVE
600002073,Benchmark Customer 02073,benchmark.customer02073@example.test,ACTIVE
600002074,Benchmark Customer 02074,benchmark.customer02074@example.test,ACTIVE
600002075,Benchmark Customer 02075,benchmark.customer02075@example.test,ACTIVE
600002076,Benchmark Customer 02076,benchmark.customer02076@example.test,ACTIVE
600002077,Benchmark Customer 02077,benchmark.customer02077@example.test,ACTIVE
600002078,Benchmark Customer 02078,benchmark.customer02078@example.test,ACTIVE
600002079,Benchmark Customer 02079,benchmark.customer02079@example.test,ACTIVE
600002080,Benchmark Customer 02080,benchmark.customer02080@example.test,ACTIVE
600002081,Benchmark Customer 02081,benchmark.customer02081@example.test,ACTIVE
600002082,Benchmark Customer 02082,benchmark.customer02082@example.test,ACTIVE
600002083,Benchmark Customer 02083,benchmark.customer02083@example.test,ACTIVE
600002084,Benchmark Customer 02084,benchmark.customer02084@example.test,ACTIVE
600002085,Benchmark Customer 02085,benchmark.customer02085@example.test,ACTIVE
600002086,Benchmark Customer 02086,benchmark.customer02086@example.test,ACTIVE
600002087,Benchmark Customer 02087,benchmark.customer02087@example.test,ACTIVE
600002088,Benchmark Customer 02088,benchmark.customer02088@example.test,ACTIVE
600002089,Benchmark Customer 02089,benchmark.customer02089@example.test,ACTIVE
600002090,Benchmark Customer 02090,benchmark.customer02090@example.test,ACTIVE
600002091,Benchmark Customer 02091,benchmark.customer02091@example.test,ACTIVE
600002092,Benchmark Customer 02092,benchmark.customer02092@example.test,ACTIVE
600002093,Benchmark Customer 02093,benchmark.customer02093@example.test,ACTIVE
600002094,Benchmark Customer 02094,benchmark.customer02094@example.test,ACTIVE
600002095,Benchmark Customer 02095,benchmark.customer02095@example.test,ACTIVE
600002096,Benchmark Customer 02096,benchmark.customer02096@example.test,ACTIVE
600002097,Benchmark Customer 02097,benchmark.customer02097@example.test,ACTIVE
600002098,Benchmark Customer 02098,benchmark.customer02098@example.test,ACTIVE
600002099,Benchmark Customer 02099,benchmark.customer02099@example.test,ACTIVE
600002100,Benchmark Customer 02100,benchmark.customer02100@example.test,ACTIVE
600002101,Benchmark Customer 02101,benchmark.customer02101@example.test,ACTIVE
600002102,Benchmark Customer 02102,benchmark.customer02102@example.test,ACTIVE
600002103,Benchmark Customer 02103,benchmark.customer02103@example.test,ACTIVE
600002104,Benchmark Customer 02104,benchmark.customer02104@example.test,ACTIVE
600002105,Benchmark Customer 02105,benchmark.customer02105@example.test,ACTIVE
600002106,Benchmark Customer 02106,benchmark.customer02106@example.test,ACTIVE
600002107,Benchmark Customer 02107,benchmark.customer02107@example.test,ACTIVE
600002108,Benchmark Customer 02108,benchmark.customer02108@example.test,ACTIVE
600002109,Benchmark Customer 02109,benchmark.customer02109@example.test,ACTIVE
600002110,Benchmark Customer 02110,benchmark.customer02110@example.test,ACTIVE
600002111,Benchmark Customer 02111,benchmark.customer02111@example.test,ACTIVE
600002112,Benchmark Customer 02112,benchmark.customer02112@example.test,ACTIVE
600002113,Benchmark Customer 02113,benchmark.customer02113@example.test,ACTIVE
600002114,Benchmark Customer 02114,benchmark.customer02114@example.test,ACTIVE
600002115,Benchmark Customer 02115,benchmark.customer02115@example.test,ACTIVE
600002116,Benchmark Customer 02116,benchmark.customer02116@example.test,ACTIVE
600002117,Benchmark Customer 02117,benchmark.customer02117@example.test,ACTIVE
600002118,Benchmark Customer 02118,benchmark.customer02118@example.test,ACTIVE
600002119,Benchmark Customer 02119,benchmark.customer02119@example.test,ACTIVE
600002120,Benchmark Customer 02120,benchmark.customer02120@example.test,ACTIVE
600002121,Benchmark Customer 02121,benchmark.customer02121@example.test,ACTIVE
600002122,Benchmark Customer 02122,benchmark.customer02122@example.test,ACTIVE
600002123,Benchmark Customer 02123,benchmark.customer02123@example.test,ACTIVE
600002124,Benchmark Customer 02124,benchmark.customer02124@example.test,ACTIVE
600002125,Benchmark Customer 02125,benchmark.customer02125@example.test,ACTIVE
600002126,Benchmark Customer 02126,benchmark.customer02126@example.test,ACTIVE
600002127,Benchmark Customer 02127,benchmark.customer02127@example.test,ACTIVE
600002128,Benchmark Customer 02128,benchmark.customer02128@example.test,ACTIVE
600002129,Benchmark Customer 02129,benchmark.customer02129@example.test,ACTIVE
600002130,Benchmark Customer 02130,benchmark.customer02130@example.test,ACTIVE
600002131,Benchmark Customer 02131,benchmark.customer02131@example.test,ACTIVE
600002132,Benchmark Customer 02132,benchmark.customer02132@example.test,ACTIVE
600002133,Benchmark Customer 02133,benchmark.customer02133@example.test,ACTIVE
600002134,Benchmark Customer 02134,benchmark.customer02134@example.test,ACTIVE
600002135,Benchmark Customer 02135,benchmark.customer02135@example.test,ACTIVE
600002136,Benchmark Customer 02136,benchmark.customer02136@example.test,ACTIVE
600002137,Benchmark Customer 02137,benchmark.customer02137@example.test,ACTIVE
600002138,Benchmark Customer 02138,benchmark.customer02138@example.test,ACTIVE
600002139,Benchmark Customer 02139,benchmark.customer02139@example.test,ACTIVE
600002140,Benchmark Customer 02140,benchmark.customer02140@example.test,ACTIVE
600002141,Benchmark Customer 02141,benchmark.customer02141@example.test,ACTIVE
600002142,Benchmark Customer 02142,benchmark.customer02142@example.test,ACTIVE
600002143,Benchmark Customer 02143,benchmark.customer02143@example.test,ACTIVE
600002144,Benchmark Customer 02144,benchmark.customer02144@example.test,ACTIVE
600002145,Benchmark Customer 02145,benchmark.customer02145@example.test,ACTIVE
600002146,Benchmark Customer 02146,benchmark.customer02146@example.test,ACTIVE
600002147,Benchmark Customer 02147,benchmark.customer02147@example.test,ACTIVE
600002148,Benchmark Customer 02148,benchmark.customer02148@example.test,ACTIVE
600002149,Benchmark Customer 02149,benchmark.customer02149@example.test,ACTIVE
600002150,Benchmark Customer 02150,benchmark.customer02150@example.test,ACTIVE
600002151,Benchmark Customer 02151,benchmark.customer02151@example.test,ACTIVE
600002152,Benchmark Customer 02152,benchmark.customer02152@example.test,ACTIVE
600002153,Benchmark Customer 02153,benchmark.customer02153@example.test,ACTIVE
600002154,Benchmark Customer 02154,benchmark.customer02154@example.test,ACTIVE
600002155,Benchmark Customer 02155,benchmark.customer02155@example.test,ACTIVE
600002156,Benchmark Customer 02156,benchmark.customer02156@example.test,ACTIVE
600002157,Benchmark Customer 02157,benchmark.customer02157@example.test,ACTIVE
600002158,Benchmark Customer 02158,benchmark.customer02158@example.test,ACTIVE
600002159,Benchmark Customer 02159,benchmark.customer02159@example.test,ACTIVE
600002160,Benchmark Customer 02160,benchmark.customer02160@example.test,ACTIVE
600002161,Benchmark Customer 02161,benchmark.customer02161@example.test,ACTIVE
600002162,Benchmark Customer 02162,benchmark.customer02162@example.test,ACTIVE
600002163,Benchmark Customer 02163,benchmark.customer02163@example.test,ACTIVE
600002164,Benchmark Customer 02164,benchmark.customer02164@example.test,ACTIVE
600002165,Benchmark Customer 02165,benchmark.customer02165@example.test,ACTIVE
600002166,Benchmark Customer 02166,benchmark.customer02166@example.test,ACTIVE
600002167,Benchmark Customer 02167,benchmark.customer02167@example.test,ACTIVE
600002168,Benchmark Customer 02168,benchmark.customer02168@example.test,ACTIVE
600002169,Benchmark Customer 02169,benchmark.customer02169@example.test,ACTIVE
600002170,Benchmark Customer 02170,benchmark.customer02170@example.test,ACTIVE
600002171,Benchmark Customer 02171,benchmark.customer02171@example.test,ACTIVE
600002172,Benchmark Customer 02172,benchmark.customer02172@example.test,ACTIVE
600002173,Benchmark Customer 02173,benchmark.customer02173@example.test,ACTIVE
600002174,Benchmark Customer 02174,benchmark.customer02174@example.test,ACTIVE
600002175,Benchmark Customer 02175,benchmark.customer02175@example.test,ACTIVE
600002176,Benchmark Customer 02176,benchmark.customer02176@example.test,ACTIVE
600002177,Benchmark Customer 02177,benchmark.customer02177@example.test,ACTIVE
600002178,Benchmark Customer 02178,benchmark.customer02178@example.test,ACTIVE
600002179,Benchmark Customer 02179,benchmark.customer02179@example.test,ACTIVE
600002180,Benchmark Customer 02180,benchmark.customer02180@example.test,ACTIVE
600002181,Benchmark Customer 02181,benchmark.customer02181@example.test,ACTIVE
600002182,Benchmark Customer 02182,benchmark.customer02182@example.test,ACTIVE
600002183,Benchmark Customer 02183,benchmark.customer02183@example.test,ACTIVE
600002184,Benchmark Customer 02184,benchmark.customer02184@example.test,ACTIVE
600002185,Benchmark Customer 02185,benchmark.customer02185@example.test,ACTIVE
600002186,Benchmark Customer 02186,benchmark.customer02186@example.test,ACTIVE
600002187,Benchmark Customer 02187,benchmark.customer02187@example.test,ACTIVE
600002188,Benchmark Customer 02188,benchmark.customer02188@example.test,ACTIVE
600002189,Benchmark Customer 02189,benchmark.customer02189@example.test,ACTIVE
600002190,Benchmark Customer 02190,benchmark.customer02190@example.test,ACTIVE
600002191,Benchmark Customer 02191,benchmark.customer02191@example.test,ACTIVE
600002192,Benchmark Customer 02192,benchmark.customer02192@example.test,ACTIVE
600002193,Benchmark Customer 02193,benchmark.customer02193@example.test,ACTIVE
600002194,Benchmark Customer 02194,benchmark.customer02194@example.test,ACTIVE
600002195,Benchmark Customer 02195,benchmark.customer02195@example.test,ACTIVE
600002196,Benchmark Customer 02196,benchmark.customer02196@example.test,ACTIVE
600002197,Benchmark Customer 02197,benchmark.customer02197@example.test,ACTIVE
600002198,Benchmark Customer 02198,benchmark.customer02198@example.test,ACTIVE
600002199,Benchmark Customer 02199,benchmark.customer02199@example.test,ACTIVE
600002200,Benchmark Customer 02200,benchmark.customer02200@example.test,ACTIVE
600002201,Benchmark Customer 02201,benchmark.customer02201@example.test,ACTIVE
600002202,Benchmark Customer 02202,benchmark.customer02202@example.test,ACTIVE
600002203,Benchmark Customer 02203,benchmark.customer02203@example.test,ACTIVE
600002204,Benchmark Customer 02204,benchmark.customer02204@example.test,ACTIVE
600002205,Benchmark Customer 02205,benchmark.customer02205@example.test,ACTIVE
600002206,Benchmark Customer 02206,benchmark.customer02206@example.test,ACTIVE
600002207,Benchmark Customer 02207,benchmark.customer02207@example.test,ACTIVE
600002208,Benchmark Customer 02208,benchmark.customer02208@example.test,ACTIVE
600002209,Benchmark Customer 02209,benchmark.customer02209@example.test,ACTIVE
600002210,Benchmark Customer 02210,benchmark.customer02210@example.test,ACTIVE
600002211,Benchmark Customer 02211,benchmark.customer02211@example.test,ACTIVE
600002212,Benchmark Customer 02212,benchmark.customer02212@example.test,ACTIVE
600002213,Benchmark Customer 02213,benchmark.customer02213@example.test,ACTIVE
600002214,Benchmark Customer 02214,benchmark.customer02214@example.test,ACTIVE
600002215,Benchmark Customer 02215,benchmark.customer02215@example.test,ACTIVE
600002216,Benchmark Customer 02216,benchmark.customer02216@example.test,ACTIVE
600002217,Benchmark Customer 02217,benchmark.customer02217@example.test,ACTIVE
600002218,Benchmark Customer 02218,benchmark.customer02218@example.test,ACTIVE
600002219,Benchmark Customer 02219,benchmark.customer02219@example.test,ACTIVE
600002220,Benchmark Customer 02220,benchmark.customer02220@example.test,ACTIVE
600002221,Benchmark Customer 02221,benchmark.customer02221@example.test,ACTIVE
600002222,Benchmark Customer 02222,benchmark.customer02222@example.test,ACTIVE
600002223,Benchmark Customer 02223,benchmark.customer02223@example.test,ACTIVE
600002224,Benchmark Customer 02224,benchmark.customer02224@example.test,ACTIVE
600002225,Benchmark Customer 02225,benchmark.customer02225@example.test,ACTIVE
600002226,Benchmark Customer 02226,benchmark.customer02226@example.test,ACTIVE
600002227,Benchmark Customer 02227,benchmark.customer02227@example.test,ACTIVE
600002228,Benchmark Customer 02228,benchmark.customer02228@example.test,ACTIVE
600002229,Benchmark Customer 02229,benchmark.customer02229@example.test,ACTIVE
600002230,Benchmark Customer 02230,benchmark.customer02230@example.test,ACTIVE
600002231,Benchmark Customer 02231,benchmark.customer02231@example.test,ACTIVE
600002232,Benchmark Customer 02232,benchmark.customer02232@example.test,ACTIVE
600002233,Benchmark Customer 02233,benchmark.customer02233@example.test,ACTIVE
600002234,Benchmark Customer 02234,benchmark.customer02234@example.test,ACTIVE
600002235,Benchmark Customer 02235,benchmark.customer02235@example.test,ACTIVE
600002236,Benchmark Customer 02236,benchmark.customer02236@example.test,ACTIVE
600002237,Benchmark Customer 02237,benchmark.customer02237@example.test,ACTIVE
600002238,Benchmark Customer 02238,benchmark.customer02238@example.test,ACTIVE
600002239,Benchmark Customer 02239,benchmark.customer02239@example.test,ACTIVE
600002240,Benchmark Customer 02240,benchmark.customer02240@example.test,ACTIVE
600002241,Benchmark Customer 02241,benchmark.customer02241@example.test,ACTIVE
600002242,Benchmark Customer 02242,benchmark.customer02242@example.test,ACTIVE
600002243,Benchmark Customer 02243,benchmark.customer02243@example.test,ACTIVE
600002244,Benchmark Customer 02244,benchmark.customer02244@example.test,ACTIVE
600002245,Benchmark Customer 02245,benchmark.customer02245@example.test,ACTIVE
600002246,Benchmark Customer 02246,benchmark.customer02246@example.test,ACTIVE
600002247,Benchmark Customer 02247,benchmark.customer02247@example.test,ACTIVE
600002248,Benchmark Customer 02248,benchmark.customer02248@example.test,ACTIVE
600002249,Benchmark Customer 02249,benchmark.customer02249@example.test,ACTIVE
600002250,Benchmark Customer 02250,benchmark.customer02250@example.test,ACTIVE
600002251,Benchmark Customer 02251,benchmark.customer02251@example.test,ACTIVE
600002252,Benchmark Customer 02252,benchmark.customer02252@example.test,ACTIVE
600002253,Benchmark Customer 02253,benchmark.customer02253@example.test,ACTIVE
600002254,Benchmark Customer 02254,benchmark.customer02254@example.test,ACTIVE
600002255,Benchmark Customer 02255,benchmark.customer02255@example.test,ACTIVE
600002256,Benchmark Customer 02256,benchmark.customer02256@example.test,ACTIVE
600002257,Benchmark Customer 02257,benchmark.customer02257@example.test,ACTIVE
600002258,Benchmark Customer 02258,benchmark.customer02258@example.test,ACTIVE
600002259,Benchmark Customer 02259,benchmark.customer02259@example.test,ACTIVE
600002260,Benchmark Customer 02260,benchmark.customer02260@example.test,ACTIVE
600002261,Benchmark Customer 02261,benchmark.customer02261@example.test,ACTIVE
600002262,Benchmark Customer 02262,benchmark.customer02262@example.test,ACTIVE
600002263,Benchmark Customer 02263,benchmark.customer02263@example.test,ACTIVE
600002264,Benchmark Customer 02264,benchmark.customer02264@example.test,ACTIVE
600002265,Benchmark Customer 02265,benchmark.customer02265@example.test,ACTIVE
600002266,Benchmark Customer 02266,benchmark.customer02266@example.test,ACTIVE
600002267,Benchmark Customer 02267,benchmark.customer02267@example.test,ACTIVE
600002268,Benchmark Customer 02268,benchmark.customer02268@example.test,ACTIVE
600002269,Benchmark Customer 02269,benchmark.customer02269@example.test,ACTIVE
600002270,Benchmark Customer 02270,benchmark.customer02270@example.test,ACTIVE
600002271,Benchmark Customer 02271,benchmark.customer02271@example.test,ACTIVE
600002272,Benchmark Customer 02272,benchmark.customer02272@example.test,ACTIVE
600002273,Benchmark Customer 02273,benchmark.customer02273@example.test,ACTIVE
600002274,Benchmark Customer 02274,benchmark.customer02274@example.test,ACTIVE
600002275,Benchmark Customer 02275,benchmark.customer02275@example.test,ACTIVE
600002276,Benchmark Customer 02276,benchmark.customer02276@example.test,ACTIVE
600002277,Benchmark Customer 02277,benchmark.customer02277@example.test,ACTIVE
600002278,Benchmark Customer 02278,benchmark.customer02278@example.test,ACTIVE
600002279,Benchmark Customer 02279,benchmark.customer02279@example.test,ACTIVE
600002280,Benchmark Customer 02280,benchmark.customer02280@example.test,ACTIVE
600002281,Benchmark Customer 02281,benchmark.customer02281@example.test,ACTIVE
600002282,Benchmark Customer 02282,benchmark.customer02282@example.test,ACTIVE
600002283,Benchmark Customer 02283,benchmark.customer02283@example.test,ACTIVE
600002284,Benchmark Customer 02284,benchmark.customer02284@example.test,ACTIVE
600002285,Benchmark Customer 02285,benchmark.customer02285@example.test,ACTIVE
600002286,Benchmark Customer 02286,benchmark.customer02286@example.test,ACTIVE
600002287,Benchmark Customer 02287,benchmark.customer02287@example.test,ACTIVE
600002288,Benchmark Customer 02288,benchmark.customer02288@example.test,ACTIVE
600002289,Benchmark Customer 02289,benchmark.customer02289@example.test,ACTIVE
600002290,Benchmark Customer 02290,benchmark.customer02290@example.test,ACTIVE
600002291,Benchmark Customer 02291,benchmark.customer02291@example.test,ACTIVE
600002292,Benchmark Customer 02292,benchmark.customer02292@example.test,ACTIVE
600002293,Benchmark Customer 02293,benchmark.customer02293@example.test,ACTIVE
600002294,Benchmark Customer 02294,benchmark.customer02294@example.test,ACTIVE
600002295,Benchmark Customer 02295,benchmark.customer02295@example.test,ACTIVE
600002296,Benchmark Customer 02296,benchmark.customer02296@example.test,ACTIVE
600002297,Benchmark Customer 02297,benchmark.customer02297@example.test,ACTIVE
600002298,Benchmark Customer 02298,benchmark.customer02298@example.test,ACTIVE
600002299,Benchmark Customer 02299,benchmark.customer02299@example.test,ACTIVE
600002300,Benchmark Customer 02300,benchmark.customer02300@example.test,ACTIVE
600002301,Benchmark Customer 02301,benchmark.customer02301@example.test,ACTIVE
600002302,Benchmark Customer 02302,benchmark.customer02302@example.test,ACTIVE
600002303,Benchmark Customer 02303,benchmark.customer02303@example.test,ACTIVE
600002304,Benchmark Customer 02304,benchmark.customer02304@example.test,ACTIVE
600002305,Benchmark Customer 02305,benchmark.customer02305@example.test,ACTIVE
600002306,Benchmark Customer 02306,benchmark.customer02306@example.test,ACTIVE
600002307,Benchmark Customer 02307,benchmark.customer02307@example.test,ACTIVE
600002308,Benchmark Customer 02308,benchmark.customer02308@example.test,ACTIVE
600002309,Benchmark Customer 02309,benchmark.customer02309@example.test,ACTIVE
600002310,Benchmark Customer 02310,benchmark.customer02310@example.test,ACTIVE
600002311,Benchmark Customer 02311,benchmark.customer02311@example.test,ACTIVE
600002312,Benchmark Customer 02312,benchmark.customer02312@example.test,ACTIVE
600002313,Benchmark Customer 02313,benchmark.customer02313@example.test,ACTIVE
600002314,Benchmark Customer 02314,benchmark.customer02314@example.test,ACTIVE
600002315,Benchmark Customer 02315,benchmark.customer02315@example.test,ACTIVE
600002316,Benchmark Customer 02316,benchmark.customer02316@example.test,ACTIVE
600002317,Benchmark Customer 02317,benchmark.customer02317@example.test,ACTIVE
600002318,Benchmark Customer 02318,benchmark.customer02318@example.test,ACTIVE
600002319,Benchmark Customer 02319,benchmark.customer02319@example.test,ACTIVE
600002320,Benchmark Customer 02320,benchmark.customer02320@example.test,ACTIVE
600002321,Benchmark Customer 02321,benchmark.customer02321@example.test,ACTIVE
600002322,Benchmark Customer 02322,benchmark.customer02322@example.test,ACTIVE
600002323,Benchmark Customer 02323,benchmark.customer02323@example.test,ACTIVE
600002324,Benchmark Customer 02324,benchmark.customer02324@example.test,ACTIVE
600002325,Benchmark Customer 02325,benchmark.customer02325@example.test,ACTIVE
600002326,Benchmark Customer 02326,benchmark.customer02326@example.test,ACTIVE
600002327,Benchmark Customer 02327,benchmark.customer02327@example.test,ACTIVE
600002328,Benchmark Customer 02328,benchmark.customer02328@example.test,ACTIVE
600002329,Benchmark Customer 02329,benchmark.customer02329@example.test,ACTIVE
600002330,Benchmark Customer 02330,benchmark.customer02330@example.test,ACTIVE
600002331,Benchmark Customer 02331,benchmark.customer02331@example.test,ACTIVE
600002332,Benchmark Customer 02332,benchmark.customer02332@example.test,ACTIVE
600002333,Benchmark Customer 02333,benchmark.customer02333@example.test,ACTIVE
600002334,Benchmark Customer 02334,benchmark.customer02334@example.test,ACTIVE
600002335,Benchmark Customer 02335,benchmark.customer02335@example.test,ACTIVE
600002336,Benchmark Customer 02336,benchmark.customer02336@example.test,ACTIVE
600002337,Benchmark Customer 02337,benchmark.customer02337@example.test,ACTIVE
600002338,Benchmark Customer 02338,benchmark.customer02338@example.test,ACTIVE
600002339,Benchmark Customer 02339,benchmark.customer02339@example.test,ACTIVE
600002340,Benchmark Customer 02340,benchmark.customer02340@example.test,ACTIVE
600002341,Benchmark Customer 02341,benchmark.customer02341@example.test,ACTIVE
600002342,Benchmark Customer 02342,benchmark.customer02342@example.test,ACTIVE
600002343,Benchmark Customer 02343,benchmark.customer02343@example.test,ACTIVE
600002344,Benchmark Customer 02344,benchmark.customer02344@example.test,ACTIVE
600002345,Benchmark Customer 02345,benchmark.customer02345@example.test,ACTIVE
600002346,Benchmark Customer 02346,benchmark.customer02346@example.test,ACTIVE
600002347,Benchmark Customer 02347,benchmark.customer02347@example.test,ACTIVE
600002348,Benchmark Customer 02348,benchmark.customer02348@example.test,ACTIVE
600002349,Benchmark Customer 02349,benchmark.customer02349@example.test,ACTIVE
600002350,Benchmark Customer 02350,benchmark.customer02350@example.test,ACTIVE
600002351,Benchmark Customer 02351,benchmark.customer02351@example.test,ACTIVE
600002352,Benchmark Customer 02352,benchmark.customer02352@example.test,ACTIVE
600002353,Benchmark Customer 02353,benchmark.customer02353@example.test,ACTIVE
600002354,Benchmark Customer 02354,benchmark.customer02354@example.test,ACTIVE
600002355,Benchmark Customer 02355,benchmark.customer02355@example.test,ACTIVE
600002356,Benchmark Customer 02356,benchmark.customer02356@example.test,ACTIVE
600002357,Benchmark Customer 02357,benchmark.customer02357@example.test,ACTIVE
600002358,Benchmark Customer 02358,benchmark.customer02358@example.test,ACTIVE
600002359,Benchmark Customer 02359,benchmark.customer02359@example.test,ACTIVE
600002360,Benchmark Customer 02360,benchmark.customer02360@example.test,ACTIVE
600002361,Benchmark Customer 02361,benchmark.customer02361@example.test,ACTIVE
600002362,Benchmark Customer 02362,benchmark.customer02362@example.test,ACTIVE
600002363,Benchmark Customer 02363,benchmark.customer02363@example.test,ACTIVE
600002364,Benchmark Customer 02364,benchmark.customer02364@example.test,ACTIVE
600002365,Benchmark Customer 02365,benchmark.customer02365@example.test,ACTIVE
600002366,Benchmark Customer 02366,benchmark.customer02366@example.test,ACTIVE
600002367,Benchmark Customer 02367,benchmark.customer02367@example.test,ACTIVE
600002368,Benchmark Customer 02368,benchmark.customer02368@example.test,ACTIVE
600002369,Benchmark Customer 02369,benchmark.customer02369@example.test,ACTIVE
600002370,Benchmark Customer 02370,benchmark.customer02370@example.test,ACTIVE
600002371,Benchmark Customer 02371,benchmark.customer02371@example.test,ACTIVE
600002372,Benchmark Customer 02372,benchmark.customer02372@example.test,ACTIVE
600002373,Benchmark Customer 02373,benchmark.customer02373@example.test,ACTIVE
600002374,Benchmark Customer 02374,benchmark.customer02374@example.test,ACTIVE
600002375,Benchmark Customer 02375,benchmark.customer02375@example.test,ACTIVE
600002376,Benchmark Customer 02376,benchmark.customer02376@example.test,ACTIVE
600002377,Benchmark Customer 02377,benchmark.customer02377@example.test,ACTIVE
600002378,Benchmark Customer 02378,benchmark.customer02378@example.test,ACTIVE
600002379,Benchmark Customer 02379,benchmark.customer02379@example.test,ACTIVE
600002380,Benchmark Customer 02380,benchmark.customer02380@example.test,ACTIVE
600002381,Benchmark Customer 02381,benchmark.customer02381@example.test,ACTIVE
600002382,Benchmark Customer 02382,benchmark.customer02382@example.test,ACTIVE
600002383,Benchmark Customer 02383,benchmark.customer02383@example.test,ACTIVE
600002384,Benchmark Customer 02384,benchmark.customer02384@example.test,ACTIVE
600002385,Benchmark Customer 02385,benchmark.customer02385@example.test,ACTIVE
600002386,Benchmark Customer 02386,benchmark.customer02386@example.test,ACTIVE
600002387,Benchmark Customer 02387,benchmark.customer02387@example.test,ACTIVE
600002388,Benchmark Customer 02388,benchmark.customer02388@example.test,ACTIVE
600002389,Benchmark Customer 02389,benchmark.customer02389@example.test,ACTIVE
600002390,Benchmark Customer 02390,benchmark.customer02390@example.test,ACTIVE
600002391,Benchmark Customer 02391,benchmark.customer02391@example.test,ACTIVE
600002392,Benchmark Customer 02392,benchmark.customer02392@example.test,ACTIVE
600002393,Benchmark Customer 02393,benchmark.customer02393@example.test,ACTIVE
600002394,Benchmark Customer 02394,benchmark.customer02394@example.test,ACTIVE
600002395,Benchmark Customer 02395,benchmark.customer02395@example.test,ACTIVE
600002396,Benchmark Customer 02396,benchmark.customer02396@example.test,ACTIVE
600002397,Benchmark Customer 02397,benchmark.customer02397@example.test,ACTIVE
600002398,Benchmark Customer 02398,benchmark.customer02398@example.test,ACTIVE
600002399,Benchmark Customer 02399,benchmark.customer02399@example.test,ACTIVE
600002400,Benchmark Customer 02400,benchmark.customer02400@example.test,ACTIVE
600002401,Benchmark Customer 02401,benchmark.customer02401@example.test,ACTIVE
600002402,Benchmark Customer 02402,benchmark.customer02402@example.test,ACTIVE
600002403,Benchmark Customer 02403,benchmark.customer02403@example.test,ACTIVE
600002404,Benchmark Customer 02404,benchmark.customer02404@example.test,ACTIVE
600002405,Benchmark Customer 02405,benchmark.customer02405@example.test,ACTIVE
600002406,Benchmark Customer 02406,benchmark.customer02406@example.test,ACTIVE
600002407,Benchmark Customer 02407,benchmark.customer02407@example.test,ACTIVE
600002408,Benchmark Customer 02408,benchmark.customer02408@example.test,ACTIVE
600002409,Benchmark Customer 02409,benchmark.customer02409@example.test,ACTIVE
600002410,Benchmark Customer 02410,benchmark.customer02410@example.test,ACTIVE
600002411,Benchmark Customer 02411,benchmark.customer02411@example.test,ACTIVE
600002412,Benchmark Customer 02412,benchmark.customer02412@example.test,ACTIVE
600002413,Benchmark Customer 02413,benchmark.customer02413@example.test,ACTIVE
600002414,Benchmark Customer 02414,benchmark.customer02414@example.test,ACTIVE
600002415,Benchmark Customer 02415,benchmark.customer02415@example.test,ACTIVE
600002416,Benchmark Customer 02416,benchmark.customer02416@example.test,ACTIVE
600002417,Benchmark Customer 02417,benchmark.customer02417@example.test,ACTIVE
600002418,Benchmark Customer 02418,benchmark.customer02418@example.test,ACTIVE
600002419,Benchmark Customer 02419,benchmark.customer02419@example.test,ACTIVE
600002420,Benchmark Customer 02420,benchmark.customer02420@example.test,ACTIVE
600002421,Benchmark Customer 02421,benchmark.customer02421@example.test,ACTIVE
600002422,Benchmark Customer 02422,benchmark.customer02422@example.test,ACTIVE
600002423,Benchmark Customer 02423,benchmark.customer02423@example.test,ACTIVE
600002424,Benchmark Customer 02424,benchmark.customer02424@example.test,ACTIVE
600002425,Benchmark Customer 02425,benchmark.customer02425@example.test,ACTIVE
600002426,Benchmark Customer 02426,benchmark.customer02426@example.test,ACTIVE
600002427,Benchmark Customer 02427,benchmark.customer02427@example.test,ACTIVE
600002428,Benchmark Customer 02428,benchmark.customer02428@example.test,ACTIVE
600002429,Benchmark Customer 02429,benchmark.customer02429@example.test,ACTIVE
600002430,Benchmark Customer 02430,benchmark.customer02430@example.test,ACTIVE
600002431,Benchmark Customer 02431,benchmark.customer02431@example.test,ACTIVE
600002432,Benchmark Customer 02432,benchmark.customer02432@example.test,ACTIVE
600002433,Benchmark Customer 02433,benchmark.customer02433@example.test,ACTIVE
600002434,Benchmark Customer 02434,benchmark.customer02434@example.test,ACTIVE
600002435,Benchmark Customer 02435,benchmark.customer02435@example.test,ACTIVE
600002436,Benchmark Customer 02436,benchmark.customer02436@example.test,ACTIVE
600002437,Benchmark Customer 02437,benchmark.customer02437@example.test,ACTIVE
600002438,Benchmark Customer 02438,benchmark.customer02438@example.test,ACTIVE
600002439,Benchmark Customer 02439,benchmark.customer02439@example.test,ACTIVE
600002440,Benchmark Customer 02440,benchmark.customer02440@example.test,ACTIVE
600002441,Benchmark Customer 02441,benchmark.customer02441@example.test,ACTIVE
600002442,Benchmark Customer 02442,benchmark.customer02442@example.test,ACTIVE
600002443,Benchmark Customer 02443,benchmark.customer02443@example.test,ACTIVE
600002444,Benchmark Customer 02444,benchmark.customer02444@example.test,ACTIVE
600002445,Benchmark Customer 02445,benchmark.customer02445@example.test,ACTIVE
600002446,Benchmark Customer 02446,benchmark.customer02446@example.test,ACTIVE
600002447,Benchmark Customer 02447,benchmark.customer02447@example.test,ACTIVE
600002448,Benchmark Customer 02448,benchmark.customer02448@example.test,ACTIVE
600002449,Benchmark Customer 02449,benchmark.customer02449@example.test,ACTIVE
600002450,Benchmark Customer 02450,benchmark.customer02450@example.test,ACTIVE
600002451,Benchmark Customer 02451,benchmark.customer02451@example.test,ACTIVE
600002452,Benchmark Customer 02452,benchmark.customer02452@example.test,ACTIVE
600002453,Benchmark Customer 02453,benchmark.customer02453@example.test,ACTIVE
600002454,Benchmark Customer 02454,benchmark.customer02454@example.test,ACTIVE
600002455,Benchmark Customer 02455,benchmark.customer02455@example.test,ACTIVE
600002456,Benchmark Customer 02456,benchmark.customer02456@example.test,ACTIVE
600002457,Benchmark Customer 02457,benchmark.customer02457@example.test,ACTIVE
600002458,Benchmark Customer 02458,benchmark.customer02458@example.test,ACTIVE
600002459,Benchmark Customer 02459,benchmark.customer02459@example.test,ACTIVE
600002460,Benchmark Customer 02460,benchmark.customer02460@example.test,ACTIVE
600002461,Benchmark Customer 02461,benchmark.customer02461@example.test,ACTIVE
600002462,Benchmark Customer 02462,benchmark.customer02462@example.test,ACTIVE
600002463,Benchmark Customer 02463,benchmark.customer02463@example.test,ACTIVE
600002464,Benchmark Customer 02464,benchmark.customer02464@example.test,ACTIVE
600002465,Benchmark Customer 02465,benchmark.customer02465@example.test,ACTIVE
600002466,Benchmark Customer 02466,benchmark.customer02466@example.test,ACTIVE
600002467,Benchmark Customer 02467,benchmark.customer02467@example.test,ACTIVE
600002468,Benchmark Customer 02468,benchmark.customer02468@example.test,ACTIVE
600002469,Benchmark Customer 02469,benchmark.customer02469@example.test,ACTIVE
600002470,Benchmark Customer 02470,benchmark.customer02470@example.test,ACTIVE
600002471,Benchmark Customer 02471,benchmark.customer02471@example.test,ACTIVE
600002472,Benchmark Customer 02472,benchmark.customer02472@example.test,ACTIVE
600002473,Benchmark Customer 02473,benchmark.customer02473@example.test,ACTIVE
600002474,Benchmark Customer 02474,benchmark.customer02474@example.test,ACTIVE
600002475,Benchmark Customer 02475,benchmark.customer02475@example.test,ACTIVE
600002476,Benchmark Customer 02476,benchmark.customer02476@example.test,ACTIVE
600002477,Benchmark Customer 02477,benchmark.customer02477@example.test,ACTIVE
600002478,Benchmark Customer 02478,benchmark.customer02478@example.test,ACTIVE
600002479,Benchmark Customer 02479,benchmark.customer02479@example.test,ACTIVE
600002480,Benchmark Customer 02480,benchmark.customer02480@example.test,ACTIVE
600002481,Benchmark Customer 02481,benchmark.customer02481@example.test,ACTIVE
600002482,Benchmark Customer 02482,benchmark.customer02482@example.test,ACTIVE
600002483,Benchmark Customer 02483,benchmark.customer02483@example.test,ACTIVE
600002484,Benchmark Customer 02484,benchmark.customer02484@example.test,ACTIVE
600002485,Benchmark Customer 02485,benchmark.customer02485@example.test,ACTIVE
600002486,Benchmark Customer 02486,benchmark.customer02486@example.test,ACTIVE
600002487,Benchmark Customer 02487,benchmark.customer02487@example.test,ACTIVE
600002488,Benchmark Customer 02488,benchmark.customer02488@example.test,ACTIVE
600002489,Benchmark Customer 02489,benchmark.customer02489@example.test,ACTIVE
600002490,Benchmark Customer 02490,benchmark.customer02490@example.test,ACTIVE
600002491,Benchmark Customer 02491,benchmark.customer02491@example.test,ACTIVE
600002492,Benchmark Customer 02492,benchmark.customer02492@example.test,ACTIVE
600002493,Benchmark Customer 02493,benchmark.customer02493@example.test,ACTIVE
600002494,Benchmark Customer 02494,benchmark.customer02494@example.test,ACTIVE
600002495,Benchmark Customer 02495,benchmark.customer02495@example.test,ACTIVE
600002496,Benchmark Customer 02496,benchmark.customer02496@example.test,ACTIVE
600002497,Benchmark Customer 02497,benchmark.customer02497@example.test,ACTIVE
600002498,Benchmark Customer 02498,benchmark.customer02498@example.test,ACTIVE
600002499,Benchmark Customer 02499,benchmark.customer02499@example.test,ACTIVE
600002500,Benchmark Customer 02500,benchmark.customer02500@example.test,ACTIVE
600002501,Benchmark Customer 02501,benchmark.customer02501@example.test,ACTIVE
600002502,Benchmark Customer 02502,benchmark.customer02502@example.test,ACTIVE
600002503,Benchmark Customer 02503,benchmark.customer02503@example.test,ACTIVE
600002504,Benchmark Customer 02504,benchmark.customer02504@example.test,ACTIVE
600002505,Benchmark Customer 02505,benchmark.customer02505@example.test,ACTIVE
600002506,Benchmark Customer 02506,benchmark.customer02506@example.test,ACTIVE
600002507,Benchmark Customer 02507,benchmark.customer02507@example.test,ACTIVE
600002508,Benchmark Customer 02508,benchmark.customer02508@example.test,ACTIVE
600002509,Benchmark Customer 02509,benchmark.customer02509@example.test,ACTIVE
600002510,Benchmark Customer 02510,benchmark.customer02510@example.test,ACTIVE
600002511,Benchmark Customer 02511,benchmark.customer02511@example.test,ACTIVE
600002512,Benchmark Customer 02512,benchmark.customer02512@example.test,ACTIVE
600002513,Benchmark Customer 02513,benchmark.customer02513@example.test,ACTIVE
600002514,Benchmark Customer 02514,benchmark.customer02514@example.test,ACTIVE
600002515,Benchmark Customer 02515,benchmark.customer02515@example.test,ACTIVE
600002516,Benchmark Customer 02516,benchmark.customer02516@example.test,ACTIVE
600002517,Benchmark Customer 02517,benchmark.customer02517@example.test,ACTIVE
600002518,Benchmark Customer 02518,benchmark.customer02518@example.test,ACTIVE
600002519,Benchmark Customer 02519,benchmark.customer02519@example.test,ACTIVE
600002520,Benchmark Customer 02520,benchmark.customer02520@example.test,ACTIVE
600002521,Benchmark Customer 02521,benchmark.customer02521@example.test,ACTIVE
600002522,Benchmark Customer 02522,benchmark.customer02522@example.test,ACTIVE
600002523,Benchmark Customer 02523,benchmark.customer02523@example.test,ACTIVE
600002524,Benchmark Customer 02524,benchmark.customer02524@example.test,ACTIVE
600002525,Benchmark Customer 02525,benchmark.customer02525@example.test,ACTIVE
600002526,Benchmark Customer 02526,benchmark.customer02526@example.test,ACTIVE
600002527,Benchmark Customer 02527,benchmark.customer02527@example.test,ACTIVE
600002528,Benchmark Customer 02528,benchmark.customer02528@example.test,ACTIVE
600002529,Benchmark Customer 02529,benchmark.customer02529@example.test,ACTIVE
600002530,Benchmark Customer 02530,benchmark.customer02530@example.test,ACTIVE
600002531,Benchmark Customer 02531,benchmark.customer02531@example.test,ACTIVE
600002532,Benchmark Customer 02532,benchmark.customer02532@example.test,ACTIVE
600002533,Benchmark Customer 02533,benchmark.customer02533@example.test,ACTIVE
600002534,Benchmark Customer 02534,benchmark.customer02534@example.test,ACTIVE
600002535,Benchmark Customer 02535,benchmark.customer02535@example.test,ACTIVE
600002536,Benchmark Customer 02536,benchmark.customer02536@example.test,ACTIVE
600002537,Benchmark Customer 02537,benchmark.customer02537@example.test,ACTIVE
600002538,Benchmark Customer 02538,benchmark.customer02538@example.test,ACTIVE
600002539,Benchmark Customer 02539,benchmark.customer02539@example.test,ACTIVE
600002540,Benchmark Customer 02540,benchmark.customer02540@example.test,ACTIVE
600002541,Benchmark Customer 02541,benchmark.customer02541@example.test,ACTIVE
600002542,Benchmark Customer 02542,benchmark.customer02542@example.test,ACTIVE
600002543,Benchmark Customer 02543,benchmark.customer02543@example.test,ACTIVE
600002544,Benchmark Customer 02544,benchmark.customer02544@example.test,ACTIVE
600002545,Benchmark Customer 02545,benchmark.customer02545@example.test,ACTIVE
600002546,Benchmark Customer 02546,benchmark.customer02546@example.test,ACTIVE
600002547,Benchmark Customer 02547,benchmark.customer02547@example.test,ACTIVE
600002548,Benchmark Customer 02548,benchmark.customer02548@example.test,ACTIVE
600002549,Benchmark Customer 02549,benchmark.customer02549@example.test,ACTIVE
600002550,Benchmark Customer 02550,benchmark.customer02550@example.test,ACTIVE
600002551,Benchmark Customer 02551,benchmark.customer02551@example.test,ACTIVE
600002552,Benchmark Customer 02552,benchmark.customer02552@example.test,ACTIVE
600002553,Benchmark Customer 02553,benchmark.customer02553@example.test,ACTIVE
600002554,Benchmark Customer 02554,benchmark.customer02554@example.test,ACTIVE
600002555,Benchmark Customer 02555,benchmark.customer02555@example.test,ACTIVE
600002556,Benchmark Customer 02556,benchmark.customer02556@example.test,ACTIVE
600002557,Benchmark Customer 02557,benchmark.customer02557@example.test,ACTIVE
600002558,Benchmark Customer 02558,benchmark.customer02558@example.test,ACTIVE
600002559,Benchmark Customer 02559,benchmark.customer02559@example.test,ACTIVE
600002560,Benchmark Customer 02560,benchmark.customer02560@example.test,ACTIVE
600002561,Benchmark Customer 02561,benchmark.customer02561@example.test,ACTIVE
600002562,Benchmark Customer 02562,benchmark.customer02562@example.test,ACTIVE
600002563,Benchmark Customer 02563,benchmark.customer02563@example.test,ACTIVE
600002564,Benchmark Customer 02564,benchmark.customer02564@example.test,ACTIVE
600002565,Benchmark Customer 02565,benchmark.customer02565@example.test,ACTIVE
600002566,Benchmark Customer 02566,benchmark.customer02566@example.test,ACTIVE
600002567,Benchmark Customer 02567,benchmark.customer02567@example.test,ACTIVE
600002568,Benchmark Customer 02568,benchmark.customer02568@example.test,ACTIVE
600002569,Benchmark Customer 02569,benchmark.customer02569@example.test,ACTIVE
600002570,Benchmark Customer 02570,benchmark.customer02570@example.test,ACTIVE
600002571,Benchmark Customer 02571,benchmark.customer02571@example.test,ACTIVE
600002572,Benchmark Customer 02572,benchmark.customer02572@example.test,ACTIVE
600002573,Benchmark Customer 02573,benchmark.customer02573@example.test,ACTIVE
600002574,Benchmark Customer 02574,benchmark.customer02574@example.test,ACTIVE
600002575,Benchmark Customer 02575,benchmark.customer02575@example.test,ACTIVE
600002576,Benchmark Customer 02576,benchmark.customer02576@example.test,ACTIVE
600002577,Benchmark Customer 02577,benchmark.customer02577@example.test,ACTIVE
600002578,Benchmark Customer 02578,benchmark.customer02578@example.test,ACTIVE
600002579,Benchmark Customer 02579,benchmark.customer02579@example.test,ACTIVE
600002580,Benchmark Customer 02580,benchmark.customer02580@example.test,ACTIVE
600002581,Benchmark Customer 02581,benchmark.customer02581@example.test,ACTIVE
600002582,Benchmark Customer 02582,benchmark.customer02582@example.test,ACTIVE
600002583,Benchmark Customer 02583,benchmark.customer02583@example.test,ACTIVE
600002584,Benchmark Customer 02584,benchmark.customer02584@example.test,ACTIVE
600002585,Benchmark Customer 02585,benchmark.customer02585@example.test,ACTIVE
600002586,Benchmark Customer 02586,benchmark.customer02586@example.test,ACTIVE
600002587,Benchmark Customer 02587,benchmark.customer02587@example.test,ACTIVE
600002588,Benchmark Customer 02588,benchmark.customer02588@example.test,ACTIVE
600002589,Benchmark Customer 02589,benchmark.customer02589@example.test,ACTIVE
600002590,Benchmark Customer 02590,benchmark.customer02590@example.test,ACTIVE
600002591,Benchmark Customer 02591,benchmark.customer02591@example.test,ACTIVE
600002592,Benchmark Customer 02592,benchmark.customer02592@example.test,ACTIVE
600002593,Benchmark Customer 02593,benchmark.customer02593@example.test,ACTIVE
600002594,Benchmark Customer 02594,benchmark.customer02594@example.test,ACTIVE
600002595,Benchmark Customer 02595,benchmark.customer02595@example.test,ACTIVE
600002596,Benchmark Customer 02596,benchmark.customer02596@example.test,ACTIVE
600002597,Benchmark Customer 02597,benchmark.customer02597@example.test,ACTIVE
600002598,Benchmark Customer 02598,benchmark.customer02598@example.test,ACTIVE
600002599,Benchmark Customer 02599,benchmark.customer02599@example.test,ACTIVE
600002600,Benchmark Customer 02600,benchmark.customer02600@example.test,ACTIVE
600002601,Benchmark Customer 02601,benchmark.customer02601@example.test,ACTIVE
600002602,Benchmark Customer 02602,benchmark.customer02602@example.test,ACTIVE
600002603,Benchmark Customer 02603,benchmark.customer02603@example.test,ACTIVE
600002604,Benchmark Customer 02604,benchmark.customer02604@example.test,ACTIVE
600002605,Benchmark Customer 02605,benchmark.customer02605@example.test,ACTIVE
600002606,Benchmark Customer 02606,benchmark.customer02606@example.test,ACTIVE
600002607,Benchmark Customer 02607,benchmark.customer02607@example.test,ACTIVE
600002608,Benchmark Customer 02608,benchmark.customer02608@example.test,ACTIVE
600002609,Benchmark Customer 02609,benchmark.customer02609@example.test,ACTIVE
600002610,Benchmark Customer 02610,benchmark.customer02610@example.test,ACTIVE
600002611,Benchmark Customer 02611,benchmark.customer02611@example.test,ACTIVE
600002612,Benchmark Customer 02612,benchmark.customer02612@example.test,ACTIVE
600002613,Benchmark Customer 02613,benchmark.customer02613@example.test,ACTIVE
600002614,Benchmark Customer 02614,benchmark.customer02614@example.test,ACTIVE
600002615,Benchmark Customer 02615,benchmark.customer02615@example.test,ACTIVE
600002616,Benchmark Customer 02616,benchmark.customer02616@example.test,ACTIVE
600002617,Benchmark Customer 02617,benchmark.customer02617@example.test,ACTIVE
600002618,Benchmark Customer 02618,benchmark.customer02618@example.test,ACTIVE
600002619,Benchmark Customer 02619,benchmark.customer02619@example.test,ACTIVE
600002620,Benchmark Customer 02620,benchmark.customer02620@example.test,ACTIVE
600002621,Benchmark Customer 02621,benchmark.customer02621@example.test,ACTIVE
600002622,Benchmark Customer 02622,benchmark.customer02622@example.test,ACTIVE
600002623,Benchmark Customer 02623,benchmark.customer02623@example.test,ACTIVE
600002624,Benchmark Customer 02624,benchmark.customer02624@example.test,ACTIVE
600002625,Benchmark Customer 02625,benchmark.customer02625@example.test,ACTIVE
600002626,Benchmark Customer 02626,benchmark.customer02626@example.test,ACTIVE
600002627,Benchmark Customer 02627,benchmark.customer02627@example.test,ACTIVE
600002628,Benchmark Customer 02628,benchmark.customer02628@example.test,ACTIVE
600002629,Benchmark Customer 02629,benchmark.customer02629@example.test,ACTIVE
600002630,Benchmark Customer 02630,benchmark.customer02630@example.test,ACTIVE
600002631,Benchmark Customer 02631,benchmark.customer02631@example.test,ACTIVE
600002632,Benchmark Customer 02632,benchmark.customer02632@example.test,ACTIVE
600002633,Benchmark Customer 02633,benchmark.customer02633@example.test,ACTIVE
600002634,Benchmark Customer 02634,benchmark.customer02634@example.test,ACTIVE
600002635,Benchmark Customer 02635,benchmark.customer02635@example.test,ACTIVE
600002636,Benchmark Customer 02636,benchmark.customer02636@example.test,ACTIVE
600002637,Benchmark Customer 02637,benchmark.customer02637@example.test,ACTIVE
600002638,Benchmark Customer 02638,benchmark.customer02638@example.test,ACTIVE
600002639,Benchmark Customer 02639,benchmark.customer02639@example.test,ACTIVE
600002640,Benchmark Customer 02640,benchmark.customer02640@example.test,ACTIVE
600002641,Benchmark Customer 02641,benchmark.customer02641@example.test,ACTIVE
600002642,Benchmark Customer 02642,benchmark.customer02642@example.test,ACTIVE
600002643,Benchmark Customer 02643,benchmark.customer02643@example.test,ACTIVE
600002644,Benchmark Customer 02644,benchmark.customer02644@example.test,ACTIVE
600002645,Benchmark Customer 02645,benchmark.customer02645@example.test,ACTIVE
600002646,Benchmark Customer 02646,benchmark.customer02646@example.test,ACTIVE
600002647,Benchmark Customer 02647,benchmark.customer02647@example.test,ACTIVE
600002648,Benchmark Customer 02648,benchmark.customer02648@example.test,ACTIVE
600002649,Benchmark Customer 02649,benchmark.customer02649@example.test,ACTIVE
600002650,Benchmark Customer 02650,benchmark.customer02650@example.test,ACTIVE
600002651,Benchmark Customer 02651,benchmark.customer02651@example.test,ACTIVE
600002652,Benchmark Customer 02652,benchmark.customer02652@example.test,ACTIVE
600002653,Benchmark Customer 02653,benchmark.customer02653@example.test,ACTIVE
600002654,Benchmark Customer 02654,benchmark.customer02654@example.test,ACTIVE
600002655,Benchmark Customer 02655,benchmark.customer02655@example.test,ACTIVE
600002656,Benchmark Customer 02656,benchmark.customer02656@example.test,ACTIVE
600002657,Benchmark Customer 02657,benchmark.customer02657@example.test,ACTIVE
600002658,Benchmark Customer 02658,benchmark.customer02658@example.test,ACTIVE
600002659,Benchmark Customer 02659,benchmark.customer02659@example.test,ACTIVE
600002660,Benchmark Customer 02660,benchmark.customer02660@example.test,ACTIVE
600002661,Benchmark Customer 02661,benchmark.customer02661@example.test,ACTIVE
600002662,Benchmark Customer 02662,benchmark.customer02662@example.test,ACTIVE
600002663,Benchmark Customer 02663,benchmark.customer02663@example.test,ACTIVE
600002664,Benchmark Customer 02664,benchmark.customer02664@example.test,ACTIVE
600002665,Benchmark Customer 02665,benchmark.customer02665@example.test,ACTIVE
600002666,Benchmark Customer 02666,benchmark.customer02666@example.test,ACTIVE
600002667,Benchmark Customer 02667,benchmark.customer02667@example.test,ACTIVE
600002668,Benchmark Customer 02668,benchmark.customer02668@example.test,ACTIVE
600002669,Benchmark Customer 02669,benchmark.customer02669@example.test,ACTIVE
600002670,Benchmark Customer 02670,benchmark.customer02670@example.test,ACTIVE
600002671,Benchmark Customer 02671,benchmark.customer02671@example.test,ACTIVE
600002672,Benchmark Customer 02672,benchmark.customer02672@example.test,ACTIVE
600002673,Benchmark Customer 02673,benchmark.customer02673@example.test,ACTIVE
600002674,Benchmark Customer 02674,benchmark.customer02674@example.test,ACTIVE
600002675,Benchmark Customer 02675,benchmark.customer02675@example.test,ACTIVE
600002676,Benchmark Customer 02676,benchmark.customer02676@example.test,ACTIVE
600002677,Benchmark Customer 02677,benchmark.customer02677@example.test,ACTIVE
600002678,Benchmark Customer 02678,benchmark.customer02678@example.test,ACTIVE
600002679,Benchmark Customer 02679,benchmark.customer02679@example.test,ACTIVE
600002680,Benchmark Customer 02680,benchmark.customer02680@example.test,ACTIVE
600002681,Benchmark Customer 02681,benchmark.customer02681@example.test,ACTIVE
600002682,Benchmark Customer 02682,benchmark.customer02682@example.test,ACTIVE
600002683,Benchmark Customer 02683,benchmark.customer02683@example.test,ACTIVE
600002684,Benchmark Customer 02684,benchmark.customer02684@example.test,ACTIVE
600002685,Benchmark Customer 02685,benchmark.customer02685@example.test,ACTIVE
600002686,Benchmark Customer 02686,benchmark.customer02686@example.test,ACTIVE
600002687,Benchmark Customer 02687,benchmark.customer02687@example.test,ACTIVE
600002688,Benchmark Customer 02688,benchmark.customer02688@example.test,ACTIVE
600002689,Benchmark Customer 02689,benchmark.customer02689@example.test,ACTIVE
600002690,Benchmark Customer 02690,benchmark.customer02690@example.test,ACTIVE
600002691,Benchmark Customer 02691,benchmark.customer02691@example.test,ACTIVE
600002692,Benchmark Customer 02692,benchmark.customer02692@example.test,ACTIVE
600002693,Benchmark Customer 02693,benchmark.customer02693@example.test,ACTIVE
600002694,Benchmark Customer 02694,benchmark.customer02694@example.test,ACTIVE
600002695,Benchmark Customer 02695,benchmark.customer02695@example.test,ACTIVE
600002696,Benchmark Customer 02696,benchmark.customer02696@example.test,ACTIVE
600002697,Benchmark Customer 02697,benchmark.customer02697@example.test,ACTIVE
600002698,Benchmark Customer 02698,benchmark.customer02698@example.test,ACTIVE
600002699,Benchmark Customer 02699,benchmark.customer02699@example.test,ACTIVE
600002700,Benchmark Customer 02700,benchmark.customer02700@example.test,ACTIVE
600002701,Benchmark Customer 02701,benchmark.customer02701@example.test,ACTIVE
600002702,Benchmark Customer 02702,benchmark.customer02702@example.test,ACTIVE
600002703,Benchmark Customer 02703,benchmark.customer02703@example.test,ACTIVE
600002704,Benchmark Customer 02704,benchmark.customer02704@example.test,ACTIVE
600002705,Benchmark Customer 02705,benchmark.customer02705@example.test,ACTIVE
600002706,Benchmark Customer 02706,benchmark.customer02706@example.test,ACTIVE
600002707,Benchmark Customer 02707,benchmark.customer02707@example.test,ACTIVE
600002708,Benchmark Customer 02708,benchmark.customer02708@example.test,ACTIVE
600002709,Benchmark Customer 02709,benchmark.customer02709@example.test,ACTIVE
600002710,Benchmark Customer 02710,benchmark.customer02710@example.test,ACTIVE
600002711,Benchmark Customer 02711,benchmark.customer02711@example.test,ACTIVE
600002712,Benchmark Customer 02712,benchmark.customer02712@example.test,ACTIVE
600002713,Benchmark Customer 02713,benchmark.customer02713@example.test,ACTIVE
600002714,Benchmark Customer 02714,benchmark.customer02714@example.test,ACTIVE
600002715,Benchmark Customer 02715,benchmark.customer02715@example.test,ACTIVE
600002716,Benchmark Customer 02716,benchmark.customer02716@example.test,ACTIVE
600002717,Benchmark Customer 02717,benchmark.customer02717@example.test,ACTIVE
600002718,Benchmark Customer 02718,benchmark.customer02718@example.test,ACTIVE
600002719,Benchmark Customer 02719,benchmark.customer02719@example.test,ACTIVE
600002720,Benchmark Customer 02720,benchmark.customer02720@example.test,ACTIVE
600002721,Benchmark Customer 02721,benchmark.customer02721@example.test,ACTIVE
600002722,Benchmark Customer 02722,benchmark.customer02722@example.test,ACTIVE
600002723,Benchmark Customer 02723,benchmark.customer02723@example.test,ACTIVE
600002724,Benchmark Customer 02724,benchmark.customer02724@example.test,ACTIVE
600002725,Benchmark Customer 02725,benchmark.customer02725@example.test,ACTIVE
600002726,Benchmark Customer 02726,benchmark.customer02726@example.test,ACTIVE
600002727,Benchmark Customer 02727,benchmark.customer02727@example.test,ACTIVE
600002728,Benchmark Customer 02728,benchmark.customer02728@example.test,ACTIVE
600002729,Benchmark Customer 02729,benchmark.customer02729@example.test,ACTIVE
600002730,Benchmark Customer 02730,benchmark.customer02730@example.test,ACTIVE
600002731,Benchmark Customer 02731,benchmark.customer02731@example.test,ACTIVE
600002732,Benchmark Customer 02732,benchmark.customer02732@example.test,ACTIVE
600002733,Benchmark Customer 02733,benchmark.customer02733@example.test,ACTIVE
600002734,Benchmark Customer 02734,benchmark.customer02734@example.test,ACTIVE
600002735,Benchmark Customer 02735,benchmark.customer02735@example.test,ACTIVE
600002736,Benchmark Customer 02736,benchmark.customer02736@example.test,ACTIVE
600002737,Benchmark Customer 02737,benchmark.customer02737@example.test,ACTIVE
600002738,Benchmark Customer 02738,benchmark.customer02738@example.test,ACTIVE
600002739,Benchmark Customer 02739,benchmark.customer02739@example.test,ACTIVE
600002740,Benchmark Customer 02740,benchmark.customer02740@example.test,ACTIVE
600002741,Benchmark Customer 02741,benchmark.customer02741@example.test,ACTIVE
600002742,Benchmark Customer 02742,benchmark.customer02742@example.test,ACTIVE
600002743,Benchmark Customer 02743,benchmark.customer02743@example.test,ACTIVE
600002744,Benchmark Customer 02744,benchmark.customer02744@example.test,ACTIVE
600002745,Benchmark Customer 02745,benchmark.customer02745@example.test,ACTIVE
600002746,Benchmark Customer 02746,benchmark.customer02746@example.test,ACTIVE
600002747,Benchmark Customer 02747,benchmark.customer02747@example.test,ACTIVE
600002748,Benchmark Customer 02748,benchmark.customer02748@example.test,ACTIVE
600002749,Benchmark Customer 02749,benchmark.customer02749@example.test,ACTIVE
600002750,Benchmark Customer 02750,benchmark.customer02750@example.test,ACTIVE
600002751,Benchmark Customer 02751,benchmark.customer02751@example.test,ACTIVE
600002752,Benchmark Customer 02752,benchmark.customer02752@example.test,ACTIVE
600002753,Benchmark Customer 02753,benchmark.customer02753@example.test,ACTIVE
600002754,Benchmark Customer 02754,benchmark.customer02754@example.test,ACTIVE
600002755,Benchmark Customer 02755,benchmark.customer02755@example.test,ACTIVE
600002756,Benchmark Customer 02756,benchmark.customer02756@example.test,ACTIVE
600002757,Benchmark Customer 02757,benchmark.customer02757@example.test,ACTIVE
600002758,Benchmark Customer 02758,benchmark.customer02758@example.test,ACTIVE
600002759,Benchmark Customer 02759,benchmark.customer02759@example.test,ACTIVE
600002760,Benchmark Customer 02760,benchmark.customer02760@example.test,ACTIVE
600002761,Benchmark Customer 02761,benchmark.customer02761@example.test,ACTIVE
600002762,Benchmark Customer 02762,benchmark.customer02762@example.test,ACTIVE
600002763,Benchmark Customer 02763,benchmark.customer02763@example.test,ACTIVE
600002764,Benchmark Customer 02764,benchmark.customer02764@example.test,ACTIVE
600002765,Benchmark Customer 02765,benchmark.customer02765@example.test,ACTIVE
600002766,Benchmark Customer 02766,benchmark.customer02766@example.test,ACTIVE
600002767,Benchmark Customer 02767,benchmark.customer02767@example.test,ACTIVE
600002768,Benchmark Customer 02768,benchmark.customer02768@example.test,ACTIVE
600002769,Benchmark Customer 02769,benchmark.customer02769@example.test,ACTIVE
600002770,Benchmark Customer 02770,benchmark.customer02770@example.test,ACTIVE
600002771,Benchmark Customer 02771,benchmark.customer02771@example.test,ACTIVE
600002772,Benchmark Customer 02772,benchmark.customer02772@example.test,ACTIVE
600002773,Benchmark Customer 02773,benchmark.customer02773@example.test,ACTIVE
600002774,Benchmark Customer 02774,benchmark.customer02774@example.test,ACTIVE
600002775,Benchmark Customer 02775,benchmark.customer02775@example.test,ACTIVE
600002776,Benchmark Customer 02776,benchmark.customer02776@example.test,ACTIVE
600002777,Benchmark Customer 02777,benchmark.customer02777@example.test,ACTIVE
600002778,Benchmark Customer 02778,benchmark.customer02778@example.test,ACTIVE
600002779,Benchmark Customer 02779,benchmark.customer02779@example.test,ACTIVE
600002780,Benchmark Customer 02780,benchmark.customer02780@example.test,ACTIVE
600002781,Benchmark Customer 02781,benchmark.customer02781@example.test,ACTIVE
600002782,Benchmark Customer 02782,benchmark.customer02782@example.test,ACTIVE
600002783,Benchmark Customer 02783,benchmark.customer02783@example.test,ACTIVE
600002784,Benchmark Customer 02784,benchmark.customer02784@example.test,ACTIVE
600002785,Benchmark Customer 02785,benchmark.customer02785@example.test,ACTIVE
600002786,Benchmark Customer 02786,benchmark.customer02786@example.test,ACTIVE
600002787,Benchmark Customer 02787,benchmark.customer02787@example.test,ACTIVE
600002788,Benchmark Customer 02788,benchmark.customer02788@example.test,ACTIVE
600002789,Benchmark Customer 02789,benchmark.customer02789@example.test,ACTIVE
600002790,Benchmark Customer 02790,benchmark.customer02790@example.test,ACTIVE
600002791,Benchmark Customer 02791,benchmark.customer02791@example.test,ACTIVE
600002792,Benchmark Customer 02792,benchmark.customer02792@example.test,ACTIVE
600002793,Benchmark Customer 02793,benchmark.customer02793@example.test,ACTIVE
600002794,Benchmark Customer 02794,benchmark.customer02794@example.test,ACTIVE
600002795,Benchmark Customer 02795,benchmark.customer02795@example.test,ACTIVE
600002796,Benchmark Customer 02796,benchmark.customer02796@example.test,ACTIVE
600002797,Benchmark Customer 02797,benchmark.customer02797@example.test,ACTIVE
600002798,Benchmark Customer 02798,benchmark.customer02798@example.test,ACTIVE
600002799,Benchmark Customer 02799,benchmark.customer02799@example.test,ACTIVE
600002800,Benchmark Customer 02800,benchmark.customer02800@example.test,ACTIVE
600002801,Benchmark Customer 02801,benchmark.customer02801@example.test,ACTIVE
600002802,Benchmark Customer 02802,benchmark.customer02802@example.test,ACTIVE
600002803,Benchmark Customer 02803,benchmark.customer02803@example.test,ACTIVE
600002804,Benchmark Customer 02804,benchmark.customer02804@example.test,ACTIVE
600002805,Benchmark Customer 02805,benchmark.customer02805@example.test,ACTIVE
600002806,Benchmark Customer 02806,benchmark.customer02806@example.test,ACTIVE
600002807,Benchmark Customer 02807,benchmark.customer02807@example.test,ACTIVE
600002808,Benchmark Customer 02808,benchmark.customer02808@example.test,ACTIVE
600002809,Benchmark Customer 02809,benchmark.customer02809@example.test,ACTIVE
600002810,Benchmark Customer 02810,benchmark.customer02810@example.test,ACTIVE
600002811,Benchmark Customer 02811,benchmark.customer02811@example.test,ACTIVE
600002812,Benchmark Customer 02812,benchmark.customer02812@example.test,ACTIVE
600002813,Benchmark Customer 02813,benchmark.customer02813@example.test,ACTIVE
600002814,Benchmark Customer 02814,benchmark.customer02814@example.test,ACTIVE
600002815,Benchmark Customer 02815,benchmark.customer02815@example.test,ACTIVE
600002816,Benchmark Customer 02816,benchmark.customer02816@example.test,ACTIVE
600002817,Benchmark Customer 02817,benchmark.customer02817@example.test,ACTIVE
600002818,Benchmark Customer 02818,benchmark.customer02818@example.test,ACTIVE
600002819,Benchmark Customer 02819,benchmark.customer02819@example.test,ACTIVE
600002820,Benchmark Customer 02820,benchmark.customer02820@example.test,ACTIVE
600002821,Benchmark Customer 02821,benchmark.customer02821@example.test,ACTIVE
600002822,Benchmark Customer 02822,benchmark.customer02822@example.test,ACTIVE
600002823,Benchmark Customer 02823,benchmark.customer02823@example.test,ACTIVE
600002824,Benchmark Customer 02824,benchmark.customer02824@example.test,ACTIVE
600002825,Benchmark Customer 02825,benchmark.customer02825@example.test,ACTIVE
600002826,Benchmark Customer 02826,benchmark.customer02826@example.test,ACTIVE
600002827,Benchmark Customer 02827,benchmark.customer02827@example.test,ACTIVE
600002828,Benchmark Customer 02828,benchmark.customer02828@example.test,ACTIVE
600002829,Benchmark Customer 02829,benchmark.customer02829@example.test,ACTIVE
600002830,Benchmark Customer 02830,benchmark.customer02830@example.test,ACTIVE
600002831,Benchmark Customer 02831,benchmark.customer02831@example.test,ACTIVE
600002832,Benchmark Customer 02832,benchmark.customer02832@example.test,ACTIVE
600002833,Benchmark Customer 02833,benchmark.customer02833@example.test,ACTIVE
600002834,Benchmark Customer 02834,benchmark.customer02834@example.test,ACTIVE
600002835,Benchmark Customer 02835,benchmark.customer02835@example.test,ACTIVE
600002836,Benchmark Customer 02836,benchmark.customer02836@example.test,ACTIVE
600002837,Benchmark Customer 02837,benchmark.customer02837@example.test,ACTIVE
600002838,Benchmark Customer 02838,benchmark.customer02838@example.test,ACTIVE
600002839,Benchmark Customer 02839,benchmark.customer02839@example.test,ACTIVE
600002840,Benchmark Customer 02840,benchmark.customer02840@example.test,ACTIVE
600002841,Benchmark Customer 02841,benchmark.customer02841@example.test,ACTIVE
600002842,Benchmark Customer 02842,benchmark.customer02842@example.test,ACTIVE
600002843,Benchmark Customer 02843,benchmark.customer02843@example.test,ACTIVE
600002844,Benchmark Customer 02844,benchmark.customer02844@example.test,ACTIVE
600002845,Benchmark Customer 02845,benchmark.customer02845@example.test,ACTIVE
600002846,Benchmark Customer 02846,benchmark.customer02846@example.test,ACTIVE
600002847,Benchmark Customer 02847,benchmark.customer02847@example.test,ACTIVE
600002848,Benchmark Customer 02848,benchmark.customer02848@example.test,ACTIVE
600002849,Benchmark Customer 02849,benchmark.customer02849@example.test,ACTIVE
600002850,Benchmark Customer 02850,benchmark.customer02850@example.test,ACTIVE
600002851,Benchmark Customer 02851,benchmark.customer02851@example.test,ACTIVE
600002852,Benchmark Customer 02852,benchmark.customer02852@example.test,ACTIVE
600002853,Benchmark Customer 02853,benchmark.customer02853@example.test,ACTIVE
600002854,Benchmark Customer 02854,benchmark.customer02854@example.test,ACTIVE
600002855,Benchmark Customer 02855,benchmark.customer02855@example.test,ACTIVE
600002856,Benchmark Customer 02856,benchmark.customer02856@example.test,ACTIVE
600002857,Benchmark Customer 02857,benchmark.customer02857@example.test,ACTIVE
600002858,Benchmark Customer 02858,benchmark.customer02858@example.test,ACTIVE
600002859,Benchmark Customer 02859,benchmark.customer02859@example.test,ACTIVE
600002860,Benchmark Customer 02860,benchmark.customer02860@example.test,ACTIVE
600002861,Benchmark Customer 02861,benchmark.customer02861@example.test,ACTIVE
600002862,Benchmark Customer 02862,benchmark.customer02862@example.test,ACTIVE
600002863,Benchmark Customer 02863,benchmark.customer02863@example.test,ACTIVE
600002864,Benchmark Customer 02864,benchmark.customer02864@example.test,ACTIVE
600002865,Benchmark Customer 02865,benchmark.customer02865@example.test,ACTIVE
600002866,Benchmark Customer 02866,benchmark.customer02866@example.test,ACTIVE
600002867,Benchmark Customer 02867,benchmark.customer02867@example.test,ACTIVE
600002868,Benchmark Customer 02868,benchmark.customer02868@example.test,ACTIVE
600002869,Benchmark Customer 02869,benchmark.customer02869@example.test,ACTIVE
600002870,Benchmark Customer 02870,benchmark.customer02870@example.test,ACTIVE
600002871,Benchmark Customer 02871,benchmark.customer02871@example.test,ACTIVE
600002872,Benchmark Customer 02872,benchmark.customer02872@example.test,ACTIVE
600002873,Benchmark Customer 02873,benchmark.customer02873@example.test,ACTIVE
600002874,Benchmark Customer 02874,benchmark.customer02874@example.test,ACTIVE
600002875,Benchmark Customer 02875,benchmark.customer02875@example.test,ACTIVE
600002876,Benchmark Customer 02876,benchmark.customer02876@example.test,ACTIVE
600002877,Benchmark Customer 02877,benchmark.customer02877@example.test,ACTIVE
600002878,Benchmark Customer 02878,benchmark.customer02878@example.test,ACTIVE
600002879,Benchmark Customer 02879,benchmark.customer02879@example.test,ACTIVE
600002880,Benchmark Customer 02880,benchmark.customer02880@example.test,ACTIVE
600002881,Benchmark Customer 02881,benchmark.customer02881@example.test,ACTIVE
600002882,Benchmark Customer 02882,benchmark.customer02882@example.test,ACTIVE
600002883,Benchmark Customer 02883,benchmark.customer02883@example.test,ACTIVE
600002884,Benchmark Customer 02884,benchmark.customer02884@example.test,ACTIVE
600002885,Benchmark Customer 02885,benchmark.customer02885@example.test,ACTIVE
600002886,Benchmark Customer 02886,benchmark.customer02886@example.test,ACTIVE
600002887,Benchmark Customer 02887,benchmark.customer02887@example.test,ACTIVE
600002888,Benchmark Customer 02888,benchmark.customer02888@example.test,ACTIVE
600002889,Benchmark Customer 02889,benchmark.customer02889@example.test,ACTIVE
600002890,Benchmark Customer 02890,benchmark.customer02890@example.test,ACTIVE
600002891,Benchmark Customer 02891,benchmark.customer02891@example.test,ACTIVE
600002892,Benchmark Customer 02892,benchmark.customer02892@example.test,ACTIVE
600002893,Benchmark Customer 02893,benchmark.customer02893@example.test,ACTIVE
600002894,Benchmark Customer 02894,benchmark.customer02894@example.test,ACTIVE
600002895,Benchmark Customer 02895,benchmark.customer02895@example.test,ACTIVE
600002896,Benchmark Customer 02896,benchmark.customer02896@example.test,ACTIVE
600002897,Benchmark Customer 02897,benchmark.customer02897@example.test,ACTIVE
600002898,Benchmark Customer 02898,benchmark.customer02898@example.test,ACTIVE
600002899,Benchmark Customer 02899,benchmark.customer02899@example.test,ACTIVE
600002900,Benchmark Customer 02900,benchmark.customer02900@example.test,ACTIVE
600002901,Benchmark Customer 02901,benchmark.customer02901@example.test,ACTIVE
600002902,Benchmark Customer 02902,benchmark.customer02902@example.test,ACTIVE
600002903,Benchmark Customer 02903,benchmark.customer02903@example.test,ACTIVE
600002904,Benchmark Customer 02904,benchmark.customer02904@example.test,ACTIVE
600002905,Benchmark Customer 02905,benchmark.customer02905@example.test,ACTIVE
600002906,Benchmark Customer 02906,benchmark.customer02906@example.test,ACTIVE
600002907,Benchmark Customer 02907,benchmark.customer02907@example.test,ACTIVE
600002908,Benchmark Customer 02908,benchmark.customer02908@example.test,ACTIVE
600002909,Benchmark Customer 02909,benchmark.customer02909@example.test,ACTIVE
600002910,Benchmark Customer 02910,benchmark.customer02910@example.test,ACTIVE
600002911,Benchmark Customer 02911,benchmark.customer02911@example.test,ACTIVE
600002912,Benchmark Customer 02912,benchmark.customer02912@example.test,ACTIVE
600002913,Benchmark Customer 02913,benchmark.customer02913@example.test,ACTIVE
600002914,Benchmark Customer 02914,benchmark.customer02914@example.test,ACTIVE
600002915,Benchmark Customer 02915,benchmark.customer02915@example.test,ACTIVE
600002916,Benchmark Customer 02916,benchmark.customer02916@example.test,ACTIVE
600002917,Benchmark Customer 02917,benchmark.customer02917@example.test,ACTIVE
600002918,Benchmark Customer 02918,benchmark.customer02918@example.test,ACTIVE
600002919,Benchmark Customer 02919,benchmark.customer02919@example.test,ACTIVE
600002920,Benchmark Customer 02920,benchmark.customer02920@example.test,ACTIVE
600002921,Benchmark Customer 02921,benchmark.customer02921@example.test,ACTIVE
600002922,Benchmark Customer 02922,benchmark.customer02922@example.test,ACTIVE
600002923,Benchmark Customer 02923,benchmark.customer02923@example.test,ACTIVE
600002924,Benchmark Customer 02924,benchmark.customer02924@example.test,ACTIVE
600002925,Benchmark Customer 02925,benchmark.customer02925@example.test,ACTIVE
600002926,Benchmark Customer 02926,benchmark.customer02926@example.test,ACTIVE
600002927,Benchmark Customer 02927,benchmark.customer02927@example.test,ACTIVE
600002928,Benchmark Customer 02928,benchmark.customer02928@example.test,ACTIVE
600002929,Benchmark Customer 02929,benchmark.customer02929@example.test,ACTIVE
600002930,Benchmark Customer 02930,benchmark.customer02930@example.test,ACTIVE
600002931,Benchmark Customer 02931,benchmark.customer02931@example.test,ACTIVE
600002932,Benchmark Customer 02932,benchmark.customer02932@example.test,ACTIVE
600002933,Benchmark Customer 02933,benchmark.customer02933@example.test,ACTIVE
600002934,Benchmark Customer 02934,benchmark.customer02934@example.test,ACTIVE
600002935,Benchmark Customer 02935,benchmark.customer02935@example.test,ACTIVE
600002936,Benchmark Customer 02936,benchmark.customer02936@example.test,ACTIVE
600002937,Benchmark Customer 02937,benchmark.customer02937@example.test,ACTIVE
600002938,Benchmark Customer 02938,benchmark.customer02938@example.test,ACTIVE
600002939,Benchmark Customer 02939,benchmark.customer02939@example.test,ACTIVE
600002940,Benchmark Customer 02940,benchmark.customer02940@example.test,ACTIVE
600002941,Benchmark Customer 02941,benchmark.customer02941@example.test,ACTIVE
600002942,Benchmark Customer 02942,benchmark.customer02942@example.test,ACTIVE
600002943,Benchmark Customer 02943,benchmark.customer02943@example.test,ACTIVE
600002944,Benchmark Customer 02944,benchmark.customer02944@example.test,ACTIVE
600002945,Benchmark Customer 02945,benchmark.customer02945@example.test,ACTIVE
600002946,Benchmark Customer 02946,benchmark.customer02946@example.test,ACTIVE
600002947,Benchmark Customer 02947,benchmark.customer02947@example.test,ACTIVE
600002948,Benchmark Customer 02948,benchmark.customer02948@example.test,ACTIVE
600002949,Benchmark Customer 02949,benchmark.customer02949@example.test,ACTIVE
600002950,Benchmark Customer 02950,benchmark.customer02950@example.test,ACTIVE
600002951,Benchmark Customer 02951,benchmark.customer02951@example.test,ACTIVE
600002952,Benchmark Customer 02952,benchmark.customer02952@example.test,ACTIVE
600002953,Benchmark Customer 02953,benchmark.customer02953@example.test,ACTIVE
600002954,Benchmark Customer 02954,benchmark.customer02954@example.test,ACTIVE
600002955,Benchmark Customer 02955,benchmark.customer02955@example.test,ACTIVE
600002956,Benchmark Customer 02956,benchmark.customer02956@example.test,ACTIVE
600002957,Benchmark Customer 02957,benchmark.customer02957@example.test,ACTIVE
600002958,Benchmark Customer 02958,benchmark.customer02958@example.test,ACTIVE
600002959,Benchmark Customer 02959,benchmark.customer02959@example.test,ACTIVE
600002960,Benchmark Customer 02960,benchmark.customer02960@example.test,ACTIVE
600002961,Benchmark Customer 02961,benchmark.customer02961@example.test,ACTIVE
600002962,Benchmark Customer 02962,benchmark.customer02962@example.test,ACTIVE
600002963,Benchmark Customer 02963,benchmark.customer02963@example.test,ACTIVE
600002964,Benchmark Customer 02964,benchmark.customer02964@example.test,ACTIVE
600002965,Benchmark Customer 02965,benchmark.customer02965@example.test,ACTIVE
600002966,Benchmark Customer 02966,benchmark.customer02966@example.test,ACTIVE
600002967,Benchmark Customer 02967,benchmark.customer02967@example.test,ACTIVE
600002968,Benchmark Customer 02968,benchmark.customer02968@example.test,ACTIVE
600002969,Benchmark Customer 02969,benchmark.customer02969@example.test,ACTIVE
600002970,Benchmark Customer 02970,benchmark.customer02970@example.test,ACTIVE
600002971,Benchmark Customer 02971,benchmark.customer02971@example.test,ACTIVE
600002972,Benchmark Customer 02972,benchmark.customer02972@example.test,ACTIVE
600002973,Benchmark Customer 02973,benchmark.customer02973@example.test,ACTIVE
600002974,Benchmark Customer 02974,benchmark.customer02974@example.test,ACTIVE
600002975,Benchmark Customer 02975,benchmark.customer02975@example.test,ACTIVE
600002976,Benchmark Customer 02976,benchmark.customer02976@example.test,ACTIVE
600002977,Benchmark Customer 02977,benchmark.customer02977@example.test,ACTIVE
600002978,Benchmark Customer 02978,benchmark.customer02978@example.test,ACTIVE
600002979,Benchmark Customer 02979,benchmark.customer02979@example.test,ACTIVE
600002980,Benchmark Customer 02980,benchmark.customer02980@example.test,ACTIVE
600002981,Benchmark Customer 02981,benchmark.customer02981@example.test,ACTIVE
600002982,Benchmark Customer 02982,benchmark.customer02982@example.test,ACTIVE
600002983,Benchmark Customer 02983,benchmark.customer02983@example.test,ACTIVE
600002984,Benchmark Customer 02984,benchmark.customer02984@example.test,ACTIVE
600002985,Benchmark Customer 02985,benchmark.customer02985@example.test,ACTIVE
600002986,Benchmark Customer 02986,benchmark.customer02986@example.test,ACTIVE
600002987,Benchmark Customer 02987,benchmark.customer02987@example.test,ACTIVE
600002988,Benchmark Customer 02988,benchmark.customer02988@example.test,ACTIVE
600002989,Benchmark Customer 02989,benchmark.customer02989@example.test,ACTIVE
600002990,Benchmark Customer 02990,benchmark.customer02990@example.test,ACTIVE
600002991,Benchmark Customer 02991,benchmark.customer02991@example.test,ACTIVE
600002992,Benchmark Customer 02992,benchmark.customer02992@example.test,ACTIVE
600002993,Benchmark Customer 02993,benchmark.customer02993@example.test,ACTIVE
600002994,Benchmark Customer 02994,benchmark.customer02994@example.test,ACTIVE
600002995,Benchmark Customer 02995,benchmark.customer02995@example.test,ACTIVE
600002996,Benchmark Customer 02996,benchmark.customer02996@example.test,ACTIVE
600002997,Benchmark Customer 02997,benchmark.customer02997@example.test,ACTIVE
600002998,Benchmark Customer 02998,benchmark.customer02998@example.test,ACTIVE
600002999,Benchmark Customer 02999,benchmark.customer02999@example.test,ACTIVE
600003000,Benchmark Customer 03000,benchmark.customer03000@example.test,ACTIVE
600003001,Benchmark Customer 03001,benchmark.customer03001@example.test,ACTIVE
600003002,Benchmark Customer 03002,benchmark.customer03002@example.test,ACTIVE
600003003,Benchmark Customer 03003,benchmark.customer03003@example.test,ACTIVE
600003004,Benchmark Customer 03004,benchmark.customer03004@example.test,ACTIVE
600003005,Benchmark Customer 03005,benchmark.customer03005@example.test,ACTIVE
600003006,Benchmark Customer 03006,benchmark.customer03006@example.test,ACTIVE
600003007,Benchmark Customer 03007,benchmark.customer03007@example.test,ACTIVE
600003008,Benchmark Customer 03008,benchmark.customer03008@example.test,ACTIVE
600003009,Benchmark Customer 03009,benchmark.customer03009@example.test,ACTIVE
600003010,Benchmark Customer 03010,benchmark.customer03010@example.test,ACTIVE
600003011,Benchmark Customer 03011,benchmark.customer03011@example.test,ACTIVE
600003012,Benchmark Customer 03012,benchmark.customer03012@example.test,ACTIVE
600003013,Benchmark Customer 03013,benchmark.customer03013@example.test,ACTIVE
600003014,Benchmark Customer 03014,benchmark.customer03014@example.test,ACTIVE
600003015,Benchmark Customer 03015,benchmark.customer03015@example.test,ACTIVE
600003016,Benchmark Customer 03016,benchmark.customer03016@example.test,ACTIVE
600003017,Benchmark Customer 03017,benchmark.customer03017@example.test,ACTIVE
600003018,Benchmark Customer 03018,benchmark.customer03018@example.test,ACTIVE
600003019,Benchmark Customer 03019,benchmark.customer03019@example.test,ACTIVE
600003020,Benchmark Customer 03020,benchmark.customer03020@example.test,ACTIVE
600003021,Benchmark Customer 03021,benchmark.customer03021@example.test,ACTIVE
600003022,Benchmark Customer 03022,benchmark.customer03022@example.test,ACTIVE
600003023,Benchmark Customer 03023,benchmark.customer03023@example.test,ACTIVE
600003024,Benchmark Customer 03024,benchmark.customer03024@example.test,ACTIVE
600003025,Benchmark Customer 03025,benchmark.customer03025@example.test,ACTIVE
600003026,Benchmark Customer 03026,benchmark.customer03026@example.test,ACTIVE
600003027,Benchmark Customer 03027,benchmark.customer03027@example.test,ACTIVE
600003028,Benchmark Customer 03028,benchmark.customer03028@example.test,ACTIVE
600003029,Benchmark Customer 03029,benchmark.customer03029@example.test,ACTIVE
600003030,Benchmark Customer 03030,benchmark.customer03030@example.test,ACTIVE
600003031,Benchmark Customer 03031,benchmark.customer03031@example.test,ACTIVE
600003032,Benchmark Customer 03032,benchmark.customer03032@example.test,ACTIVE
600003033,Benchmark Customer 03033,benchmark.customer03033@example.test,ACTIVE
600003034,Benchmark Customer 03034,benchmark.customer03034@example.test,ACTIVE
600003035,Benchmark Customer 03035,benchmark.customer03035@example.test,ACTIVE
600003036,Benchmark Customer 03036,benchmark.customer03036@example.test,ACTIVE
600003037,Benchmark Customer 03037,benchmark.customer03037@example.test,ACTIVE
600003038,Benchmark Customer 03038,benchmark.customer03038@example.test,ACTIVE
600003039,Benchmark Customer 03039,benchmark.customer03039@example.test,ACTIVE
600003040,Benchmark Customer 03040,benchmark.customer03040@example.test,ACTIVE
600003041,Benchmark Customer 03041,benchmark.customer03041@example.test,ACTIVE
600003042,Benchmark Customer 03042,benchmark.customer03042@example.test,ACTIVE
600003043,Benchmark Customer 03043,benchmark.customer03043@example.test,ACTIVE
600003044,Benchmark Customer 03044,benchmark.customer03044@example.test,ACTIVE
600003045,Benchmark Customer 03045,benchmark.customer03045@example.test,ACTIVE
600003046,Benchmark Customer 03046,benchmark.customer03046@example.test,ACTIVE
600003047,Benchmark Customer 03047,benchmark.customer03047@example.test,ACTIVE
600003048,Benchmark Customer 03048,benchmark.customer03048@example.test,ACTIVE
600003049,Benchmark Customer 03049,benchmark.customer03049@example.test,ACTIVE
600003050,Benchmark Customer 03050,benchmark.customer03050@example.test,ACTIVE
600003051,Benchmark Customer 03051,benchmark.customer03051@example.test,ACTIVE
600003052,Benchmark Customer 03052,benchmark.customer03052@example.test,ACTIVE
600003053,Benchmark Customer 03053,benchmark.customer03053@example.test,ACTIVE
600003054,Benchmark Customer 03054,benchmark.customer03054@example.test,ACTIVE
600003055,Benchmark Customer 03055,benchmark.customer03055@example.test,ACTIVE
600003056,Benchmark Customer 03056,benchmark.customer03056@example.test,ACTIVE
600003057,Benchmark Customer 03057,benchmark.customer03057@example.test,ACTIVE
600003058,Benchmark Customer 03058,benchmark.customer03058@example.test,ACTIVE
600003059,Benchmark Customer 03059,benchmark.customer03059@example.test,ACTIVE
600003060,Benchmark Customer 03060,benchmark.customer03060@example.test,ACTIVE
600003061,Benchmark Customer 03061,benchmark.customer03061@example.test,ACTIVE
600003062,Benchmark Customer 03062,benchmark.customer03062@example.test,ACTIVE
600003063,Benchmark Customer 03063,benchmark.customer03063@example.test,ACTIVE
600003064,Benchmark Customer 03064,benchmark.customer03064@example.test,ACTIVE
600003065,Benchmark Customer 03065,benchmark.customer03065@example.test,ACTIVE
600003066,Benchmark Customer 03066,benchmark.customer03066@example.test,ACTIVE
600003067,Benchmark Customer 03067,benchmark.customer03067@example.test,ACTIVE
600003068,Benchmark Customer 03068,benchmark.customer03068@example.test,ACTIVE
600003069,Benchmark Customer 03069,benchmark.customer03069@example.test,ACTIVE
600003070,Benchmark Customer 03070,benchmark.customer03070@example.test,ACTIVE
600003071,Benchmark Customer 03071,benchmark.customer03071@example.test,ACTIVE
600003072,Benchmark Customer 03072,benchmark.customer03072@example.test,ACTIVE
600003073,Benchmark Customer 03073,benchmark.customer03073@example.test,ACTIVE
600003074,Benchmark Customer 03074,benchmark.customer03074@example.test,ACTIVE
600003075,Benchmark Customer 03075,benchmark.customer03075@example.test,ACTIVE
600003076,Benchmark Customer 03076,benchmark.customer03076@example.test,ACTIVE
600003077,Benchmark Customer 03077,benchmark.customer03077@example.test,ACTIVE
600003078,Benchmark Customer 03078,benchmark.customer03078@example.test,ACTIVE
600003079,Benchmark Customer 03079,benchmark.customer03079@example.test,ACTIVE
600003080,Benchmark Customer 03080,benchmark.customer03080@example.test,ACTIVE
600003081,Benchmark Customer 03081,benchmark.customer03081@example.test,ACTIVE
600003082,Benchmark Customer 03082,benchmark.customer03082@example.test,ACTIVE
600003083,Benchmark Customer 03083,benchmark.customer03083@example.test,ACTIVE
600003084,Benchmark Customer 03084,benchmark.customer03084@example.test,ACTIVE
600003085,Benchmark Customer 03085,benchmark.customer03085@example.test,ACTIVE
600003086,Benchmark Customer 03086,benchmark.customer03086@example.test,ACTIVE
600003087,Benchmark Customer 03087,benchmark.customer03087@example.test,ACTIVE
600003088,Benchmark Customer 03088,benchmark.customer03088@example.test,ACTIVE
600003089,Benchmark Customer 03089,benchmark.customer03089@example.test,ACTIVE
600003090,Benchmark Customer 03090,benchmark.customer03090@example.test,ACTIVE
600003091,Benchmark Customer 03091,benchmark.customer03091@example.test,ACTIVE
600003092,Benchmark Customer 03092,benchmark.customer03092@example.test,ACTIVE
600003093,Benchmark Customer 03093,benchmark.customer03093@example.test,ACTIVE
600003094,Benchmark Customer 03094,benchmark.customer03094@example.test,ACTIVE
600003095,Benchmark Customer 03095,benchmark.customer03095@example.test,ACTIVE
600003096,Benchmark Customer 03096,benchmark.customer03096@example.test,ACTIVE
600003097,Benchmark Customer 03097,benchmark.customer03097@example.test,ACTIVE
600003098,Benchmark Customer 03098,benchmark.customer03098@example.test,ACTIVE
600003099,Benchmark Customer 03099,benchmark.customer03099@example.test,ACTIVE
600003100,Benchmark Customer 03100,benchmark.customer03100@example.test,ACTIVE
600003101,Benchmark Customer 03101,benchmark.customer03101@example.test,ACTIVE
600003102,Benchmark Customer 03102,benchmark.customer03102@example.test,ACTIVE
600003103,Benchmark Customer 03103,benchmark.customer03103@example.test,ACTIVE
600003104,Benchmark Customer 03104,benchmark.customer03104@example.test,ACTIVE
600003105,Benchmark Customer 03105,benchmark.customer03105@example.test,ACTIVE
600003106,Benchmark Customer 03106,benchmark.customer03106@example.test,ACTIVE
600003107,Benchmark Customer 03107,benchmark.customer03107@example.test,ACTIVE
600003108,Benchmark Customer 03108,benchmark.customer03108@example.test,ACTIVE
600003109,Benchmark Customer 03109,benchmark.customer03109@example.test,ACTIVE
600003110,Benchmark Customer 03110,benchmark.customer03110@example.test,ACTIVE
600003111,Benchmark Customer 03111,benchmark.customer03111@example.test,ACTIVE
600003112,Benchmark Customer 03112,benchmark.customer03112@example.test,ACTIVE
600003113,Benchmark Customer 03113,benchmark.customer03113@example.test,ACTIVE
600003114,Benchmark Customer 03114,benchmark.customer03114@example.test,ACTIVE
600003115,Benchmark Customer 03115,benchmark.customer03115@example.test,ACTIVE
600003116,Benchmark Customer 03116,benchmark.customer03116@example.test,ACTIVE
600003117,Benchmark Customer 03117,benchmark.customer03117@example.test,ACTIVE
600003118,Benchmark Customer 03118,benchmark.customer03118@example.test,ACTIVE
600003119,Benchmark Customer 03119,benchmark.customer03119@example.test,ACTIVE
600003120,Benchmark Customer 03120,benchmark.customer03120@example.test,ACTIVE
600003121,Benchmark Customer 03121,benchmark.customer03121@example.test,ACTIVE
600003122,Benchmark Customer 03122,benchmark.customer03122@example.test,ACTIVE
600003123,Benchmark Customer 03123,benchmark.customer03123@example.test,ACTIVE
600003124,Benchmark Customer 03124,benchmark.customer03124@example.test,ACTIVE
600003125,Benchmark Customer 03125,benchmark.customer03125@example.test,ACTIVE
600003126,Benchmark Customer 03126,benchmark.customer03126@example.test,ACTIVE
600003127,Benchmark Customer 03127,benchmark.customer03127@example.test,ACTIVE
600003128,Benchmark Customer 03128,benchmark.customer03128@example.test,ACTIVE
600003129,Benchmark Customer 03129,benchmark.customer03129@example.test,ACTIVE
600003130,Benchmark Customer 03130,benchmark.customer03130@example.test,ACTIVE
600003131,Benchmark Customer 03131,benchmark.customer03131@example.test,ACTIVE
600003132,Benchmark Customer 03132,benchmark.customer03132@example.test,ACTIVE
600003133,Benchmark Customer 03133,benchmark.customer03133@example.test,ACTIVE
600003134,Benchmark Customer 03134,benchmark.customer03134@example.test,ACTIVE
600003135,Benchmark Customer 03135,benchmark.customer03135@example.test,ACTIVE
600003136,Benchmark Customer 03136,benchmark.customer03136@example.test,ACTIVE
600003137,Benchmark Customer 03137,benchmark.customer03137@example.test,ACTIVE
600003138,Benchmark Customer 03138,benchmark.customer03138@example.test,ACTIVE
600003139,Benchmark Customer 03139,benchmark.customer03139@example.test,ACTIVE
600003140,Benchmark Customer 03140,benchmark.customer03140@example.test,ACTIVE
600003141,Benchmark Customer 03141,benchmark.customer03141@example.test,ACTIVE
600003142,Benchmark Customer 03142,benchmark.customer03142@example.test,ACTIVE
600003143,Benchmark Customer 03143,benchmark.customer03143@example.test,ACTIVE
600003144,Benchmark Customer 03144,benchmark.customer03144@example.test,ACTIVE
600003145,Benchmark Customer 03145,benchmark.customer03145@example.test,ACTIVE
600003146,Benchmark Customer 03146,benchmark.customer03146@example.test,ACTIVE
600003147,Benchmark Customer 03147,benchmark.customer03147@example.test,ACTIVE
600003148,Benchmark Customer 03148,benchmark.customer03148@example.test,ACTIVE
600003149,Benchmark Customer 03149,benchmark.customer03149@example.test,ACTIVE
600003150,Benchmark Customer 03150,benchmark.customer03150@example.test,ACTIVE
600003151,Benchmark Customer 03151,benchmark.customer03151@example.test,ACTIVE
600003152,Benchmark Customer 03152,benchmark.customer03152@example.test,ACTIVE
600003153,Benchmark Customer 03153,benchmark.customer03153@example.test,ACTIVE
600003154,Benchmark Customer 03154,benchmark.customer03154@example.test,ACTIVE
600003155,Benchmark Customer 03155,benchmark.customer03155@example.test,ACTIVE
600003156,Benchmark Customer 03156,benchmark.customer03156@example.test,ACTIVE
600003157,Benchmark Customer 03157,benchmark.customer03157@example.test,ACTIVE
600003158,Benchmark Customer 03158,benchmark.customer03158@example.test,ACTIVE
600003159,Benchmark Customer 03159,benchmark.customer03159@example.test,ACTIVE
600003160,Benchmark Customer 03160,benchmark.customer03160@example.test,ACTIVE
600003161,Benchmark Customer 03161,benchmark.customer03161@example.test,ACTIVE
600003162,Benchmark Customer 03162,benchmark.customer03162@example.test,ACTIVE
600003163,Benchmark Customer 03163,benchmark.customer03163@example.test,ACTIVE
600003164,Benchmark Customer 03164,benchmark.customer03164@example.test,ACTIVE
600003165,Benchmark Customer 03165,benchmark.customer03165@example.test,ACTIVE
600003166,Benchmark Customer 03166,benchmark.customer03166@example.test,ACTIVE
600003167,Benchmark Customer 03167,benchmark.customer03167@example.test,ACTIVE
600003168,Benchmark Customer 03168,benchmark.customer03168@example.test,ACTIVE
600003169,Benchmark Customer 03169,benchmark.customer03169@example.test,ACTIVE
600003170,Benchmark Customer 03170,benchmark.customer03170@example.test,ACTIVE
600003171,Benchmark Customer 03171,benchmark.customer03171@example.test,ACTIVE
600003172,Benchmark Customer 03172,benchmark.customer03172@example.test,ACTIVE
600003173,Benchmark Customer 03173,benchmark.customer03173@example.test,ACTIVE
600003174,Benchmark Customer 03174,benchmark.customer03174@example.test,ACTIVE
600003175,Benchmark Customer 03175,benchmark.customer03175@example.test,ACTIVE
600003176,Benchmark Customer 03176,benchmark.customer03176@example.test,ACTIVE
600003177,Benchmark Customer 03177,benchmark.customer03177@example.test,ACTIVE
600003178,Benchmark Customer 03178,benchmark.customer03178@example.test,ACTIVE
600003179,Benchmark Customer 03179,benchmark.customer03179@example.test,ACTIVE
600003180,Benchmark Customer 03180,benchmark.customer03180@example.test,ACTIVE
600003181,Benchmark Customer 03181,benchmark.customer03181@example.test,ACTIVE
600003182,Benchmark Customer 03182,benchmark.customer03182@example.test,ACTIVE
600003183,Benchmark Customer 03183,benchmark.customer03183@example.test,ACTIVE
600003184,Benchmark Customer 03184,benchmark.customer03184@example.test,ACTIVE
600003185,Benchmark Customer 03185,benchmark.customer03185@example.test,ACTIVE
600003186,Benchmark Customer 03186,benchmark.customer03186@example.test,ACTIVE
600003187,Benchmark Customer 03187,benchmark.customer03187@example.test,ACTIVE
600003188,Benchmark Customer 03188,benchmark.customer03188@example.test,ACTIVE
600003189,Benchmark Customer 03189,benchmark.customer03189@example.test,ACTIVE
600003190,Benchmark Customer 03190,benchmark.customer03190@example.test,ACTIVE
600003191,Benchmark Customer 03191,benchmark.customer03191@example.test,ACTIVE
600003192,Benchmark Customer 03192,benchmark.customer03192@example.test,ACTIVE
600003193,Benchmark Customer 03193,benchmark.customer03193@example.test,ACTIVE
600003194,Benchmark Customer 03194,benchmark.customer03194@example.test,ACTIVE
600003195,Benchmark Customer 03195,benchmark.customer03195@example.test,ACTIVE
600003196,Benchmark Customer 03196,benchmark.customer03196@example.test,ACTIVE
600003197,Benchmark Customer 03197,benchmark.customer03197@example.test,ACTIVE
600003198,Benchmark Customer 03198,benchmark.customer03198@example.test,ACTIVE
600003199,Benchmark Customer 03199,benchmark.customer03199@example.test,ACTIVE
600003200,Benchmark Customer 03200,benchmark.customer03200@example.test,ACTIVE
600003201,Benchmark Customer 03201,benchmark.customer03201@example.test,ACTIVE
600003202,Benchmark Customer 03202,benchmark.customer03202@example.test,ACTIVE
600003203,Benchmark Customer 03203,benchmark.customer03203@example.test,ACTIVE
600003204,Benchmark Customer 03204,benchmark.customer03204@example.test,ACTIVE
600003205,Benchmark Customer 03205,benchmark.customer03205@example.test,ACTIVE
600003206,Benchmark Customer 03206,benchmark.customer03206@example.test,ACTIVE
600003207,Benchmark Customer 03207,benchmark.customer03207@example.test,ACTIVE
600003208,Benchmark Customer 03208,benchmark.customer03208@example.test,ACTIVE
600003209,Benchmark Customer 03209,benchmark.customer03209@example.test,ACTIVE
600003210,Benchmark Customer 03210,benchmark.customer03210@example.test,ACTIVE
600003211,Benchmark Customer 03211,benchmark.customer03211@example.test,ACTIVE
600003212,Benchmark Customer 03212,benchmark.customer03212@example.test,ACTIVE
600003213,Benchmark Customer 03213,benchmark.customer03213@example.test,ACTIVE
600003214,Benchmark Customer 03214,benchmark.customer03214@example.test,ACTIVE
600003215,Benchmark Customer 03215,benchmark.customer03215@example.test,ACTIVE
600003216,Benchmark Customer 03216,benchmark.customer03216@example.test,ACTIVE
600003217,Benchmark Customer 03217,benchmark.customer03217@example.test,ACTIVE
600003218,Benchmark Customer 03218,benchmark.customer03218@example.test,ACTIVE
600003219,Benchmark Customer 03219,benchmark.customer03219@example.test,ACTIVE
600003220,Benchmark Customer 03220,benchmark.customer03220@example.test,ACTIVE
600003221,Benchmark Customer 03221,benchmark.customer03221@example.test,ACTIVE
600003222,Benchmark Customer 03222,benchmark.customer03222@example.test,ACTIVE
600003223,Benchmark Customer 03223,benchmark.customer03223@example.test,ACTIVE
600003224,Benchmark Customer 03224,benchmark.customer03224@example.test,ACTIVE
600003225,Benchmark Customer 03225,benchmark.customer03225@example.test,ACTIVE
600003226,Benchmark Customer 03226,benchmark.customer03226@example.test,ACTIVE
600003227,Benchmark Customer 03227,benchmark.customer03227@example.test,ACTIVE
600003228,Benchmark Customer 03228,benchmark.customer03228@example.test,ACTIVE
600003229,Benchmark Customer 03229,benchmark.customer03229@example.test,ACTIVE
600003230,Benchmark Customer 03230,benchmark.customer03230@example.test,ACTIVE
600003231,Benchmark Customer 03231,benchmark.customer03231@example.test,ACTIVE
600003232,Benchmark Customer 03232,benchmark.customer03232@example.test,ACTIVE
600003233,Benchmark Customer 03233,benchmark.customer03233@example.test,ACTIVE
600003234,Benchmark Customer 03234,benchmark.customer03234@example.test,ACTIVE
600003235,Benchmark Customer 03235,benchmark.customer03235@example.test,ACTIVE
600003236,Benchmark Customer 03236,benchmark.customer03236@example.test,ACTIVE
600003237,Benchmark Customer 03237,benchmark.customer03237@example.test,ACTIVE
600003238,Benchmark Customer 03238,benchmark.customer03238@example.test,ACTIVE
600003239,Benchmark Customer 03239,benchmark.customer03239@example.test,ACTIVE
600003240,Benchmark Customer 03240,benchmark.customer03240@example.test,ACTIVE
600003241,Benchmark Customer 03241,benchmark.customer03241@example.test,ACTIVE
600003242,Benchmark Customer 03242,benchmark.customer03242@example.test,ACTIVE
600003243,Benchmark Customer 03243,benchmark.customer03243@example.test,ACTIVE
600003244,Benchmark Customer 03244,benchmark.customer03244@example.test,ACTIVE
600003245,Benchmark Customer 03245,benchmark.customer03245@example.test,ACTIVE
600003246,Benchmark Customer 03246,benchmark.customer03246@example.test,ACTIVE
600003247,Benchmark Customer 03247,benchmark.customer03247@example.test,ACTIVE
600003248,Benchmark Customer 03248,benchmark.customer03248@example.test,ACTIVE
600003249,Benchmark Customer 03249,benchmark.customer03249@example.test,ACTIVE
600003250,Benchmark Customer 03250,benchmark.customer03250@example.test,ACTIVE
600003251,Benchmark Customer 03251,benchmark.customer03251@example.test,ACTIVE
600003252,Benchmark Customer 03252,benchmark.customer03252@example.test,ACTIVE
600003253,Benchmark Customer 03253,benchmark.customer03253@example.test,ACTIVE
600003254,Benchmark Customer 03254,benchmark.customer03254@example.test,ACTIVE
600003255,Benchmark Customer 03255,benchmark.customer03255@example.test,ACTIVE
600003256,Benchmark Customer 03256,benchmark.customer03256@example.test,ACTIVE
600003257,Benchmark Customer 03257,benchmark.customer03257@example.test,ACTIVE
600003258,Benchmark Customer 03258,benchmark.customer03258@example.test,ACTIVE
600003259,Benchmark Customer 03259,benchmark.customer03259@example.test,ACTIVE
600003260,Benchmark Customer 03260,benchmark.customer03260@example.test,ACTIVE
600003261,Benchmark Customer 03261,benchmark.customer03261@example.test,ACTIVE
600003262,Benchmark Customer 03262,benchmark.customer03262@example.test,ACTIVE
600003263,Benchmark Customer 03263,benchmark.customer03263@example.test,ACTIVE
600003264,Benchmark Customer 03264,benchmark.customer03264@example.test,ACTIVE
600003265,Benchmark Customer 03265,benchmark.customer03265@example.test,ACTIVE
600003266,Benchmark Customer 03266,benchmark.customer03266@example.test,ACTIVE
600003267,Benchmark Customer 03267,benchmark.customer03267@example.test,ACTIVE
600003268,Benchmark Customer 03268,benchmark.customer03268@example.test,ACTIVE
600003269,Benchmark Customer 03269,benchmark.customer03269@example.test,ACTIVE
600003270,Benchmark Customer 03270,benchmark.customer03270@example.test,ACTIVE
600003271,Benchmark Customer 03271,benchmark.customer03271@example.test,ACTIVE
600003272,Benchmark Customer 03272,benchmark.customer03272@example.test,ACTIVE
600003273,Benchmark Customer 03273,benchmark.customer03273@example.test,ACTIVE
600003274,Benchmark Customer 03274,benchmark.customer03274@example.test,ACTIVE
600003275,Benchmark Customer 03275,benchmark.customer03275@example.test,ACTIVE
600003276,Benchmark Customer 03276,benchmark.customer03276@example.test,ACTIVE
600003277,Benchmark Customer 03277,benchmark.customer03277@example.test,ACTIVE
600003278,Benchmark Customer 03278,benchmark.customer03278@example.test,ACTIVE
600003279,Benchmark Customer 03279,benchmark.customer03279@example.test,ACTIVE
600003280,Benchmark Customer 03280,benchmark.customer03280@example.test,ACTIVE
600003281,Benchmark Customer 03281,benchmark.customer03281@example.test,ACTIVE
600003282,Benchmark Customer 03282,benchmark.customer03282@example.test,ACTIVE
600003283,Benchmark Customer 03283,benchmark.customer03283@example.test,ACTIVE
600003284,Benchmark Customer 03284,benchmark.customer03284@example.test,ACTIVE
600003285,Benchmark Customer 03285,benchmark.customer03285@example.test,ACTIVE
600003286,Benchmark Customer 03286,benchmark.customer03286@example.test,ACTIVE
600003287,Benchmark Customer 03287,benchmark.customer03287@example.test,ACTIVE
600003288,Benchmark Customer 03288,benchmark.customer03288@example.test,ACTIVE
600003289,Benchmark Customer 03289,benchmark.customer03289@example.test,ACTIVE
600003290,Benchmark Customer 03290,benchmark.customer03290@example.test,ACTIVE
600003291,Benchmark Customer 03291,benchmark.customer03291@example.test,ACTIVE
600003292,Benchmark Customer 03292,benchmark.customer03292@example.test,ACTIVE
600003293,Benchmark Customer 03293,benchmark.customer03293@example.test,ACTIVE
600003294,Benchmark Customer 03294,benchmark.customer03294@example.test,ACTIVE
600003295,Benchmark Customer 03295,benchmark.customer03295@example.test,ACTIVE
600003296,Benchmark Customer 03296,benchmark.customer03296@example.test,ACTIVE
600003297,Benchmark Customer 03297,benchmark.customer03297@example.test,ACTIVE
600003298,Benchmark Customer 03298,benchmark.customer03298@example.test,ACTIVE
600003299,Benchmark Customer 03299,benchmark.customer03299@example.test,ACTIVE
600003300,Benchmark Customer 03300,benchmark.customer03300@example.test,ACTIVE
600003301,Benchmark Customer 03301,benchmark.customer03301@example.test,ACTIVE
600003302,Benchmark Customer 03302,benchmark.customer03302@example.test,ACTIVE
600003303,Benchmark Customer 03303,benchmark.customer03303@example.test,ACTIVE
600003304,Benchmark Customer 03304,benchmark.customer03304@example.test,ACTIVE
600003305,Benchmark Customer 03305,benchmark.customer03305@example.test,ACTIVE
600003306,Benchmark Customer 03306,benchmark.customer03306@example.test,ACTIVE
600003307,Benchmark Customer 03307,benchmark.customer03307@example.test,ACTIVE
600003308,Benchmark Customer 03308,benchmark.customer03308@example.test,ACTIVE
600003309,Benchmark Customer 03309,benchmark.customer03309@example.test,ACTIVE
600003310,Benchmark Customer 03310,benchmark.customer03310@example.test,ACTIVE
600003311,Benchmark Customer 03311,benchmark.customer03311@example.test,ACTIVE
600003312,Benchmark Customer 03312,benchmark.customer03312@example.test,ACTIVE
600003313,Benchmark Customer 03313,benchmark.customer03313@example.test,ACTIVE
600003314,Benchmark Customer 03314,benchmark.customer03314@example.test,ACTIVE
600003315,Benchmark Customer 03315,benchmark.customer03315@example.test,ACTIVE
600003316,Benchmark Customer 03316,benchmark.customer03316@example.test,ACTIVE
600003317,Benchmark Customer 03317,benchmark.customer03317@example.test,ACTIVE
600003318,Benchmark Customer 03318,benchmark.customer03318@example.test,ACTIVE
600003319,Benchmark Customer 03319,benchmark.customer03319@example.test,ACTIVE
600003320,Benchmark Customer 03320,benchmark.customer03320@example.test,ACTIVE
600003321,Benchmark Customer 03321,benchmark.customer03321@example.test,ACTIVE
600003322,Benchmark Customer 03322,benchmark.customer03322@example.test,ACTIVE
600003323,Benchmark Customer 03323,benchmark.customer03323@example.test,ACTIVE
600003324,Benchmark Customer 03324,benchmark.customer03324@example.test,ACTIVE
600003325,Benchmark Customer 03325,benchmark.customer03325@example.test,ACTIVE
600003326,Benchmark Customer 03326,benchmark.customer03326@example.test,ACTIVE
600003327,Benchmark Customer 03327,benchmark.customer03327@example.test,ACTIVE
600003328,Benchmark Customer 03328,benchmark.customer03328@example.test,ACTIVE
600003329,Benchmark Customer 03329,benchmark.customer03329@example.test,ACTIVE
600003330,Benchmark Customer 03330,benchmark.customer03330@example.test,ACTIVE
600003331,Benchmark Customer 03331,benchmark.customer03331@example.test,ACTIVE
600003332,Benchmark Customer 03332,benchmark.customer03332@example.test,ACTIVE
600003333,Benchmark Customer 03333,benchmark.customer03333@example.test,ACTIVE
600003334,Benchmark Customer 03334,benchmark.customer03334@example.test,ACTIVE
600003335,Benchmark Customer 03335,benchmark.customer03335@example.test,ACTIVE
600003336,Benchmark Customer 03336,benchmark.customer03336@example.test,ACTIVE
600003337,Benchmark Customer 03337,benchmark.customer03337@example.test,ACTIVE
600003338,Benchmark Customer 03338,benchmark.customer03338@example.test,ACTIVE
600003339,Benchmark Customer 03339,benchmark.customer03339@example.test,ACTIVE
600003340,Benchmark Customer 03340,benchmark.customer03340@example.test,ACTIVE
600003341,Benchmark Customer 03341,benchmark.customer03341@example.test,ACTIVE
600003342,Benchmark Customer 03342,benchmark.customer03342@example.test,ACTIVE
600003343,Benchmark Customer 03343,benchmark.customer03343@example.test,ACTIVE
600003344,Benchmark Customer 03344,benchmark.customer03344@example.test,ACTIVE
600003345,Benchmark Customer 03345,benchmark.customer03345@example.test,ACTIVE
600003346,Benchmark Customer 03346,benchmark.customer03346@example.test,ACTIVE
600003347,Benchmark Customer 03347,benchmark.customer03347@example.test,ACTIVE
600003348,Benchmark Customer 03348,benchmark.customer03348@example.test,ACTIVE
600003349,Benchmark Customer 03349,benchmark.customer03349@example.test,ACTIVE
600003350,Benchmark Customer 03350,benchmark.customer03350@example.test,ACTIVE
600003351,Benchmark Customer 03351,benchmark.customer03351@example.test,ACTIVE
600003352,Benchmark Customer 03352,benchmark.customer03352@example.test,ACTIVE
600003353,Benchmark Customer 03353,benchmark.customer03353@example.test,ACTIVE
600003354,Benchmark Customer 03354,benchmark.customer03354@example.test,ACTIVE
600003355,Benchmark Customer 03355,benchmark.customer03355@example.test,ACTIVE
600003356,Benchmark Customer 03356,benchmark.customer03356@example.test,ACTIVE
600003357,Benchmark Customer 03357,benchmark.customer03357@example.test,ACTIVE
600003358,Benchmark Customer 03358,benchmark.customer03358@example.test,ACTIVE
600003359,Benchmark Customer 03359,benchmark.customer03359@example.test,ACTIVE
600003360,Benchmark Customer 03360,benchmark.customer03360@example.test,ACTIVE
600003361,Benchmark Customer 03361,benchmark.customer03361@example.test,ACTIVE
600003362,Benchmark Customer 03362,benchmark.customer03362@example.test,ACTIVE
600003363,Benchmark Customer 03363,benchmark.customer03363@example.test,ACTIVE
600003364,Benchmark Customer 03364,benchmark.customer03364@example.test,ACTIVE
600003365,Benchmark Customer 03365,benchmark.customer03365@example.test,ACTIVE
600003366,Benchmark Customer 03366,benchmark.customer03366@example.test,ACTIVE
600003367,Benchmark Customer 03367,benchmark.customer03367@example.test,ACTIVE
600003368,Benchmark Customer 03368,benchmark.customer03368@example.test,ACTIVE
600003369,Benchmark Customer 03369,benchmark.customer03369@example.test,ACTIVE
600003370,Benchmark Customer 03370,benchmark.customer03370@example.test,ACTIVE
600003371,Benchmark Customer 03371,benchmark.customer03371@example.test,ACTIVE
600003372,Benchmark Customer 03372,benchmark.customer03372@example.test,ACTIVE
600003373,Benchmark Customer 03373,benchmark.customer03373@example.test,ACTIVE
600003374,Benchmark Customer 03374,benchmark.customer03374@example.test,ACTIVE
600003375,Benchmark Customer 03375,benchmark.customer03375@example.test,ACTIVE
600003376,Benchmark Customer 03376,benchmark.customer03376@example.test,ACTIVE
600003377,Benchmark Customer 03377,benchmark.customer03377@example.test,ACTIVE
600003378,Benchmark Customer 03378,benchmark.customer03378@example.test,ACTIVE
600003379,Benchmark Customer 03379,benchmark.customer03379@example.test,ACTIVE
600003380,Benchmark Customer 03380,benchmark.customer03380@example.test,ACTIVE
600003381,Benchmark Customer 03381,benchmark.customer03381@example.test,ACTIVE
600003382,Benchmark Customer 03382,benchmark.customer03382@example.test,ACTIVE
600003383,Benchmark Customer 03383,benchmark.customer03383@example.test,ACTIVE
600003384,Benchmark Customer 03384,benchmark.customer03384@example.test,ACTIVE
600003385,Benchmark Customer 03385,benchmark.customer03385@example.test,ACTIVE
600003386,Benchmark Customer 03386,benchmark.customer03386@example.test,ACTIVE
600003387,Benchmark Customer 03387,benchmark.customer03387@example.test,ACTIVE
600003388,Benchmark Customer 03388,benchmark.customer03388@example.test,ACTIVE
600003389,Benchmark Customer 03389,benchmark.customer03389@example.test,ACTIVE
600003390,Benchmark Customer 03390,benchmark.customer03390@example.test,ACTIVE
600003391,Benchmark Customer 03391,benchmark.customer03391@example.test,ACTIVE
600003392,Benchmark Customer 03392,benchmark.customer03392@example.test,ACTIVE
600003393,Benchmark Customer 03393,benchmark.customer03393@example.test,ACTIVE
600003394,Benchmark Customer 03394,benchmark.customer03394@example.test,ACTIVE
600003395,Benchmark Customer 03395,benchmark.customer03395@example.test,ACTIVE
600003396,Benchmark Customer 03396,benchmark.customer03396@example.test,ACTIVE
600003397,Benchmark Customer 03397,benchmark.customer03397@example.test,ACTIVE
600003398,Benchmark Customer 03398,benchmark.customer03398@example.test,ACTIVE
600003399,Benchmark Customer 03399,benchmark.customer03399@example.test,ACTIVE
600003400,Benchmark Customer 03400,benchmark.customer03400@example.test,ACTIVE
600003401,Benchmark Customer 03401,benchmark.customer03401@example.test,ACTIVE
600003402,Benchmark Customer 03402,benchmark.customer03402@example.test,ACTIVE
600003403,Benchmark Customer 03403,benchmark.customer03403@example.test,ACTIVE
600003404,Benchmark Customer 03404,benchmark.customer03404@example.test,ACTIVE
600003405,Benchmark Customer 03405,benchmark.customer03405@example.test,ACTIVE
600003406,Benchmark Customer 03406,benchmark.customer03406@example.test,ACTIVE
600003407,Benchmark Customer 03407,benchmark.customer03407@example.test,ACTIVE
600003408,Benchmark Customer 03408,benchmark.customer03408@example.test,ACTIVE
600003409,Benchmark Customer 03409,benchmark.customer03409@example.test,ACTIVE
600003410,Benchmark Customer 03410,benchmark.customer03410@example.test,ACTIVE
600003411,Benchmark Customer 03411,benchmark.customer03411@example.test,ACTIVE
600003412,Benchmark Customer 03412,benchmark.customer03412@example.test,ACTIVE
600003413,Benchmark Customer 03413,benchmark.customer03413@example.test,ACTIVE
600003414,Benchmark Customer 03414,benchmark.customer03414@example.test,ACTIVE
600003415,Benchmark Customer 03415,benchmark.customer03415@example.test,ACTIVE
600003416,Benchmark Customer 03416,benchmark.customer03416@example.test,ACTIVE
600003417,Benchmark Customer 03417,benchmark.customer03417@example.test,ACTIVE
600003418,Benchmark Customer 03418,benchmark.customer03418@example.test,ACTIVE
600003419,Benchmark Customer 03419,benchmark.customer03419@example.test,ACTIVE
600003420,Benchmark Customer 03420,benchmark.customer03420@example.test,ACTIVE
600003421,Benchmark Customer 03421,benchmark.customer03421@example.test,ACTIVE
600003422,Benchmark Customer 03422,benchmark.customer03422@example.test,ACTIVE
600003423,Benchmark Customer 03423,benchmark.customer03423@example.test,ACTIVE
600003424,Benchmark Customer 03424,benchmark.customer03424@example.test,ACTIVE
600003425,Benchmark Customer 03425,benchmark.customer03425@example.test,ACTIVE
600003426,Benchmark Customer 03426,benchmark.customer03426@example.test,ACTIVE
600003427,Benchmark Customer 03427,benchmark.customer03427@example.test,ACTIVE
600003428,Benchmark Customer 03428,benchmark.customer03428@example.test,ACTIVE
600003429,Benchmark Customer 03429,benchmark.customer03429@example.test,ACTIVE
600003430,Benchmark Customer 03430,benchmark.customer03430@example.test,ACTIVE
600003431,Benchmark Customer 03431,benchmark.customer03431@example.test,ACTIVE
600003432,Benchmark Customer 03432,benchmark.customer03432@example.test,ACTIVE
600003433,Benchmark Customer 03433,benchmark.customer03433@example.test,ACTIVE
600003434,Benchmark Customer 03434,benchmark.customer03434@example.test,ACTIVE
600003435,Benchmark Customer 03435,benchmark.customer03435@example.test,ACTIVE
600003436,Benchmark Customer 03436,benchmark.customer03436@example.test,ACTIVE
600003437,Benchmark Customer 03437,benchmark.customer03437@example.test,ACTIVE
600003438,Benchmark Customer 03438,benchmark.customer03438@example.test,ACTIVE
600003439,Benchmark Customer 03439,benchmark.customer03439@example.test,ACTIVE
600003440,Benchmark Customer 03440,benchmark.customer03440@example.test,ACTIVE
600003441,Benchmark Customer 03441,benchmark.customer03441@example.test,ACTIVE
600003442,Benchmark Customer 03442,benchmark.customer03442@example.test,ACTIVE
600003443,Benchmark Customer 03443,benchmark.customer03443@example.test,ACTIVE
600003444,Benchmark Customer 03444,benchmark.customer03444@example.test,ACTIVE
600003445,Benchmark Customer 03445,benchmark.customer03445@example.test,ACTIVE
600003446,Benchmark Customer 03446,benchmark.customer03446@example.test,ACTIVE
600003447,Benchmark Customer 03447,benchmark.customer03447@example.test,ACTIVE
600003448,Benchmark Customer 03448,benchmark.customer03448@example.test,ACTIVE
600003449,Benchmark Customer 03449,benchmark.customer03449@example.test,ACTIVE
600003450,Benchmark Customer 03450,benchmark.customer03450@example.test,ACTIVE
600003451,Benchmark Customer 03451,benchmark.customer03451@example.test,ACTIVE
600003452,Benchmark Customer 03452,benchmark.customer03452@example.test,ACTIVE
600003453,Benchmark Customer 03453,benchmark.customer03453@example.test,ACTIVE
600003454,Benchmark Customer 03454,benchmark.customer03454@example.test,ACTIVE
600003455,Benchmark Customer 03455,benchmark.customer03455@example.test,ACTIVE
600003456,Benchmark Customer 03456,benchmark.customer03456@example.test,ACTIVE
600003457,Benchmark Customer 03457,benchmark.customer03457@example.test,ACTIVE
600003458,Benchmark Customer 03458,benchmark.customer03458@example.test,ACTIVE
600003459,Benchmark Customer 03459,benchmark.customer03459@example.test,ACTIVE
600003460,Benchmark Customer 03460,benchmark.customer03460@example.test,ACTIVE
600003461,Benchmark Customer 03461,benchmark.customer03461@example.test,ACTIVE
600003462,Benchmark Customer 03462,benchmark.customer03462@example.test,ACTIVE
600003463,Benchmark Customer 03463,benchmark.customer03463@example.test,ACTIVE
600003464,Benchmark Customer 03464,benchmark.customer03464@example.test,ACTIVE
600003465,Benchmark Customer 03465,benchmark.customer03465@example.test,ACTIVE
600003466,Benchmark Customer 03466,benchmark.customer03466@example.test,ACTIVE
600003467,Benchmark Customer 03467,benchmark.customer03467@example.test,ACTIVE
600003468,Benchmark Customer 03468,benchmark.customer03468@example.test,ACTIVE
600003469,Benchmark Customer 03469,benchmark.customer03469@example.test,ACTIVE
600003470,Benchmark Customer 03470,benchmark.customer03470@example.test,ACTIVE
600003471,Benchmark Customer 03471,benchmark.customer03471@example.test,ACTIVE
600003472,Benchmark Customer 03472,benchmark.customer03472@example.test,ACTIVE
600003473,Benchmark Customer 03473,benchmark.customer03473@example.test,ACTIVE
600003474,Benchmark Customer 03474,benchmark.customer03474@example.test,ACTIVE
600003475,Benchmark Customer 03475,benchmark.customer03475@example.test,ACTIVE
600003476,Benchmark Customer 03476,benchmark.customer03476@example.test,ACTIVE
600003477,Benchmark Customer 03477,benchmark.customer03477@example.test,ACTIVE
600003478,Benchmark Customer 03478,benchmark.customer03478@example.test,ACTIVE
600003479,Benchmark Customer 03479,benchmark.customer03479@example.test,ACTIVE
600003480,Benchmark Customer 03480,benchmark.customer03480@example.test,ACTIVE
600003481,Benchmark Customer 03481,benchmark.customer03481@example.test,ACTIVE
600003482,Benchmark Customer 03482,benchmark.customer03482@example.test,ACTIVE
600003483,Benchmark Customer 03483,benchmark.customer03483@example.test,ACTIVE
600003484,Benchmark Customer 03484,benchmark.customer03484@example.test,ACTIVE
600003485,Benchmark Customer 03485,benchmark.customer03485@example.test,ACTIVE
600003486,Benchmark Customer 03486,benchmark.customer03486@example.test,ACTIVE
600003487,Benchmark Customer 03487,benchmark.customer03487@example.test,ACTIVE
600003488,Benchmark Customer 03488,benchmark.customer03488@example.test,ACTIVE
600003489,Benchmark Customer 03489,benchmark.customer03489@example.test,ACTIVE
600003490,Benchmark Customer 03490,benchmark.customer03490@example.test,ACTIVE
600003491,Benchmark Customer 03491,benchmark.customer03491@example.test,ACTIVE
600003492,Benchmark Customer 03492,benchmark.customer03492@example.test,ACTIVE
600003493,Benchmark Customer 03493,benchmark.customer03493@example.test,ACTIVE
600003494,Benchmark Customer 03494,benchmark.customer03494@example.test,ACTIVE
600003495,Benchmark Customer 03495,benchmark.customer03495@example.test,ACTIVE
600003496,Benchmark Customer 03496,benchmark.customer03496@example.test,ACTIVE
600003497,Benchmark Customer 03497,benchmark.customer03497@example.test,ACTIVE
600003498,Benchmark Customer 03498,benchmark.customer03498@example.test,ACTIVE
600003499,Benchmark Customer 03499,benchmark.customer03499@example.test,ACTIVE
600003500,Benchmark Customer 03500,benchmark.customer03500@example.test,ACTIVE
600003501,Benchmark Customer 03501,benchmark.customer03501@example.test,ACTIVE
600003502,Benchmark Customer 03502,benchmark.customer03502@example.test,ACTIVE
600003503,Benchmark Customer 03503,benchmark.customer03503@example.test,ACTIVE
600003504,Benchmark Customer 03504,benchmark.customer03504@example.test,ACTIVE
600003505,Benchmark Customer 03505,benchmark.customer03505@example.test,ACTIVE
600003506,Benchmark Customer 03506,benchmark.customer03506@example.test,ACTIVE
600003507,Benchmark Customer 03507,benchmark.customer03507@example.test,ACTIVE
600003508,Benchmark Customer 03508,benchmark.customer03508@example.test,ACTIVE
600003509,Benchmark Customer 03509,benchmark.customer03509@example.test,ACTIVE
600003510,Benchmark Customer 03510,benchmark.customer03510@example.test,ACTIVE
600003511,Benchmark Customer 03511,benchmark.customer03511@example.test,ACTIVE
600003512,Benchmark Customer 03512,benchmark.customer03512@example.test,ACTIVE
600003513,Benchmark Customer 03513,benchmark.customer03513@example.test,ACTIVE
600003514,Benchmark Customer 03514,benchmark.customer03514@example.test,ACTIVE
600003515,Benchmark Customer 03515,benchmark.customer03515@example.test,ACTIVE
600003516,Benchmark Customer 03516,benchmark.customer03516@example.test,ACTIVE
600003517,Benchmark Customer 03517,benchmark.customer03517@example.test,ACTIVE
600003518,Benchmark Customer 03518,benchmark.customer03518@example.test,ACTIVE
600003519,Benchmark Customer 03519,benchmark.customer03519@example.test,ACTIVE
600003520,Benchmark Customer 03520,benchmark.customer03520@example.test,ACTIVE
600003521,Benchmark Customer 03521,benchmark.customer03521@example.test,ACTIVE
600003522,Benchmark Customer 03522,benchmark.customer03522@example.test,ACTIVE
600003523,Benchmark Customer 03523,benchmark.customer03523@example.test,ACTIVE
600003524,Benchmark Customer 03524,benchmark.customer03524@example.test,ACTIVE
600003525,Benchmark Customer 03525,benchmark.customer03525@example.test,ACTIVE
600003526,Benchmark Customer 03526,benchmark.customer03526@example.test,ACTIVE
600003527,Benchmark Customer 03527,benchmark.customer03527@example.test,ACTIVE
600003528,Benchmark Customer 03528,benchmark.customer03528@example.test,ACTIVE
600003529,Benchmark Customer 03529,benchmark.customer03529@example.test,ACTIVE
600003530,Benchmark Customer 03530,benchmark.customer03530@example.test,ACTIVE
600003531,Benchmark Customer 03531,benchmark.customer03531@example.test,ACTIVE
600003532,Benchmark Customer 03532,benchmark.customer03532@example.test,ACTIVE
600003533,Benchmark Customer 03533,benchmark.customer03533@example.test,ACTIVE
600003534,Benchmark Customer 03534,benchmark.customer03534@example.test,ACTIVE
600003535,Benchmark Customer 03535,benchmark.customer03535@example.test,ACTIVE
600003536,Benchmark Customer 03536,benchmark.customer03536@example.test,ACTIVE
600003537,Benchmark Customer 03537,benchmark.customer03537@example.test,ACTIVE
600003538,Benchmark Customer 03538,benchmark.customer03538@example.test,ACTIVE
600003539,Benchmark Customer 03539,benchmark.customer03539@example.test,ACTIVE
600003540,Benchmark Customer 03540,benchmark.customer03540@example.test,ACTIVE
600003541,Benchmark Customer 03541,benchmark.customer03541@example.test,ACTIVE
600003542,Benchmark Customer 03542,benchmark.customer03542@example.test,ACTIVE
600003543,Benchmark Customer 03543,benchmark.customer03543@example.test,ACTIVE
600003544,Benchmark Customer 03544,benchmark.customer03544@example.test,ACTIVE
600003545,Benchmark Customer 03545,benchmark.customer03545@example.test,ACTIVE
600003546,Benchmark Customer 03546,benchmark.customer03546@example.test,ACTIVE
600003547,Benchmark Customer 03547,benchmark.customer03547@example.test,ACTIVE
600003548,Benchmark Customer 03548,benchmark.customer03548@example.test,ACTIVE
600003549,Benchmark Customer 03549,benchmark.customer03549@example.test,ACTIVE
600003550,Benchmark Customer 03550,benchmark.customer03550@example.test,ACTIVE
600003551,Benchmark Customer 03551,benchmark.customer03551@example.test,ACTIVE
600003552,Benchmark Customer 03552,benchmark.customer03552@example.test,ACTIVE
600003553,Benchmark Customer 03553,benchmark.customer03553@example.test,ACTIVE
600003554,Benchmark Customer 03554,benchmark.customer03554@example.test,ACTIVE
600003555,Benchmark Customer 03555,benchmark.customer03555@example.test,ACTIVE
600003556,Benchmark Customer 03556,benchmark.customer03556@example.test,ACTIVE
600003557,Benchmark Customer 03557,benchmark.customer03557@example.test,ACTIVE
600003558,Benchmark Customer 03558,benchmark.customer03558@example.test,ACTIVE
600003559,Benchmark Customer 03559,benchmark.customer03559@example.test,ACTIVE
600003560,Benchmark Customer 03560,benchmark.customer03560@example.test,ACTIVE
600003561,Benchmark Customer 03561,benchmark.customer03561@example.test,ACTIVE
600003562,Benchmark Customer 03562,benchmark.customer03562@example.test,ACTIVE
600003563,Benchmark Customer 03563,benchmark.customer03563@example.test,ACTIVE
600003564,Benchmark Customer 03564,benchmark.customer03564@example.test,ACTIVE
600003565,Benchmark Customer 03565,benchmark.customer03565@example.test,ACTIVE
600003566,Benchmark Customer 03566,benchmark.customer03566@example.test,ACTIVE
600003567,Benchmark Customer 03567,benchmark.customer03567@example.test,ACTIVE
600003568,Benchmark Customer 03568,benchmark.customer03568@example.test,ACTIVE
600003569,Benchmark Customer 03569,benchmark.customer03569@example.test,ACTIVE
600003570,Benchmark Customer 03570,benchmark.customer03570@example.test,ACTIVE
600003571,Benchmark Customer 03571,benchmark.customer03571@example.test,ACTIVE
600003572,Benchmark Customer 03572,benchmark.customer03572@example.test,ACTIVE
600003573,Benchmark Customer 03573,benchmark.customer03573@example.test,ACTIVE
600003574,Benchmark Customer 03574,benchmark.customer03574@example.test,ACTIVE
600003575,Benchmark Customer 03575,benchmark.customer03575@example.test,ACTIVE
600003576,Benchmark Customer 03576,benchmark.customer03576@example.test,ACTIVE
600003577,Benchmark Customer 03577,benchmark.customer03577@example.test,ACTIVE
600003578,Benchmark Customer 03578,benchmark.customer03578@example.test,ACTIVE
600003579,Benchmark Customer 03579,benchmark.customer03579@example.test,ACTIVE
600003580,Benchmark Customer 03580,benchmark.customer03580@example.test,ACTIVE
600003581,Benchmark Customer 03581,benchmark.customer03581@example.test,ACTIVE
600003582,Benchmark Customer 03582,benchmark.customer03582@example.test,ACTIVE
600003583,Benchmark Customer 03583,benchmark.customer03583@example.test,ACTIVE
600003584,Benchmark Customer 03584,benchmark.customer03584@example.test,ACTIVE
600003585,Benchmark Customer 03585,benchmark.customer03585@example.test,ACTIVE
600003586,Benchmark Customer 03586,benchmark.customer03586@example.test,ACTIVE
600003587,Benchmark Customer 03587,benchmark.customer03587@example.test,ACTIVE
600003588,Benchmark Customer 03588,benchmark.customer03588@example.test,ACTIVE
600003589,Benchmark Customer 03589,benchmark.customer03589@example.test,ACTIVE
600003590,Benchmark Customer 03590,benchmark.customer03590@example.test,ACTIVE
600003591,Benchmark Customer 03591,benchmark.customer03591@example.test,ACTIVE
600003592,Benchmark Customer 03592,benchmark.customer03592@example.test,ACTIVE
600003593,Benchmark Customer 03593,benchmark.customer03593@example.test,ACTIVE
600003594,Benchmark Customer 03594,benchmark.customer03594@example.test,ACTIVE
600003595,Benchmark Customer 03595,benchmark.customer03595@example.test,ACTIVE
600003596,Benchmark Customer 03596,benchmark.customer03596@example.test,ACTIVE
600003597,Benchmark Customer 03597,benchmark.customer03597@example.test,ACTIVE
600003598,Benchmark Customer 03598,benchmark.customer03598@example.test,ACTIVE
600003599,Benchmark Customer 03599,benchmark.customer03599@example.test,ACTIVE
600003600,Benchmark Customer 03600,benchmark.customer03600@example.test,ACTIVE
600003601,Benchmark Customer 03601,benchmark.customer03601@example.test,ACTIVE
600003602,Benchmark Customer 03602,benchmark.customer03602@example.test,ACTIVE
600003603,Benchmark Customer 03603,benchmark.customer03603@example.test,ACTIVE
600003604,Benchmark Customer 03604,benchmark.customer03604@example.test,ACTIVE
600003605,Benchmark Customer 03605,benchmark.customer03605@example.test,ACTIVE
600003606,Benchmark Customer 03606,benchmark.customer03606@example.test,ACTIVE
600003607,Benchmark Customer 03607,benchmark.customer03607@example.test,ACTIVE
600003608,Benchmark Customer 03608,benchmark.customer03608@example.test,ACTIVE
600003609,Benchmark Customer 03609,benchmark.customer03609@example.test,ACTIVE
600003610,Benchmark Customer 03610,benchmark.customer03610@example.test,ACTIVE
600003611,Benchmark Customer 03611,benchmark.customer03611@example.test,ACTIVE
600003612,Benchmark Customer 03612,benchmark.customer03612@example.test,ACTIVE
600003613,Benchmark Customer 03613,benchmark.customer03613@example.test,ACTIVE
600003614,Benchmark Customer 03614,benchmark.customer03614@example.test,ACTIVE
600003615,Benchmark Customer 03615,benchmark.customer03615@example.test,ACTIVE
600003616,Benchmark Customer 03616,benchmark.customer03616@example.test,ACTIVE
600003617,Benchmark Customer 03617,benchmark.customer03617@example.test,ACTIVE
600003618,Benchmark Customer 03618,benchmark.customer03618@example.test,ACTIVE
600003619,Benchmark Customer 03619,benchmark.customer03619@example.test,ACTIVE
600003620,Benchmark Customer 03620,benchmark.customer03620@example.test,ACTIVE
600003621,Benchmark Customer 03621,benchmark.customer03621@example.test,ACTIVE
600003622,Benchmark Customer 03622,benchmark.customer03622@example.test,ACTIVE
600003623,Benchmark Customer 03623,benchmark.customer03623@example.test,ACTIVE
600003624,Benchmark Customer 03624,benchmark.customer03624@example.test,ACTIVE
600003625,Benchmark Customer 03625,benchmark.customer03625@example.test,ACTIVE
600003626,Benchmark Customer 03626,benchmark.customer03626@example.test,ACTIVE
600003627,Benchmark Customer 03627,benchmark.customer03627@example.test,ACTIVE
600003628,Benchmark Customer 03628,benchmark.customer03628@example.test,ACTIVE
600003629,Benchmark Customer 03629,benchmark.customer03629@example.test,ACTIVE
600003630,Benchmark Customer 03630,benchmark.customer03630@example.test,ACTIVE
600003631,Benchmark Customer 03631,benchmark.customer03631@example.test,ACTIVE
600003632,Benchmark Customer 03632,benchmark.customer03632@example.test,ACTIVE
600003633,Benchmark Customer 03633,benchmark.customer03633@example.test,ACTIVE
600003634,Benchmark Customer 03634,benchmark.customer03634@example.test,ACTIVE
600003635,Benchmark Customer 03635,benchmark.customer03635@example.test,ACTIVE
600003636,Benchmark Customer 03636,benchmark.customer03636@example.test,ACTIVE
600003637,Benchmark Customer 03637,benchmark.customer03637@example.test,ACTIVE
600003638,Benchmark Customer 03638,benchmark.customer03638@example.test,ACTIVE
600003639,Benchmark Customer 03639,benchmark.customer03639@example.test,ACTIVE
600003640,Benchmark Customer 03640,benchmark.customer03640@example.test,ACTIVE
600003641,Benchmark Customer 03641,benchmark.customer03641@example.test,ACTIVE
600003642,Benchmark Customer 03642,benchmark.customer03642@example.test,ACTIVE
600003643,Benchmark Customer 03643,benchmark.customer03643@example.test,ACTIVE
600003644,Benchmark Customer 03644,benchmark.customer03644@example.test,ACTIVE
600003645,Benchmark Customer 03645,benchmark.customer03645@example.test,ACTIVE
600003646,Benchmark Customer 03646,benchmark.customer03646@example.test,ACTIVE
600003647,Benchmark Customer 03647,benchmark.customer03647@example.test,ACTIVE
600003648,Benchmark Customer 03648,benchmark.customer03648@example.test,ACTIVE
600003649,Benchmark Customer 03649,benchmark.customer03649@example.test,ACTIVE
600003650,Benchmark Customer 03650,benchmark.customer03650@example.test,ACTIVE
600003651,Benchmark Customer 03651,benchmark.customer03651@example.test,ACTIVE
600003652,Benchmark Customer 03652,benchmark.customer03652@example.test,ACTIVE
600003653,Benchmark Customer 03653,benchmark.customer03653@example.test,ACTIVE
600003654,Benchmark Customer 03654,benchmark.customer03654@example.test,ACTIVE
600003655,Benchmark Customer 03655,benchmark.customer03655@example.test,ACTIVE
600003656,Benchmark Customer 03656,benchmark.customer03656@example.test,ACTIVE
600003657,Benchmark Customer 03657,benchmark.customer03657@example.test,ACTIVE
600003658,Benchmark Customer 03658,benchmark.customer03658@example.test,ACTIVE
600003659,Benchmark Customer 03659,benchmark.customer03659@example.test,ACTIVE
600003660,Benchmark Customer 03660,benchmark.customer03660@example.test,ACTIVE
600003661,Benchmark Customer 03661,benchmark.customer03661@example.test,ACTIVE
600003662,Benchmark Customer 03662,benchmark.customer03662@example.test,ACTIVE
600003663,Benchmark Customer 03663,benchmark.customer03663@example.test,ACTIVE
600003664,Benchmark Customer 03664,benchmark.customer03664@example.test,ACTIVE
600003665,Benchmark Customer 03665,benchmark.customer03665@example.test,ACTIVE
600003666,Benchmark Customer 03666,benchmark.customer03666@example.test,ACTIVE
600003667,Benchmark Customer 03667,benchmark.customer03667@example.test,ACTIVE
600003668,Benchmark Customer 03668,benchmark.customer03668@example.test,ACTIVE
600003669,Benchmark Customer 03669,benchmark.customer03669@example.test,ACTIVE
600003670,Benchmark Customer 03670,benchmark.customer03670@example.test,ACTIVE
600003671,Benchmark Customer 03671,benchmark.customer03671@example.test,ACTIVE
600003672,Benchmark Customer 03672,benchmark.customer03672@example.test,ACTIVE
600003673,Benchmark Customer 03673,benchmark.customer03673@example.test,ACTIVE
600003674,Benchmark Customer 03674,benchmark.customer03674@example.test,ACTIVE
600003675,Benchmark Customer 03675,benchmark.customer03675@example.test,ACTIVE
600003676,Benchmark Customer 03676,benchmark.customer03676@example.test,ACTIVE
600003677,Benchmark Customer 03677,benchmark.customer03677@example.test,ACTIVE
600003678,Benchmark Customer 03678,benchmark.customer03678@example.test,ACTIVE
600003679,Benchmark Customer 03679,benchmark.customer03679@example.test,ACTIVE
600003680,Benchmark Customer 03680,benchmark.customer03680@example.test,ACTIVE
600003681,Benchmark Customer 03681,benchmark.customer03681@example.test,ACTIVE
600003682,Benchmark Customer 03682,benchmark.customer03682@example.test,ACTIVE
600003683,Benchmark Customer 03683,benchmark.customer03683@example.test,ACTIVE
600003684,Benchmark Customer 03684,benchmark.customer03684@example.test,ACTIVE
600003685,Benchmark Customer 03685,benchmark.customer03685@example.test,ACTIVE
600003686,Benchmark Customer 03686,benchmark.customer03686@example.test,ACTIVE
600003687,Benchmark Customer 03687,benchmark.customer03687@example.test,ACTIVE
600003688,Benchmark Customer 03688,benchmark.customer03688@example.test,ACTIVE
600003689,Benchmark Customer 03689,benchmark.customer03689@example.test,ACTIVE
600003690,Benchmark Customer 03690,benchmark.customer03690@example.test,ACTIVE
600003691,Benchmark Customer 03691,benchmark.customer03691@example.test,ACTIVE
600003692,Benchmark Customer 03692,benchmark.customer03692@example.test,ACTIVE
600003693,Benchmark Customer 03693,benchmark.customer03693@example.test,ACTIVE
600003694,Benchmark Customer 03694,benchmark.customer03694@example.test,ACTIVE
600003695,Benchmark Customer 03695,benchmark.customer03695@example.test,ACTIVE
600003696,Benchmark Customer 03696,benchmark.customer03696@example.test,ACTIVE
600003697,Benchmark Customer 03697,benchmark.customer03697@example.test,ACTIVE
600003698,Benchmark Customer 03698,benchmark.customer03698@example.test,ACTIVE
600003699,Benchmark Customer 03699,benchmark.customer03699@example.test,ACTIVE
600003700,Benchmark Customer 03700,benchmark.customer03700@example.test,ACTIVE
600003701,Benchmark Customer 03701,benchmark.customer03701@example.test,ACTIVE
600003702,Benchmark Customer 03702,benchmark.customer03702@example.test,ACTIVE
600003703,Benchmark Customer 03703,benchmark.customer03703@example.test,ACTIVE
600003704,Benchmark Customer 03704,benchmark.customer03704@example.test,ACTIVE
600003705,Benchmark Customer 03705,benchmark.customer03705@example.test,ACTIVE
600003706,Benchmark Customer 03706,benchmark.customer03706@example.test,ACTIVE
600003707,Benchmark Customer 03707,benchmark.customer03707@example.test,ACTIVE
600003708,Benchmark Customer 03708,benchmark.customer03708@example.test,ACTIVE
600003709,Benchmark Customer 03709,benchmark.customer03709@example.test,ACTIVE
600003710,Benchmark Customer 03710,benchmark.customer03710@example.test,ACTIVE
600003711,Benchmark Customer 03711,benchmark.customer03711@example.test,ACTIVE
600003712,Benchmark Customer 03712,benchmark.customer03712@example.test,ACTIVE
600003713,Benchmark Customer 03713,benchmark.customer03713@example.test,ACTIVE
600003714,Benchmark Customer 03714,benchmark.customer03714@example.test,ACTIVE
600003715,Benchmark Customer 03715,benchmark.customer03715@example.test,ACTIVE
600003716,Benchmark Customer 03716,benchmark.customer03716@example.test,ACTIVE
600003717,Benchmark Customer 03717,benchmark.customer03717@example.test,ACTIVE
600003718,Benchmark Customer 03718,benchmark.customer03718@example.test,ACTIVE
600003719,Benchmark Customer 03719,benchmark.customer03719@example.test,ACTIVE
600003720,Benchmark Customer 03720,benchmark.customer03720@example.test,ACTIVE
600003721,Benchmark Customer 03721,benchmark.customer03721@example.test,ACTIVE
600003722,Benchmark Customer 03722,benchmark.customer03722@example.test,ACTIVE
600003723,Benchmark Customer 03723,benchmark.customer03723@example.test,ACTIVE
600003724,Benchmark Customer 03724,benchmark.customer03724@example.test,ACTIVE
600003725,Benchmark Customer 03725,benchmark.customer03725@example.test,ACTIVE
600003726,Benchmark Customer 03726,benchmark.customer03726@example.test,ACTIVE
600003727,Benchmark Customer 03727,benchmark.customer03727@example.test,ACTIVE
600003728,Benchmark Customer 03728,benchmark.customer03728@example.test,ACTIVE
600003729,Benchmark Customer 03729,benchmark.customer03729@example.test,ACTIVE
600003730,Benchmark Customer 03730,benchmark.customer03730@example.test,ACTIVE
600003731,Benchmark Customer 03731,benchmark.customer03731@example.test,ACTIVE
600003732,Benchmark Customer 03732,benchmark.customer03732@example.test,ACTIVE
600003733,Benchmark Customer 03733,benchmark.customer03733@example.test,ACTIVE
600003734,Benchmark Customer 03734,benchmark.customer03734@example.test,ACTIVE
600003735,Benchmark Customer 03735,benchmark.customer03735@example.test,ACTIVE
600003736,Benchmark Customer 03736,benchmark.customer03736@example.test,ACTIVE
600003737,Benchmark Customer 03737,benchmark.customer03737@example.test,ACTIVE
600003738,Benchmark Customer 03738,benchmark.customer03738@example.test,ACTIVE
600003739,Benchmark Customer 03739,benchmark.customer03739@example.test,ACTIVE
600003740,Benchmark Customer 03740,benchmark.customer03740@example.test,ACTIVE
600003741,Benchmark Customer 03741,benchmark.customer03741@example.test,ACTIVE
600003742,Benchmark Customer 03742,benchmark.customer03742@example.test,ACTIVE
600003743,Benchmark Customer 03743,benchmark.customer03743@example.test,ACTIVE
600003744,Benchmark Customer 03744,benchmark.customer03744@example.test,ACTIVE
600003745,Benchmark Customer 03745,benchmark.customer03745@example.test,ACTIVE
600003746,Benchmark Customer 03746,benchmark.customer03746@example.test,ACTIVE
600003747,Benchmark Customer 03747,benchmark.customer03747@example.test,ACTIVE
600003748,Benchmark Customer 03748,benchmark.customer03748@example.test,ACTIVE
600003749,Benchmark Customer 03749,benchmark.customer03749@example.test,ACTIVE
600003750,Benchmark Customer 03750,benchmark.customer03750@example.test,ACTIVE
600003751,Benchmark Customer 03751,benchmark.customer03751@example.test,ACTIVE
600003752,Benchmark Customer 03752,benchmark.customer03752@example.test,ACTIVE
600003753,Benchmark Customer 03753,benchmark.customer03753@example.test,ACTIVE
600003754,Benchmark Customer 03754,benchmark.customer03754@example.test,ACTIVE
600003755,Benchmark Customer 03755,benchmark.customer03755@example.test,ACTIVE
600003756,Benchmark Customer 03756,benchmark.customer03756@example.test,ACTIVE
600003757,Benchmark Customer 03757,benchmark.customer03757@example.test,ACTIVE
600003758,Benchmark Customer 03758,benchmark.customer03758@example.test,ACTIVE
600003759,Benchmark Customer 03759,benchmark.customer03759@example.test,ACTIVE
600003760,Benchmark Customer 03760,benchmark.customer03760@example.test,ACTIVE
600003761,Benchmark Customer 03761,benchmark.customer03761@example.test,ACTIVE
600003762,Benchmark Customer 03762,benchmark.customer03762@example.test,ACTIVE
600003763,Benchmark Customer 03763,benchmark.customer03763@example.test,ACTIVE
600003764,Benchmark Customer 03764,benchmark.customer03764@example.test,ACTIVE
600003765,Benchmark Customer 03765,benchmark.customer03765@example.test,ACTIVE
600003766,Benchmark Customer 03766,benchmark.customer03766@example.test,ACTIVE
600003767,Benchmark Customer 03767,benchmark.customer03767@example.test,ACTIVE
600003768,Benchmark Customer 03768,benchmark.customer03768@example.test,ACTIVE
600003769,Benchmark Customer 03769,benchmark.customer03769@example.test,ACTIVE
600003770,Benchmark Customer 03770,benchmark.customer03770@example.test,ACTIVE
600003771,Benchmark Customer 03771,benchmark.customer03771@example.test,ACTIVE
600003772,Benchmark Customer 03772,benchmark.customer03772@example.test,ACTIVE
600003773,Benchmark Customer 03773,benchmark.customer03773@example.test,ACTIVE
600003774,Benchmark Customer 03774,benchmark.customer03774@example.test,ACTIVE
600003775,Benchmark Customer 03775,benchmark.customer03775@example.test,ACTIVE
600003776,Benchmark Customer 03776,benchmark.customer03776@example.test,ACTIVE
600003777,Benchmark Customer 03777,benchmark.customer03777@example.test,ACTIVE
600003778,Benchmark Customer 03778,benchmark.customer03778@example.test,ACTIVE
600003779,Benchmark Customer 03779,benchmark.customer03779@example.test,ACTIVE
600003780,Benchmark Customer 03780,benchmark.customer03780@example.test,ACTIVE
600003781,Benchmark Customer 03781,benchmark.customer03781@example.test,ACTIVE
600003782,Benchmark Customer 03782,benchmark.customer03782@example.test,ACTIVE
600003783,Benchmark Customer 03783,benchmark.customer03783@example.test,ACTIVE
600003784,Benchmark Customer 03784,benchmark.customer03784@example.test,ACTIVE
600003785,Benchmark Customer 03785,benchmark.customer03785@example.test,ACTIVE
600003786,Benchmark Customer 03786,benchmark.customer03786@example.test,ACTIVE
600003787,Benchmark Customer 03787,benchmark.customer03787@example.test,ACTIVE
600003788,Benchmark Customer 03788,benchmark.customer03788@example.test,ACTIVE
600003789,Benchmark Customer 03789,benchmark.customer03789@example.test,ACTIVE
600003790,Benchmark Customer 03790,benchmark.customer03790@example.test,ACTIVE
600003791,Benchmark Customer 03791,benchmark.customer03791@example.test,ACTIVE
600003792,Benchmark Customer 03792,benchmark.customer03792@example.test,ACTIVE
600003793,Benchmark Customer 03793,benchmark.customer03793@example.test,ACTIVE
600003794,Benchmark Customer 03794,benchmark.customer03794@example.test,ACTIVE
600003795,Benchmark Customer 03795,benchmark.customer03795@example.test,ACTIVE
600003796,Benchmark Customer 03796,benchmark.customer03796@example.test,ACTIVE
600003797,Benchmark Customer 03797,benchmark.customer03797@example.test,ACTIVE
600003798,Benchmark Customer 03798,benchmark.customer03798@example.test,ACTIVE
600003799,Benchmark Customer 03799,benchmark.customer03799@example.test,ACTIVE
600003800,Benchmark Customer 03800,benchmark.customer03800@example.test,ACTIVE
600003801,Benchmark Customer 03801,benchmark.customer03801@example.test,ACTIVE
600003802,Benchmark Customer 03802,benchmark.customer03802@example.test,ACTIVE
600003803,Benchmark Customer 03803,benchmark.customer03803@example.test,ACTIVE
600003804,Benchmark Customer 03804,benchmark.customer03804@example.test,ACTIVE
600003805,Benchmark Customer 03805,benchmark.customer03805@example.test,ACTIVE
600003806,Benchmark Customer 03806,benchmark.customer03806@example.test,ACTIVE
600003807,Benchmark Customer 03807,benchmark.customer03807@example.test,ACTIVE
600003808,Benchmark Customer 03808,benchmark.customer03808@example.test,ACTIVE
600003809,Benchmark Customer 03809,benchmark.customer03809@example.test,ACTIVE
600003810,Benchmark Customer 03810,benchmark.customer03810@example.test,ACTIVE
600003811,Benchmark Customer 03811,benchmark.customer03811@example.test,ACTIVE
600003812,Benchmark Customer 03812,benchmark.customer03812@example.test,ACTIVE
600003813,Benchmark Customer 03813,benchmark.customer03813@example.test,ACTIVE
600003814,Benchmark Customer 03814,benchmark.customer03814@example.test,ACTIVE
600003815,Benchmark Customer 03815,benchmark.customer03815@example.test,ACTIVE
600003816,Benchmark Customer 03816,benchmark.customer03816@example.test,ACTIVE
600003817,Benchmark Customer 03817,benchmark.customer03817@example.test,ACTIVE
600003818,Benchmark Customer 03818,benchmark.customer03818@example.test,ACTIVE
600003819,Benchmark Customer 03819,benchmark.customer03819@example.test,ACTIVE
600003820,Benchmark Customer 03820,benchmark.customer03820@example.test,ACTIVE
600003821,Benchmark Customer 03821,benchmark.customer03821@example.test,ACTIVE
600003822,Benchmark Customer 03822,benchmark.customer03822@example.test,ACTIVE
600003823,Benchmark Customer 03823,benchmark.customer03823@example.test,ACTIVE
600003824,Benchmark Customer 03824,benchmark.customer03824@example.test,ACTIVE
600003825,Benchmark Customer 03825,benchmark.customer03825@example.test,ACTIVE
600003826,Benchmark Customer 03826,benchmark.customer03826@example.test,ACTIVE
600003827,Benchmark Customer 03827,benchmark.customer03827@example.test,ACTIVE
600003828,Benchmark Customer 03828,benchmark.customer03828@example.test,ACTIVE
600003829,Benchmark Customer 03829,benchmark.customer03829@example.test,ACTIVE
600003830,Benchmark Customer 03830,benchmark.customer03830@example.test,ACTIVE
600003831,Benchmark Customer 03831,benchmark.customer03831@example.test,ACTIVE
600003832,Benchmark Customer 03832,benchmark.customer03832@example.test,ACTIVE
600003833,Benchmark Customer 03833,benchmark.customer03833@example.test,ACTIVE
600003834,Benchmark Customer 03834,benchmark.customer03834@example.test,ACTIVE
600003835,Benchmark Customer 03835,benchmark.customer03835@example.test,ACTIVE
600003836,Benchmark Customer 03836,benchmark.customer03836@example.test,ACTIVE
600003837,Benchmark Customer 03837,benchmark.customer03837@example.test,ACTIVE
600003838,Benchmark Customer 03838,benchmark.customer03838@example.test,ACTIVE
600003839,Benchmark Customer 03839,benchmark.customer03839@example.test,ACTIVE
600003840,Benchmark Customer 03840,benchmark.customer03840@example.test,ACTIVE
600003841,Benchmark Customer 03841,benchmark.customer03841@example.test,ACTIVE
600003842,Benchmark Customer 03842,benchmark.customer03842@example.test,ACTIVE
600003843,Benchmark Customer 03843,benchmark.customer03843@example.test,ACTIVE
600003844,Benchmark Customer 03844,benchmark.customer03844@example.test,ACTIVE
600003845,Benchmark Customer 03845,benchmark.customer03845@example.test,ACTIVE
600003846,Benchmark Customer 03846,benchmark.customer03846@example.test,ACTIVE
600003847,Benchmark Customer 03847,benchmark.customer03847@example.test,ACTIVE
600003848,Benchmark Customer 03848,benchmark.customer03848@example.test,ACTIVE
600003849,Benchmark Customer 03849,benchmark.customer03849@example.test,ACTIVE
600003850,Benchmark Customer 03850,benchmark.customer03850@example.test,ACTIVE
600003851,Benchmark Customer 03851,benchmark.customer03851@example.test,ACTIVE
600003852,Benchmark Customer 03852,benchmark.customer03852@example.test,ACTIVE
600003853,Benchmark Customer 03853,benchmark.customer03853@example.test,ACTIVE
600003854,Benchmark Customer 03854,benchmark.customer03854@example.test,ACTIVE
600003855,Benchmark Customer 03855,benchmark.customer03855@example.test,ACTIVE
600003856,Benchmark Customer 03856,benchmark.customer03856@example.test,ACTIVE
600003857,Benchmark Customer 03857,benchmark.customer03857@example.test,ACTIVE
600003858,Benchmark Customer 03858,benchmark.customer03858@example.test,ACTIVE
600003859,Benchmark Customer 03859,benchmark.customer03859@example.test,ACTIVE
600003860,Benchmark Customer 03860,benchmark.customer03860@example.test,ACTIVE
600003861,Benchmark Customer 03861,benchmark.customer03861@example.test,ACTIVE
600003862,Benchmark Customer 03862,benchmark.customer03862@example.test,ACTIVE
600003863,Benchmark Customer 03863,benchmark.customer03863@example.test,ACTIVE
600003864,Benchmark Customer 03864,benchmark.customer03864@example.test,ACTIVE
600003865,Benchmark Customer 03865,benchmark.customer03865@example.test,ACTIVE
600003866,Benchmark Customer 03866,benchmark.customer03866@example.test,ACTIVE
600003867,Benchmark Customer 03867,benchmark.customer03867@example.test,ACTIVE
600003868,Benchmark Customer 03868,benchmark.customer03868@example.test,ACTIVE
600003869,Benchmark Customer 03869,benchmark.customer03869@example.test,ACTIVE
600003870,Benchmark Customer 03870,benchmark.customer03870@example.test,ACTIVE
600003871,Benchmark Customer 03871,benchmark.customer03871@example.test,ACTIVE
600003872,Benchmark Customer 03872,benchmark.customer03872@example.test,ACTIVE
600003873,Benchmark Customer 03873,benchmark.customer03873@example.test,ACTIVE
600003874,Benchmark Customer 03874,benchmark.customer03874@example.test,ACTIVE
600003875,Benchmark Customer 03875,benchmark.customer03875@example.test,ACTIVE
600003876,Benchmark Customer 03876,benchmark.customer03876@example.test,ACTIVE
600003877,Benchmark Customer 03877,benchmark.customer03877@example.test,ACTIVE
600003878,Benchmark Customer 03878,benchmark.customer03878@example.test,ACTIVE
600003879,Benchmark Customer 03879,benchmark.customer03879@example.test,ACTIVE
600003880,Benchmark Customer 03880,benchmark.customer03880@example.test,ACTIVE
600003881,Benchmark Customer 03881,benchmark.customer03881@example.test,ACTIVE
600003882,Benchmark Customer 03882,benchmark.customer03882@example.test,ACTIVE
600003883,Benchmark Customer 03883,benchmark.customer03883@example.test,ACTIVE
600003884,Benchmark Customer 03884,benchmark.customer03884@example.test,ACTIVE
600003885,Benchmark Customer 03885,benchmark.customer03885@example.test,ACTIVE
600003886,Benchmark Customer 03886,benchmark.customer03886@example.test,ACTIVE
600003887,Benchmark Customer 03887,benchmark.customer03887@example.test,ACTIVE
600003888,Benchmark Customer 03888,benchmark.customer03888@example.test,ACTIVE
600003889,Benchmark Customer 03889,benchmark.customer03889@example.test,ACTIVE
600003890,Benchmark Customer 03890,benchmark.customer03890@example.test,ACTIVE
600003891,Benchmark Customer 03891,benchmark.customer03891@example.test,ACTIVE
600003892,Benchmark Customer 03892,benchmark.customer03892@example.test,ACTIVE
600003893,Benchmark Customer 03893,benchmark.customer03893@example.test,ACTIVE
600003894,Benchmark Customer 03894,benchmark.customer03894@example.test,ACTIVE
600003895,Benchmark Customer 03895,benchmark.customer03895@example.test,ACTIVE
600003896,Benchmark Customer 03896,benchmark.customer03896@example.test,ACTIVE
600003897,Benchmark Customer 03897,benchmark.customer03897@example.test,ACTIVE
600003898,Benchmark Customer 03898,benchmark.customer03898@example.test,ACTIVE
600003899,Benchmark Customer 03899,benchmark.customer03899@example.test,ACTIVE
600003900,Benchmark Customer 03900,benchmark.customer03900@example.test,ACTIVE
600003901,Benchmark Customer 03901,benchmark.customer03901@example.test,ACTIVE
600003902,Benchmark Customer 03902,benchmark.customer03902@example.test,ACTIVE
600003903,Benchmark Customer 03903,benchmark.customer03903@example.test,ACTIVE
600003904,Benchmark Customer 03904,benchmark.customer03904@example.test,ACTIVE
600003905,Benchmark Customer 03905,benchmark.customer03905@example.test,ACTIVE
600003906,Benchmark Customer 03906,benchmark.customer03906@example.test,ACTIVE
600003907,Benchmark Customer 03907,benchmark.customer03907@example.test,ACTIVE
600003908,Benchmark Customer 03908,benchmark.customer03908@example.test,ACTIVE
600003909,Benchmark Customer 03909,benchmark.customer03909@example.test,ACTIVE
600003910,Benchmark Customer 03910,benchmark.customer03910@example.test,ACTIVE
600003911,Benchmark Customer 03911,benchmark.customer03911@example.test,ACTIVE
600003912,Benchmark Customer 03912,benchmark.customer03912@example.test,ACTIVE
600003913,Benchmark Customer 03913,benchmark.customer03913@example.test,ACTIVE
600003914,Benchmark Customer 03914,benchmark.customer03914@example.test,ACTIVE
600003915,Benchmark Customer 03915,benchmark.customer03915@example.test,ACTIVE
600003916,Benchmark Customer 03916,benchmark.customer03916@example.test,ACTIVE
600003917,Benchmark Customer 03917,benchmark.customer03917@example.test,ACTIVE
600003918,Benchmark Customer 03918,benchmark.customer03918@example.test,ACTIVE
600003919,Benchmark Customer 03919,benchmark.customer03919@example.test,ACTIVE
600003920,Benchmark Customer 03920,benchmark.customer03920@example.test,ACTIVE
600003921,Benchmark Customer 03921,benchmark.customer03921@example.test,ACTIVE
600003922,Benchmark Customer 03922,benchmark.customer03922@example.test,ACTIVE
600003923,Benchmark Customer 03923,benchmark.customer03923@example.test,ACTIVE
600003924,Benchmark Customer 03924,benchmark.customer03924@example.test,ACTIVE
600003925,Benchmark Customer 03925,benchmark.customer03925@example.test,ACTIVE
600003926,Benchmark Customer 03926,benchmark.customer03926@example.test,ACTIVE
600003927,Benchmark Customer 03927,benchmark.customer03927@example.test,ACTIVE
600003928,Benchmark Customer 03928,benchmark.customer03928@example.test,ACTIVE
600003929,Benchmark Customer 03929,benchmark.customer03929@example.test,ACTIVE
600003930,Benchmark Customer 03930,benchmark.customer03930@example.test,ACTIVE
600003931,Benchmark Customer 03931,benchmark.customer03931@example.test,ACTIVE
600003932,Benchmark Customer 03932,benchmark.customer03932@example.test,ACTIVE
600003933,Benchmark Customer 03933,benchmark.customer03933@example.test,ACTIVE
600003934,Benchmark Customer 03934,benchmark.customer03934@example.test,ACTIVE
600003935,Benchmark Customer 03935,benchmark.customer03935@example.test,ACTIVE
600003936,Benchmark Customer 03936,benchmark.customer03936@example.test,ACTIVE
600003937,Benchmark Customer 03937,benchmark.customer03937@example.test,ACTIVE
600003938,Benchmark Customer 03938,benchmark.customer03938@example.test,ACTIVE
600003939,Benchmark Customer 03939,benchmark.customer03939@example.test,ACTIVE
600003940,Benchmark Customer 03940,benchmark.customer03940@example.test,ACTIVE
600003941,Benchmark Customer 03941,benchmark.customer03941@example.test,ACTIVE
600003942,Benchmark Customer 03942,benchmark.customer03942@example.test,ACTIVE
600003943,Benchmark Customer 03943,benchmark.customer03943@example.test,ACTIVE
600003944,Benchmark Customer 03944,benchmark.customer03944@example.test,ACTIVE
600003945,Benchmark Customer 03945,benchmark.customer03945@example.test,ACTIVE
600003946,Benchmark Customer 03946,benchmark.customer03946@example.test,ACTIVE
600003947,Benchmark Customer 03947,benchmark.customer03947@example.test,ACTIVE
600003948,Benchmark Customer 03948,benchmark.customer03948@example.test,ACTIVE
600003949,Benchmark Customer 03949,benchmark.customer03949@example.test,ACTIVE
600003950,Benchmark Customer 03950,benchmark.customer03950@example.test,ACTIVE
600003951,Benchmark Customer 03951,benchmark.customer03951@example.test,ACTIVE
600003952,Benchmark Customer 03952,benchmark.customer03952@example.test,ACTIVE
600003953,Benchmark Customer 03953,benchmark.customer03953@example.test,ACTIVE
600003954,Benchmark Customer 03954,benchmark.customer03954@example.test,ACTIVE
600003955,Benchmark Customer 03955,benchmark.customer03955@example.test,ACTIVE
600003956,Benchmark Customer 03956,benchmark.customer03956@example.test,ACTIVE
600003957,Benchmark Customer 03957,benchmark.customer03957@example.test,ACTIVE
600003958,Benchmark Customer 03958,benchmark.customer03958@example.test,ACTIVE
600003959,Benchmark Customer 03959,benchmark.customer03959@example.test,ACTIVE
600003960,Benchmark Customer 03960,benchmark.customer03960@example.test,ACTIVE
600003961,Benchmark Customer 03961,benchmark.customer03961@example.test,ACTIVE
600003962,Benchmark Customer 03962,benchmark.customer03962@example.test,ACTIVE
600003963,Benchmark Customer 03963,benchmark.customer03963@example.test,ACTIVE
600003964,Benchmark Customer 03964,benchmark.customer03964@example.test,ACTIVE
600003965,Benchmark Customer 03965,benchmark.customer03965@example.test,ACTIVE
600003966,Benchmark Customer 03966,benchmark.customer03966@example.test,ACTIVE
600003967,Benchmark Customer 03967,benchmark.customer03967@example.test,ACTIVE
600003968,Benchmark Customer 03968,benchmark.customer03968@example.test,ACTIVE
600003969,Benchmark Customer 03969,benchmark.customer03969@example.test,ACTIVE
600003970,Benchmark Customer 03970,benchmark.customer03970@example.test,ACTIVE
600003971,Benchmark Customer 03971,benchmark.customer03971@example.test,ACTIVE
600003972,Benchmark Customer 03972,benchmark.customer03972@example.test,ACTIVE
600003973,Benchmark Customer 03973,benchmark.customer03973@example.test,ACTIVE
600003974,Benchmark Customer 03974,benchmark.customer03974@example.test,ACTIVE
600003975,Benchmark Customer 03975,benchmark.customer03975@example.test,ACTIVE
600003976,Benchmark Customer 03976,benchmark.customer03976@example.test,ACTIVE
600003977,Benchmark Customer 03977,benchmark.customer03977@example.test,ACTIVE
600003978,Benchmark Customer 03978,benchmark.customer03978@example.test,ACTIVE
600003979,Benchmark Customer 03979,benchmark.customer03979@example.test,ACTIVE
600003980,Benchmark Customer 03980,benchmark.customer03980@example.test,ACTIVE
600003981,Benchmark Customer 03981,benchmark.customer03981@example.test,ACTIVE
600003982,Benchmark Customer 03982,benchmark.customer03982@example.test,ACTIVE
600003983,Benchmark Customer 03983,benchmark.customer03983@example.test,ACTIVE
600003984,Benchmark Customer 03984,benchmark.customer03984@example.test,ACTIVE
600003985,Benchmark Customer 03985,benchmark.customer03985@example.test,ACTIVE
600003986,Benchmark Customer 03986,benchmark.customer03986@example.test,ACTIVE
600003987,Benchmark Customer 03987,benchmark.customer03987@example.test,ACTIVE
600003988,Benchmark Customer 03988,benchmark.customer03988@example.test,ACTIVE
600003989,Benchmark Customer 03989,benchmark.customer03989@example.test,ACTIVE
600003990,Benchmark Customer 03990,benchmark.customer03990@example.test,ACTIVE
600003991,Benchmark Customer 03991,benchmark.customer03991@example.test,ACTIVE
600003992,Benchmark Customer 03992,benchmark.customer03992@example.test,ACTIVE
600003993,Benchmark Customer 03993,benchmark.customer03993@example.test,ACTIVE
600003994,Benchmark Customer 03994,benchmark.customer03994@example.test,ACTIVE
600003995,Benchmark Customer 03995,benchmark.customer03995@example.test,ACTIVE
600003996,Benchmark Customer 03996,benchmark.customer03996@example.test,ACTIVE
600003997,Benchmark Customer 03997,benchmark.customer03997@example.test,ACTIVE
600003998,Benchmark Customer 03998,benchmark.customer03998@example.test,ACTIVE
600003999,Benchmark Customer 03999,benchmark.customer03999@example.test,ACTIVE
600004000,Benchmark Customer 04000,benchmark.customer04000@example.test,ACTIVE
600004001,Benchmark Customer 04001,benchmark.customer04001@example.test,ACTIVE
600004002,Benchmark Customer 04002,benchmark.customer04002@example.test,ACTIVE
600004003,Benchmark Customer 04003,benchmark.customer04003@example.test,ACTIVE
600004004,Benchmark Customer 04004,benchmark.customer04004@example.test,ACTIVE
600004005,Benchmark Customer 04005,benchmark.customer04005@example.test,ACTIVE
600004006,Benchmark Customer 04006,benchmark.customer04006@example.test,ACTIVE
600004007,Benchmark Customer 04007,benchmark.customer04007@example.test,ACTIVE
600004008,Benchmark Customer 04008,benchmark.customer04008@example.test,ACTIVE
600004009,Benchmark Customer 04009,benchmark.customer04009@example.test,ACTIVE
600004010,Benchmark Customer 04010,benchmark.customer04010@example.test,ACTIVE
600004011,Benchmark Customer 04011,benchmark.customer04011@example.test,ACTIVE
600004012,Benchmark Customer 04012,benchmark.customer04012@example.test,ACTIVE
600004013,Benchmark Customer 04013,benchmark.customer04013@example.test,ACTIVE
600004014,Benchmark Customer 04014,benchmark.customer04014@example.test,ACTIVE
600004015,Benchmark Customer 04015,benchmark.customer04015@example.test,ACTIVE
600004016,Benchmark Customer 04016,benchmark.customer04016@example.test,ACTIVE
600004017,Benchmark Customer 04017,benchmark.customer04017@example.test,ACTIVE
600004018,Benchmark Customer 04018,benchmark.customer04018@example.test,ACTIVE
600004019,Benchmark Customer 04019,benchmark.customer04019@example.test,ACTIVE
600004020,Benchmark Customer 04020,benchmark.customer04020@example.test,ACTIVE
600004021,Benchmark Customer 04021,benchmark.customer04021@example.test,ACTIVE
600004022,Benchmark Customer 04022,benchmark.customer04022@example.test,ACTIVE
600004023,Benchmark Customer 04023,benchmark.customer04023@example.test,ACTIVE
600004024,Benchmark Customer 04024,benchmark.customer04024@example.test,ACTIVE
600004025,Benchmark Customer 04025,benchmark.customer04025@example.test,ACTIVE
600004026,Benchmark Customer 04026,benchmark.customer04026@example.test,ACTIVE
600004027,Benchmark Customer 04027,benchmark.customer04027@example.test,ACTIVE
600004028,Benchmark Customer 04028,benchmark.customer04028@example.test,ACTIVE
600004029,Benchmark Customer 04029,benchmark.customer04029@example.test,ACTIVE
600004030,Benchmark Customer 04030,benchmark.customer04030@example.test,ACTIVE
600004031,Benchmark Customer 04031,benchmark.customer04031@example.test,ACTIVE
600004032,Benchmark Customer 04032,benchmark.customer04032@example.test,ACTIVE
600004033,Benchmark Customer 04033,benchmark.customer04033@example.test,ACTIVE
600004034,Benchmark Customer 04034,benchmark.customer04034@example.test,ACTIVE
600004035,Benchmark Customer 04035,benchmark.customer04035@example.test,ACTIVE
600004036,Benchmark Customer 04036,benchmark.customer04036@example.test,ACTIVE
600004037,Benchmark Customer 04037,benchmark.customer04037@example.test,ACTIVE
600004038,Benchmark Customer 04038,benchmark.customer04038@example.test,ACTIVE
600004039,Benchmark Customer 04039,benchmark.customer04039@example.test,ACTIVE
600004040,Benchmark Customer 04040,benchmark.customer04040@example.test,ACTIVE
600004041,Benchmark Customer 04041,benchmark.customer04041@example.test,ACTIVE
600004042,Benchmark Customer 04042,benchmark.customer04042@example.test,ACTIVE
600004043,Benchmark Customer 04043,benchmark.customer04043@example.test,ACTIVE
600004044,Benchmark Customer 04044,benchmark.customer04044@example.test,ACTIVE
600004045,Benchmark Customer 04045,benchmark.customer04045@example.test,ACTIVE
600004046,Benchmark Customer 04046,benchmark.customer04046@example.test,ACTIVE
600004047,Benchmark Customer 04047,benchmark.customer04047@example.test,ACTIVE
600004048,Benchmark Customer 04048,benchmark.customer04048@example.test,ACTIVE
600004049,Benchmark Customer 04049,benchmark.customer04049@example.test,ACTIVE
600004050,Benchmark Customer 04050,benchmark.customer04050@example.test,ACTIVE
600004051,Benchmark Customer 04051,benchmark.customer04051@example.test,ACTIVE
600004052,Benchmark Customer 04052,benchmark.customer04052@example.test,ACTIVE
600004053,Benchmark Customer 04053,benchmark.customer04053@example.test,ACTIVE
600004054,Benchmark Customer 04054,benchmark.customer04054@example.test,ACTIVE
600004055,Benchmark Customer 04055,benchmark.customer04055@example.test,ACTIVE
600004056,Benchmark Customer 04056,benchmark.customer04056@example.test,ACTIVE
600004057,Benchmark Customer 04057,benchmark.customer04057@example.test,ACTIVE
600004058,Benchmark Customer 04058,benchmark.customer04058@example.test,ACTIVE
600004059,Benchmark Customer 04059,benchmark.customer04059@example.test,ACTIVE
600004060,Benchmark Customer 04060,benchmark.customer04060@example.test,ACTIVE
600004061,Benchmark Customer 04061,benchmark.customer04061@example.test,ACTIVE
600004062,Benchmark Customer 04062,benchmark.customer04062@example.test,ACTIVE
600004063,Benchmark Customer 04063,benchmark.customer04063@example.test,ACTIVE
600004064,Benchmark Customer 04064,benchmark.customer04064@example.test,ACTIVE
600004065,Benchmark Customer 04065,benchmark.customer04065@example.test,ACTIVE
600004066,Benchmark Customer 04066,benchmark.customer04066@example.test,ACTIVE
600004067,Benchmark Customer 04067,benchmark.customer04067@example.test,ACTIVE
600004068,Benchmark Customer 04068,benchmark.customer04068@example.test,ACTIVE
600004069,Benchmark Customer 04069,benchmark.customer04069@example.test,ACTIVE
600004070,Benchmark Customer 04070,benchmark.customer04070@example.test,ACTIVE
600004071,Benchmark Customer 04071,benchmark.customer04071@example.test,ACTIVE
600004072,Benchmark Customer 04072,benchmark.customer04072@example.test,ACTIVE
600004073,Benchmark Customer 04073,benchmark.customer04073@example.test,ACTIVE
600004074,Benchmark Customer 04074,benchmark.customer04074@example.test,ACTIVE
600004075,Benchmark Customer 04075,benchmark.customer04075@example.test,ACTIVE
600004076,Benchmark Customer 04076,benchmark.customer04076@example.test,ACTIVE
600004077,Benchmark Customer 04077,benchmark.customer04077@example.test,ACTIVE
600004078,Benchmark Customer 04078,benchmark.customer04078@example.test,ACTIVE
600004079,Benchmark Customer 04079,benchmark.customer04079@example.test,ACTIVE
600004080,Benchmark Customer 04080,benchmark.customer04080@example.test,ACTIVE
600004081,Benchmark Customer 04081,benchmark.customer04081@example.test,ACTIVE
600004082,Benchmark Customer 04082,benchmark.customer04082@example.test,ACTIVE
600004083,Benchmark Customer 04083,benchmark.customer04083@example.test,ACTIVE
600004084,Benchmark Customer 04084,benchmark.customer04084@example.test,ACTIVE
600004085,Benchmark Customer 04085,benchmark.customer04085@example.test,ACTIVE
600004086,Benchmark Customer 04086,benchmark.customer04086@example.test,ACTIVE
600004087,Benchmark Customer 04087,benchmark.customer04087@example.test,ACTIVE
600004088,Benchmark Customer 04088,benchmark.customer04088@example.test,ACTIVE
600004089,Benchmark Customer 04089,benchmark.customer04089@example.test,ACTIVE
600004090,Benchmark Customer 04090,benchmark.customer04090@example.test,ACTIVE
600004091,Benchmark Customer 04091,benchmark.customer04091@example.test,ACTIVE
600004092,Benchmark Customer 04092,benchmark.customer04092@example.test,ACTIVE
600004093,Benchmark Customer 04093,benchmark.customer04093@example.test,ACTIVE
600004094,Benchmark Customer 04094,benchmark.customer04094@example.test,ACTIVE
600004095,Benchmark Customer 04095,benchmark.customer04095@example.test,ACTIVE
600004096,Benchmark Customer 04096,benchmark.customer04096@example.test,ACTIVE
600004097,Benchmark Customer 04097,benchmark.customer04097@example.test,ACTIVE
600004098,Benchmark Customer 04098,benchmark.customer04098@example.test,ACTIVE
600004099,Benchmark Customer 04099,benchmark.customer04099@example.test,ACTIVE
600004100,Benchmark Customer 04100,benchmark.customer04100@example.test,ACTIVE
600004101,Benchmark Customer 04101,benchmark.customer04101@example.test,ACTIVE
600004102,Benchmark Customer 04102,benchmark.customer04102@example.test,ACTIVE
600004103,Benchmark Customer 04103,benchmark.customer04103@example.test,ACTIVE
600004104,Benchmark Customer 04104,benchmark.customer04104@example.test,ACTIVE
600004105,Benchmark Customer 04105,benchmark.customer04105@example.test,ACTIVE
600004106,Benchmark Customer 04106,benchmark.customer04106@example.test,ACTIVE
600004107,Benchmark Customer 04107,benchmark.customer04107@example.test,ACTIVE
600004108,Benchmark Customer 04108,benchmark.customer04108@example.test,ACTIVE
600004109,Benchmark Customer 04109,benchmark.customer04109@example.test,ACTIVE
600004110,Benchmark Customer 04110,benchmark.customer04110@example.test,ACTIVE
600004111,Benchmark Customer 04111,benchmark.customer04111@example.test,ACTIVE
600004112,Benchmark Customer 04112,benchmark.customer04112@example.test,ACTIVE
600004113,Benchmark Customer 04113,benchmark.customer04113@example.test,ACTIVE
600004114,Benchmark Customer 04114,benchmark.customer04114@example.test,ACTIVE
600004115,Benchmark Customer 04115,benchmark.customer04115@example.test,ACTIVE
600004116,Benchmark Customer 04116,benchmark.customer04116@example.test,ACTIVE
600004117,Benchmark Customer 04117,benchmark.customer04117@example.test,ACTIVE
600004118,Benchmark Customer 04118,benchmark.customer04118@example.test,ACTIVE
600004119,Benchmark Customer 04119,benchmark.customer04119@example.test,ACTIVE
600004120,Benchmark Customer 04120,benchmark.customer04120@example.test,ACTIVE
600004121,Benchmark Customer 04121,benchmark.customer04121@example.test,ACTIVE
600004122,Benchmark Customer 04122,benchmark.customer04122@example.test,ACTIVE
600004123,Benchmark Customer 04123,benchmark.customer04123@example.test,ACTIVE
600004124,Benchmark Customer 04124,benchmark.customer04124@example.test,ACTIVE
600004125,Benchmark Customer 04125,benchmark.customer04125@example.test,ACTIVE
600004126,Benchmark Customer 04126,benchmark.customer04126@example.test,ACTIVE
600004127,Benchmark Customer 04127,benchmark.customer04127@example.test,ACTIVE
600004128,Benchmark Customer 04128,benchmark.customer04128@example.test,ACTIVE
600004129,Benchmark Customer 04129,benchmark.customer04129@example.test,ACTIVE
600004130,Benchmark Customer 04130,benchmark.customer04130@example.test,ACTIVE
600004131,Benchmark Customer 04131,benchmark.customer04131@example.test,ACTIVE
600004132,Benchmark Customer 04132,benchmark.customer04132@example.test,ACTIVE
600004133,Benchmark Customer 04133,benchmark.customer04133@example.test,ACTIVE
600004134,Benchmark Customer 04134,benchmark.customer04134@example.test,ACTIVE
600004135,Benchmark Customer 04135,benchmark.customer04135@example.test,ACTIVE
600004136,Benchmark Customer 04136,benchmark.customer04136@example.test,ACTIVE
600004137,Benchmark Customer 04137,benchmark.customer04137@example.test,ACTIVE
600004138,Benchmark Customer 04138,benchmark.customer04138@example.test,ACTIVE
600004139,Benchmark Customer 04139,benchmark.customer04139@example.test,ACTIVE
600004140,Benchmark Customer 04140,benchmark.customer04140@example.test,ACTIVE
600004141,Benchmark Customer 04141,benchmark.customer04141@example.test,ACTIVE
600004142,Benchmark Customer 04142,benchmark.customer04142@example.test,ACTIVE
600004143,Benchmark Customer 04143,benchmark.customer04143@example.test,ACTIVE
600004144,Benchmark Customer 04144,benchmark.customer04144@example.test,ACTIVE
600004145,Benchmark Customer 04145,benchmark.customer04145@example.test,ACTIVE
600004146,Benchmark Customer 04146,benchmark.customer04146@example.test,ACTIVE
600004147,Benchmark Customer 04147,benchmark.customer04147@example.test,ACTIVE
600004148,Benchmark Customer 04148,benchmark.customer04148@example.test,ACTIVE
600004149,Benchmark Customer 04149,benchmark.customer04149@example.test,ACTIVE
600004150,Benchmark Customer 04150,benchmark.customer04150@example.test,ACTIVE
600004151,Benchmark Customer 04151,benchmark.customer04151@example.test,ACTIVE
600004152,Benchmark Customer 04152,benchmark.customer04152@example.test,ACTIVE
600004153,Benchmark Customer 04153,benchmark.customer04153@example.test,ACTIVE
600004154,Benchmark Customer 04154,benchmark.customer04154@example.test,ACTIVE
600004155,Benchmark Customer 04155,benchmark.customer04155@example.test,ACTIVE
600004156,Benchmark Customer 04156,benchmark.customer04156@example.test,ACTIVE
600004157,Benchmark Customer 04157,benchmark.customer04157@example.test,ACTIVE
600004158,Benchmark Customer 04158,benchmark.customer04158@example.test,ACTIVE
600004159,Benchmark Customer 04159,benchmark.customer04159@example.test,ACTIVE
600004160,Benchmark Customer 04160,benchmark.customer04160@example.test,ACTIVE
600004161,Benchmark Customer 04161,benchmark.customer04161@example.test,ACTIVE
600004162,Benchmark Customer 04162,benchmark.customer04162@example.test,ACTIVE
600004163,Benchmark Customer 04163,benchmark.customer04163@example.test,ACTIVE
600004164,Benchmark Customer 04164,benchmark.customer04164@example.test,ACTIVE
600004165,Benchmark Customer 04165,benchmark.customer04165@example.test,ACTIVE
600004166,Benchmark Customer 04166,benchmark.customer04166@example.test,ACTIVE
600004167,Benchmark Customer 04167,benchmark.customer04167@example.test,ACTIVE
600004168,Benchmark Customer 04168,benchmark.customer04168@example.test,ACTIVE
600004169,Benchmark Customer 04169,benchmark.customer04169@example.test,ACTIVE
600004170,Benchmark Customer 04170,benchmark.customer04170@example.test,ACTIVE
600004171,Benchmark Customer 04171,benchmark.customer04171@example.test,ACTIVE
600004172,Benchmark Customer 04172,benchmark.customer04172@example.test,ACTIVE
600004173,Benchmark Customer 04173,benchmark.customer04173@example.test,ACTIVE
600004174,Benchmark Customer 04174,benchmark.customer04174@example.test,ACTIVE
600004175,Benchmark Customer 04175,benchmark.customer04175@example.test,ACTIVE
600004176,Benchmark Customer 04176,benchmark.customer04176@example.test,ACTIVE
600004177,Benchmark Customer 04177,benchmark.customer04177@example.test,ACTIVE
600004178,Benchmark Customer 04178,benchmark.customer04178@example.test,ACTIVE
600004179,Benchmark Customer 04179,benchmark.customer04179@example.test,ACTIVE
600004180,Benchmark Customer 04180,benchmark.customer04180@example.test,ACTIVE
600004181,Benchmark Customer 04181,benchmark.customer04181@example.test,ACTIVE
600004182,Benchmark Customer 04182,benchmark.customer04182@example.test,ACTIVE
600004183,Benchmark Customer 04183,benchmark.customer04183@example.test,ACTIVE
600004184,Benchmark Customer 04184,benchmark.customer04184@example.test,ACTIVE
600004185,Benchmark Customer 04185,benchmark.customer04185@example.test,ACTIVE
600004186,Benchmark Customer 04186,benchmark.customer04186@example.test,ACTIVE
600004187,Benchmark Customer 04187,benchmark.customer04187@example.test,ACTIVE
600004188,Benchmark Customer 04188,benchmark.customer04188@example.test,ACTIVE
600004189,Benchmark Customer 04189,benchmark.customer04189@example.test,ACTIVE
600004190,Benchmark Customer 04190,benchmark.customer04190@example.test,ACTIVE
600004191,Benchmark Customer 04191,benchmark.customer04191@example.test,ACTIVE
600004192,Benchmark Customer 04192,benchmark.customer04192@example.test,ACTIVE
600004193,Benchmark Customer 04193,benchmark.customer04193@example.test,ACTIVE
600004194,Benchmark Customer 04194,benchmark.customer04194@example.test,ACTIVE
600004195,Benchmark Customer 04195,benchmark.customer04195@example.test,ACTIVE
600004196,Benchmark Customer 04196,benchmark.customer04196@example.test,ACTIVE
600004197,Benchmark Customer 04197,benchmark.customer04197@example.test,ACTIVE
600004198,Benchmark Customer 04198,benchmark.customer04198@example.test,ACTIVE
600004199,Benchmark Customer 04199,benchmark.customer04199@example.test,ACTIVE
600004200,Benchmark Customer 04200,benchmark.customer04200@example.test,ACTIVE
600004201,Benchmark Customer 04201,benchmark.customer04201@example.test,ACTIVE
600004202,Benchmark Customer 04202,benchmark.customer04202@example.test,ACTIVE
600004203,Benchmark Customer 04203,benchmark.customer04203@example.test,ACTIVE
600004204,Benchmark Customer 04204,benchmark.customer04204@example.test,ACTIVE
600004205,Benchmark Customer 04205,benchmark.customer04205@example.test,ACTIVE
600004206,Benchmark Customer 04206,benchmark.customer04206@example.test,ACTIVE
600004207,Benchmark Customer 04207,benchmark.customer04207@example.test,ACTIVE
600004208,Benchmark Customer 04208,benchmark.customer04208@example.test,ACTIVE
600004209,Benchmark Customer 04209,benchmark.customer04209@example.test,ACTIVE
600004210,Benchmark Customer 04210,benchmark.customer04210@example.test,ACTIVE
600004211,Benchmark Customer 04211,benchmark.customer04211@example.test,ACTIVE
600004212,Benchmark Customer 04212,benchmark.customer04212@example.test,ACTIVE
600004213,Benchmark Customer 04213,benchmark.customer04213@example.test,ACTIVE
600004214,Benchmark Customer 04214,benchmark.customer04214@example.test,ACTIVE
600004215,Benchmark Customer 04215,benchmark.customer04215@example.test,ACTIVE
600004216,Benchmark Customer 04216,benchmark.customer04216@example.test,ACTIVE
600004217,Benchmark Customer 04217,benchmark.customer04217@example.test,ACTIVE
600004218,Benchmark Customer 04218,benchmark.customer04218@example.test,ACTIVE
600004219,Benchmark Customer 04219,benchmark.customer04219@example.test,ACTIVE
600004220,Benchmark Customer 04220,benchmark.customer04220@example.test,ACTIVE
600004221,Benchmark Customer 04221,benchmark.customer04221@example.test,ACTIVE
600004222,Benchmark Customer 04222,benchmark.customer04222@example.test,ACTIVE
600004223,Benchmark Customer 04223,benchmark.customer04223@example.test,ACTIVE
600004224,Benchmark Customer 04224,benchmark.customer04224@example.test,ACTIVE
600004225,Benchmark Customer 04225,benchmark.customer04225@example.test,ACTIVE
600004226,Benchmark Customer 04226,benchmark.customer04226@example.test,ACTIVE
600004227,Benchmark Customer 04227,benchmark.customer04227@example.test,ACTIVE
600004228,Benchmark Customer 04228,benchmark.customer04228@example.test,ACTIVE
600004229,Benchmark Customer 04229,benchmark.customer04229@example.test,ACTIVE
600004230,Benchmark Customer 04230,benchmark.customer04230@example.test,ACTIVE
600004231,Benchmark Customer 04231,benchmark.customer04231@example.test,ACTIVE
600004232,Benchmark Customer 04232,benchmark.customer04232@example.test,ACTIVE
600004233,Benchmark Customer 04233,benchmark.customer04233@example.test,ACTIVE
600004234,Benchmark Customer 04234,benchmark.customer04234@example.test,ACTIVE
600004235,Benchmark Customer 04235,benchmark.customer04235@example.test,ACTIVE
600004236,Benchmark Customer 04236,benchmark.customer04236@example.test,ACTIVE
600004237,Benchmark Customer 04237,benchmark.customer04237@example.test,ACTIVE
600004238,Benchmark Customer 04238,benchmark.customer04238@example.test,ACTIVE
600004239,Benchmark Customer 04239,benchmark.customer04239@example.test,ACTIVE
600004240,Benchmark Customer 04240,benchmark.customer04240@example.test,ACTIVE
600004241,Benchmark Customer 04241,benchmark.customer04241@example.test,ACTIVE
600004242,Benchmark Customer 04242,benchmark.customer04242@example.test,ACTIVE
600004243,Benchmark Customer 04243,benchmark.customer04243@example.test,ACTIVE
600004244,Benchmark Customer 04244,benchmark.customer04244@example.test,ACTIVE
600004245,Benchmark Customer 04245,benchmark.customer04245@example.test,ACTIVE
600004246,Benchmark Customer 04246,benchmark.customer04246@example.test,ACTIVE
600004247,Benchmark Customer 04247,benchmark.customer04247@example.test,ACTIVE
600004248,Benchmark Customer 04248,benchmark.customer04248@example.test,ACTIVE
600004249,Benchmark Customer 04249,benchmark.customer04249@example.test,ACTIVE
600004250,Benchmark Customer 04250,benchmark.customer04250@example.test,ACTIVE
600004251,Benchmark Customer 04251,benchmark.customer04251@example.test,ACTIVE
600004252,Benchmark Customer 04252,benchmark.customer04252@example.test,ACTIVE
600004253,Benchmark Customer 04253,benchmark.customer04253@example.test,ACTIVE
600004254,Benchmark Customer 04254,benchmark.customer04254@example.test,ACTIVE
600004255,Benchmark Customer 04255,benchmark.customer04255@example.test,ACTIVE
600004256,Benchmark Customer 04256,benchmark.customer04256@example.test,ACTIVE
600004257,Benchmark Customer 04257,benchmark.customer04257@example.test,ACTIVE
600004258,Benchmark Customer 04258,benchmark.customer04258@example.test,ACTIVE
600004259,Benchmark Customer 04259,benchmark.customer04259@example.test,ACTIVE
600004260,Benchmark Customer 04260,benchmark.customer04260@example.test,ACTIVE
600004261,Benchmark Customer 04261,benchmark.customer04261@example.test,ACTIVE
600004262,Benchmark Customer 04262,benchmark.customer04262@example.test,ACTIVE
600004263,Benchmark Customer 04263,benchmark.customer04263@example.test,ACTIVE
600004264,Benchmark Customer 04264,benchmark.customer04264@example.test,ACTIVE
600004265,Benchmark Customer 04265,benchmark.customer04265@example.test,ACTIVE
600004266,Benchmark Customer 04266,benchmark.customer04266@example.test,ACTIVE
600004267,Benchmark Customer 04267,benchmark.customer04267@example.test,ACTIVE
600004268,Benchmark Customer 04268,benchmark.customer04268@example.test,ACTIVE
600004269,Benchmark Customer 04269,benchmark.customer04269@example.test,ACTIVE
600004270,Benchmark Customer 04270,benchmark.customer04270@example.test,ACTIVE
600004271,Benchmark Customer 04271,benchmark.customer04271@example.test,ACTIVE
600004272,Benchmark Customer 04272,benchmark.customer04272@example.test,ACTIVE
600004273,Benchmark Customer 04273,benchmark.customer04273@example.test,ACTIVE
600004274,Benchmark Customer 04274,benchmark.customer04274@example.test,ACTIVE
600004275,Benchmark Customer 04275,benchmark.customer04275@example.test,ACTIVE
600004276,Benchmark Customer 04276,benchmark.customer04276@example.test,ACTIVE
600004277,Benchmark Customer 04277,benchmark.customer04277@example.test,ACTIVE
600004278,Benchmark Customer 04278,benchmark.customer04278@example.test,ACTIVE
600004279,Benchmark Customer 04279,benchmark.customer04279@example.test,ACTIVE
600004280,Benchmark Customer 04280,benchmark.customer04280@example.test,ACTIVE
600004281,Benchmark Customer 04281,benchmark.customer04281@example.test,ACTIVE
600004282,Benchmark Customer 04282,benchmark.customer04282@example.test,ACTIVE
600004283,Benchmark Customer 04283,benchmark.customer04283@example.test,ACTIVE
600004284,Benchmark Customer 04284,benchmark.customer04284@example.test,ACTIVE
600004285,Benchmark Customer 04285,benchmark.customer04285@example.test,ACTIVE
600004286,Benchmark Customer 04286,benchmark.customer04286@example.test,ACTIVE
600004287,Benchmark Customer 04287,benchmark.customer04287@example.test,ACTIVE
600004288,Benchmark Customer 04288,benchmark.customer04288@example.test,ACTIVE
600004289,Benchmark Customer 04289,benchmark.customer04289@example.test,ACTIVE
600004290,Benchmark Customer 04290,benchmark.customer04290@example.test,ACTIVE
600004291,Benchmark Customer 04291,benchmark.customer04291@example.test,ACTIVE
600004292,Benchmark Customer 04292,benchmark.customer04292@example.test,ACTIVE
600004293,Benchmark Customer 04293,benchmark.customer04293@example.test,ACTIVE
600004294,Benchmark Customer 04294,benchmark.customer04294@example.test,ACTIVE
600004295,Benchmark Customer 04295,benchmark.customer04295@example.test,ACTIVE
600004296,Benchmark Customer 04296,benchmark.customer04296@example.test,ACTIVE
600004297,Benchmark Customer 04297,benchmark.customer04297@example.test,ACTIVE
600004298,Benchmark Customer 04298,benchmark.customer04298@example.test,ACTIVE
600004299,Benchmark Customer 04299,benchmark.customer04299@example.test,ACTIVE
600004300,Benchmark Customer 04300,benchmark.customer04300@example.test,ACTIVE
600004301,Benchmark Customer 04301,benchmark.customer04301@example.test,ACTIVE
600004302,Benchmark Customer 04302,benchmark.customer04302@example.test,ACTIVE
600004303,Benchmark Customer 04303,benchmark.customer04303@example.test,ACTIVE
600004304,Benchmark Customer 04304,benchmark.customer04304@example.test,ACTIVE
600004305,Benchmark Customer 04305,benchmark.customer04305@example.test,ACTIVE
600004306,Benchmark Customer 04306,benchmark.customer04306@example.test,ACTIVE
600004307,Benchmark Customer 04307,benchmark.customer04307@example.test,ACTIVE
600004308,Benchmark Customer 04308,benchmark.customer04308@example.test,ACTIVE
600004309,Benchmark Customer 04309,benchmark.customer04309@example.test,ACTIVE
600004310,Benchmark Customer 04310,benchmark.customer04310@example.test,ACTIVE
600004311,Benchmark Customer 04311,benchmark.customer04311@example.test,ACTIVE
600004312,Benchmark Customer 04312,benchmark.customer04312@example.test,ACTIVE
600004313,Benchmark Customer 04313,benchmark.customer04313@example.test,ACTIVE
600004314,Benchmark Customer 04314,benchmark.customer04314@example.test,ACTIVE
600004315,Benchmark Customer 04315,benchmark.customer04315@example.test,ACTIVE
600004316,Benchmark Customer 04316,benchmark.customer04316@example.test,ACTIVE
600004317,Benchmark Customer 04317,benchmark.customer04317@example.test,ACTIVE
600004318,Benchmark Customer 04318,benchmark.customer04318@example.test,ACTIVE
600004319,Benchmark Customer 04319,benchmark.customer04319@example.test,ACTIVE
600004320,Benchmark Customer 04320,benchmark.customer04320@example.test,ACTIVE
600004321,Benchmark Customer 04321,benchmark.customer04321@example.test,ACTIVE
600004322,Benchmark Customer 04322,benchmark.customer04322@example.test,ACTIVE
600004323,Benchmark Customer 04323,benchmark.customer04323@example.test,ACTIVE
600004324,Benchmark Customer 04324,benchmark.customer04324@example.test,ACTIVE
600004325,Benchmark Customer 04325,benchmark.customer04325@example.test,ACTIVE
600004326,Benchmark Customer 04326,benchmark.customer04326@example.test,ACTIVE
600004327,Benchmark Customer 04327,benchmark.customer04327@example.test,ACTIVE
600004328,Benchmark Customer 04328,benchmark.customer04328@example.test,ACTIVE
600004329,Benchmark Customer 04329,benchmark.customer04329@example.test,ACTIVE
600004330,Benchmark Customer 04330,benchmark.customer04330@example.test,ACTIVE
600004331,Benchmark Customer 04331,benchmark.customer04331@example.test,ACTIVE
600004332,Benchmark Customer 04332,benchmark.customer04332@example.test,ACTIVE
600004333,Benchmark Customer 04333,benchmark.customer04333@example.test,ACTIVE
600004334,Benchmark Customer 04334,benchmark.customer04334@example.test,ACTIVE
600004335,Benchmark Customer 04335,benchmark.customer04335@example.test,ACTIVE
600004336,Benchmark Customer 04336,benchmark.customer04336@example.test,ACTIVE
600004337,Benchmark Customer 04337,benchmark.customer04337@example.test,ACTIVE
600004338,Benchmark Customer 04338,benchmark.customer04338@example.test,ACTIVE
600004339,Benchmark Customer 04339,benchmark.customer04339@example.test,ACTIVE
600004340,Benchmark Customer 04340,benchmark.customer04340@example.test,ACTIVE
600004341,Benchmark Customer 04341,benchmark.customer04341@example.test,ACTIVE
600004342,Benchmark Customer 04342,benchmark.customer04342@example.test,ACTIVE
600004343,Benchmark Customer 04343,benchmark.customer04343@example.test,ACTIVE
600004344,Benchmark Customer 04344,benchmark.customer04344@example.test,ACTIVE
600004345,Benchmark Customer 04345,benchmark.customer04345@example.test,ACTIVE
600004346,Benchmark Customer 04346,benchmark.customer04346@example.test,ACTIVE
600004347,Benchmark Customer 04347,benchmark.customer04347@example.test,ACTIVE
600004348,Benchmark Customer 04348,benchmark.customer04348@example.test,ACTIVE
600004349,Benchmark Customer 04349,benchmark.customer04349@example.test,ACTIVE
600004350,Benchmark Customer 04350,benchmark.customer04350@example.test,ACTIVE
600004351,Benchmark Customer 04351,benchmark.customer04351@example.test,ACTIVE
600004352,Benchmark Customer 04352,benchmark.customer04352@example.test,ACTIVE
600004353,Benchmark Customer 04353,benchmark.customer04353@example.test,ACTIVE
600004354,Benchmark Customer 04354,benchmark.customer04354@example.test,ACTIVE
600004355,Benchmark Customer 04355,benchmark.customer04355@example.test,ACTIVE
600004356,Benchmark Customer 04356,benchmark.customer04356@example.test,ACTIVE
600004357,Benchmark Customer 04357,benchmark.customer04357@example.test,ACTIVE
600004358,Benchmark Customer 04358,benchmark.customer04358@example.test,ACTIVE
600004359,Benchmark Customer 04359,benchmark.customer04359@example.test,ACTIVE
600004360,Benchmark Customer 04360,benchmark.customer04360@example.test,ACTIVE
600004361,Benchmark Customer 04361,benchmark.customer04361@example.test,ACTIVE
600004362,Benchmark Customer 04362,benchmark.customer04362@example.test,ACTIVE
600004363,Benchmark Customer 04363,benchmark.customer04363@example.test,ACTIVE
600004364,Benchmark Customer 04364,benchmark.customer04364@example.test,ACTIVE
600004365,Benchmark Customer 04365,benchmark.customer04365@example.test,ACTIVE
600004366,Benchmark Customer 04366,benchmark.customer04366@example.test,ACTIVE
600004367,Benchmark Customer 04367,benchmark.customer04367@example.test,ACTIVE
600004368,Benchmark Customer 04368,benchmark.customer04368@example.test,ACTIVE
600004369,Benchmark Customer 04369,benchmark.customer04369@example.test,ACTIVE
600004370,Benchmark Customer 04370,benchmark.customer04370@example.test,ACTIVE
600004371,Benchmark Customer 04371,benchmark.customer04371@example.test,ACTIVE
600004372,Benchmark Customer 04372,benchmark.customer04372@example.test,ACTIVE
600004373,Benchmark Customer 04373,benchmark.customer04373@example.test,ACTIVE
600004374,Benchmark Customer 04374,benchmark.customer04374@example.test,ACTIVE
600004375,Benchmark Customer 04375,benchmark.customer04375@example.test,ACTIVE
600004376,Benchmark Customer 04376,benchmark.customer04376@example.test,ACTIVE
600004377,Benchmark Customer 04377,benchmark.customer04377@example.test,ACTIVE
600004378,Benchmark Customer 04378,benchmark.customer04378@example.test,ACTIVE
600004379,Benchmark Customer 04379,benchmark.customer04379@example.test,ACTIVE
600004380,Benchmark Customer 04380,benchmark.customer04380@example.test,ACTIVE
600004381,Benchmark Customer 04381,benchmark.customer04381@example.test,ACTIVE
600004382,Benchmark Customer 04382,benchmark.customer04382@example.test,ACTIVE
600004383,Benchmark Customer 04383,benchmark.customer04383@example.test,ACTIVE
600004384,Benchmark Customer 04384,benchmark.customer04384@example.test,ACTIVE
600004385,Benchmark Customer 04385,benchmark.customer04385@example.test,ACTIVE
600004386,Benchmark Customer 04386,benchmark.customer04386@example.test,ACTIVE
600004387,Benchmark Customer 04387,benchmark.customer04387@example.test,ACTIVE
600004388,Benchmark Customer 04388,benchmark.customer04388@example.test,ACTIVE
600004389,Benchmark Customer 04389,benchmark.customer04389@example.test,ACTIVE
600004390,Benchmark Customer 04390,benchmark.customer04390@example.test,ACTIVE
600004391,Benchmark Customer 04391,benchmark.customer04391@example.test,ACTIVE
600004392,Benchmark Customer 04392,benchmark.customer04392@example.test,ACTIVE
600004393,Benchmark Customer 04393,benchmark.customer04393@example.test,ACTIVE
600004394,Benchmark Customer 04394,benchmark.customer04394@example.test,ACTIVE
600004395,Benchmark Customer 04395,benchmark.customer04395@example.test,ACTIVE
600004396,Benchmark Customer 04396,benchmark.customer04396@example.test,ACTIVE
600004397,Benchmark Customer 04397,benchmark.customer04397@example.test,ACTIVE
600004398,Benchmark Customer 04398,benchmark.customer04398@example.test,ACTIVE
600004399,Benchmark Customer 04399,benchmark.customer04399@example.test,ACTIVE
600004400,Benchmark Customer 04400,benchmark.customer04400@example.test,ACTIVE
600004401,Benchmark Customer 04401,benchmark.customer04401@example.test,ACTIVE
600004402,Benchmark Customer 04402,benchmark.customer04402@example.test,ACTIVE
600004403,Benchmark Customer 04403,benchmark.customer04403@example.test,ACTIVE
600004404,Benchmark Customer 04404,benchmark.customer04404@example.test,ACTIVE
600004405,Benchmark Customer 04405,benchmark.customer04405@example.test,ACTIVE
600004406,Benchmark Customer 04406,benchmark.customer04406@example.test,ACTIVE
600004407,Benchmark Customer 04407,benchmark.customer04407@example.test,ACTIVE
600004408,Benchmark Customer 04408,benchmark.customer04408@example.test,ACTIVE
600004409,Benchmark Customer 04409,benchmark.customer04409@example.test,ACTIVE
600004410,Benchmark Customer 04410,benchmark.customer04410@example.test,ACTIVE
600004411,Benchmark Customer 04411,benchmark.customer04411@example.test,ACTIVE
600004412,Benchmark Customer 04412,benchmark.customer04412@example.test,ACTIVE
600004413,Benchmark Customer 04413,benchmark.customer04413@example.test,ACTIVE
600004414,Benchmark Customer 04414,benchmark.customer04414@example.test,ACTIVE
600004415,Benchmark Customer 04415,benchmark.customer04415@example.test,ACTIVE
600004416,Benchmark Customer 04416,benchmark.customer04416@example.test,ACTIVE
600004417,Benchmark Customer 04417,benchmark.customer04417@example.test,ACTIVE
600004418,Benchmark Customer 04418,benchmark.customer04418@example.test,ACTIVE
600004419,Benchmark Customer 04419,benchmark.customer04419@example.test,ACTIVE
600004420,Benchmark Customer 04420,benchmark.customer04420@example.test,ACTIVE
600004421,Benchmark Customer 04421,benchmark.customer04421@example.test,ACTIVE
600004422,Benchmark Customer 04422,benchmark.customer04422@example.test,ACTIVE
600004423,Benchmark Customer 04423,benchmark.customer04423@example.test,ACTIVE
600004424,Benchmark Customer 04424,benchmark.customer04424@example.test,ACTIVE
600004425,Benchmark Customer 04425,benchmark.customer04425@example.test,ACTIVE
600004426,Benchmark Customer 04426,benchmark.customer04426@example.test,ACTIVE
600004427,Benchmark Customer 04427,benchmark.customer04427@example.test,ACTIVE
600004428,Benchmark Customer 04428,benchmark.customer04428@example.test,ACTIVE
600004429,Benchmark Customer 04429,benchmark.customer04429@example.test,ACTIVE
600004430,Benchmark Customer 04430,benchmark.customer04430@example.test,ACTIVE
600004431,Benchmark Customer 04431,benchmark.customer04431@example.test,ACTIVE
600004432,Benchmark Customer 04432,benchmark.customer04432@example.test,ACTIVE
600004433,Benchmark Customer 04433,benchmark.customer04433@example.test,ACTIVE
600004434,Benchmark Customer 04434,benchmark.customer04434@example.test,ACTIVE
600004435,Benchmark Customer 04435,benchmark.customer04435@example.test,ACTIVE
600004436,Benchmark Customer 04436,benchmark.customer04436@example.test,ACTIVE
600004437,Benchmark Customer 04437,benchmark.customer04437@example.test,ACTIVE
600004438,Benchmark Customer 04438,benchmark.customer04438@example.test,ACTIVE
600004439,Benchmark Customer 04439,benchmark.customer04439@example.test,ACTIVE
600004440,Benchmark Customer 04440,benchmark.customer04440@example.test,ACTIVE
600004441,Benchmark Customer 04441,benchmark.customer04441@example.test,ACTIVE
600004442,Benchmark Customer 04442,benchmark.customer04442@example.test,ACTIVE
600004443,Benchmark Customer 04443,benchmark.customer04443@example.test,ACTIVE
600004444,Benchmark Customer 04444,benchmark.customer04444@example.test,ACTIVE
600004445,Benchmark Customer 04445,benchmark.customer04445@example.test,ACTIVE
600004446,Benchmark Customer 04446,benchmark.customer04446@example.test,ACTIVE
600004447,Benchmark Customer 04447,benchmark.customer04447@example.test,ACTIVE
600004448,Benchmark Customer 04448,benchmark.customer04448@example.test,ACTIVE
600004449,Benchmark Customer 04449,benchmark.customer04449@example.test,ACTIVE
600004450,Benchmark Customer 04450,benchmark.customer04450@example.test,ACTIVE
600004451,Benchmark Customer 04451,benchmark.customer04451@example.test,ACTIVE
600004452,Benchmark Customer 04452,benchmark.customer04452@example.test,ACTIVE
600004453,Benchmark Customer 04453,benchmark.customer04453@example.test,ACTIVE
600004454,Benchmark Customer 04454,benchmark.customer04454@example.test,ACTIVE
600004455,Benchmark Customer 04455,benchmark.customer04455@example.test,ACTIVE
600004456,Benchmark Customer 04456,benchmark.customer04456@example.test,ACTIVE
600004457,Benchmark Customer 04457,benchmark.customer04457@example.test,ACTIVE
600004458,Benchmark Customer 04458,benchmark.customer04458@example.test,ACTIVE
600004459,Benchmark Customer 04459,benchmark.customer04459@example.test,ACTIVE
600004460,Benchmark Customer 04460,benchmark.customer04460@example.test,ACTIVE
600004461,Benchmark Customer 04461,benchmark.customer04461@example.test,ACTIVE
600004462,Benchmark Customer 04462,benchmark.customer04462@example.test,ACTIVE
600004463,Benchmark Customer 04463,benchmark.customer04463@example.test,ACTIVE
600004464,Benchmark Customer 04464,benchmark.customer04464@example.test,ACTIVE
600004465,Benchmark Customer 04465,benchmark.customer04465@example.test,ACTIVE
600004466,Benchmark Customer 04466,benchmark.customer04466@example.test,ACTIVE
600004467,Benchmark Customer 04467,benchmark.customer04467@example.test,ACTIVE
600004468,Benchmark Customer 04468,benchmark.customer04468@example.test,ACTIVE
600004469,Benchmark Customer 04469,benchmark.customer04469@example.test,ACTIVE
600004470,Benchmark Customer 04470,benchmark.customer04470@example.test,ACTIVE
600004471,Benchmark Customer 04471,benchmark.customer04471@example.test,ACTIVE
600004472,Benchmark Customer 04472,benchmark.customer04472@example.test,ACTIVE
600004473,Benchmark Customer 04473,benchmark.customer04473@example.test,ACTIVE
600004474,Benchmark Customer 04474,benchmark.customer04474@example.test,ACTIVE
600004475,Benchmark Customer 04475,benchmark.customer04475@example.test,ACTIVE
600004476,Benchmark Customer 04476,benchmark.customer04476@example.test,ACTIVE
600004477,Benchmark Customer 04477,benchmark.customer04477@example.test,ACTIVE
600004478,Benchmark Customer 04478,benchmark.customer04478@example.test,ACTIVE
600004479,Benchmark Customer 04479,benchmark.customer04479@example.test,ACTIVE
600004480,Benchmark Customer 04480,benchmark.customer04480@example.test,ACTIVE
600004481,Benchmark Customer 04481,benchmark.customer04481@example.test,ACTIVE
600004482,Benchmark Customer 04482,benchmark.customer04482@example.test,ACTIVE
600004483,Benchmark Customer 04483,benchmark.customer04483@example.test,ACTIVE
600004484,Benchmark Customer 04484,benchmark.customer04484@example.test,ACTIVE
600004485,Benchmark Customer 04485,benchmark.customer04485@example.test,ACTIVE
600004486,Benchmark Customer 04486,benchmark.customer04486@example.test,ACTIVE
600004487,Benchmark Customer 04487,benchmark.customer04487@example.test,ACTIVE
600004488,Benchmark Customer 04488,benchmark.customer04488@example.test,ACTIVE
600004489,Benchmark Customer 04489,benchmark.customer04489@example.test,ACTIVE
600004490,Benchmark Customer 04490,benchmark.customer04490@example.test,ACTIVE
600004491,Benchmark Customer 04491,benchmark.customer04491@example.test,ACTIVE
600004492,Benchmark Customer 04492,benchmark.customer04492@example.test,ACTIVE
600004493,Benchmark Customer 04493,benchmark.customer04493@example.test,ACTIVE
600004494,Benchmark Customer 04494,benchmark.customer04494@example.test,ACTIVE
600004495,Benchmark Customer 04495,benchmark.customer04495@example.test,ACTIVE
600004496,Benchmark Customer 04496,benchmark.customer04496@example.test,ACTIVE
600004497,Benchmark Customer 04497,benchmark.customer04497@example.test,ACTIVE
600004498,Benchmark Customer 04498,benchmark.customer04498@example.test,ACTIVE
600004499,Benchmark Customer 04499,benchmark.customer04499@example.test,ACTIVE
600004500,Benchmark Customer 04500,benchmark.customer04500@example.test,ACTIVE
600004501,Benchmark Customer 04501,benchmark.customer04501@example.test,ACTIVE
600004502,Benchmark Customer 04502,benchmark.customer04502@example.test,ACTIVE
600004503,Benchmark Customer 04503,benchmark.customer04503@example.test,ACTIVE
600004504,Benchmark Customer 04504,benchmark.customer04504@example.test,ACTIVE
600004505,Benchmark Customer 04505,benchmark.customer04505@example.test,ACTIVE
600004506,Benchmark Customer 04506,benchmark.customer04506@example.test,ACTIVE
600004507,Benchmark Customer 04507,benchmark.customer04507@example.test,ACTIVE
600004508,Benchmark Customer 04508,benchmark.customer04508@example.test,ACTIVE
600004509,Benchmark Customer 04509,benchmark.customer04509@example.test,ACTIVE
600004510,Benchmark Customer 04510,benchmark.customer04510@example.test,ACTIVE
600004511,Benchmark Customer 04511,benchmark.customer04511@example.test,ACTIVE
600004512,Benchmark Customer 04512,benchmark.customer04512@example.test,ACTIVE
600004513,Benchmark Customer 04513,benchmark.customer04513@example.test,ACTIVE
600004514,Benchmark Customer 04514,benchmark.customer04514@example.test,ACTIVE
600004515,Benchmark Customer 04515,benchmark.customer04515@example.test,ACTIVE
600004516,Benchmark Customer 04516,benchmark.customer04516@example.test,ACTIVE
600004517,Benchmark Customer 04517,benchmark.customer04517@example.test,ACTIVE
600004518,Benchmark Customer 04518,benchmark.customer04518@example.test,ACTIVE
600004519,Benchmark Customer 04519,benchmark.customer04519@example.test,ACTIVE
600004520,Benchmark Customer 04520,benchmark.customer04520@example.test,ACTIVE
600004521,Benchmark Customer 04521,benchmark.customer04521@example.test,ACTIVE
600004522,Benchmark Customer 04522,benchmark.customer04522@example.test,ACTIVE
600004523,Benchmark Customer 04523,benchmark.customer04523@example.test,ACTIVE
600004524,Benchmark Customer 04524,benchmark.customer04524@example.test,ACTIVE
600004525,Benchmark Customer 04525,benchmark.customer04525@example.test,ACTIVE
600004526,Benchmark Customer 04526,benchmark.customer04526@example.test,ACTIVE
600004527,Benchmark Customer 04527,benchmark.customer04527@example.test,ACTIVE
600004528,Benchmark Customer 04528,benchmark.customer04528@example.test,ACTIVE
600004529,Benchmark Customer 04529,benchmark.customer04529@example.test,ACTIVE
600004530,Benchmark Customer 04530,benchmark.customer04530@example.test,ACTIVE
600004531,Benchmark Customer 04531,benchmark.customer04531@example.test,ACTIVE
600004532,Benchmark Customer 04532,benchmark.customer04532@example.test,ACTIVE
600004533,Benchmark Customer 04533,benchmark.customer04533@example.test,ACTIVE
600004534,Benchmark Customer 04534,benchmark.customer04534@example.test,ACTIVE
600004535,Benchmark Customer 04535,benchmark.customer04535@example.test,ACTIVE
600004536,Benchmark Customer 04536,benchmark.customer04536@example.test,ACTIVE
600004537,Benchmark Customer 04537,benchmark.customer04537@example.test,ACTIVE
600004538,Benchmark Customer 04538,benchmark.customer04538@example.test,ACTIVE
600004539,Benchmark Customer 04539,benchmark.customer04539@example.test,ACTIVE
600004540,Benchmark Customer 04540,benchmark.customer04540@example.test,ACTIVE
600004541,Benchmark Customer 04541,benchmark.customer04541@example.test,ACTIVE
600004542,Benchmark Customer 04542,benchmark.customer04542@example.test,ACTIVE
600004543,Benchmark Customer 04543,benchmark.customer04543@example.test,ACTIVE
600004544,Benchmark Customer 04544,benchmark.customer04544@example.test,ACTIVE
600004545,Benchmark Customer 04545,benchmark.customer04545@example.test,ACTIVE
600004546,Benchmark Customer 04546,benchmark.customer04546@example.test,ACTIVE
600004547,Benchmark Customer 04547,benchmark.customer04547@example.test,ACTIVE
600004548,Benchmark Customer 04548,benchmark.customer04548@example.test,ACTIVE
600004549,Benchmark Customer 04549,benchmark.customer04549@example.test,ACTIVE
600004550,Benchmark Customer 04550,benchmark.customer04550@example.test,ACTIVE
600004551,Benchmark Customer 04551,benchmark.customer04551@example.test,ACTIVE
600004552,Benchmark Customer 04552,benchmark.customer04552@example.test,ACTIVE
600004553,Benchmark Customer 04553,benchmark.customer04553@example.test,ACTIVE
600004554,Benchmark Customer 04554,benchmark.customer04554@example.test,ACTIVE
600004555,Benchmark Customer 04555,benchmark.customer04555@example.test,ACTIVE
600004556,Benchmark Customer 04556,benchmark.customer04556@example.test,ACTIVE
600004557,Benchmark Customer 04557,benchmark.customer04557@example.test,ACTIVE
600004558,Benchmark Customer 04558,benchmark.customer04558@example.test,ACTIVE
600004559,Benchmark Customer 04559,benchmark.customer04559@example.test,ACTIVE
600004560,Benchmark Customer 04560,benchmark.customer04560@example.test,ACTIVE
600004561,Benchmark Customer 04561,benchmark.customer04561@example.test,ACTIVE
600004562,Benchmark Customer 04562,benchmark.customer04562@example.test,ACTIVE
600004563,Benchmark Customer 04563,benchmark.customer04563@example.test,ACTIVE
600004564,Benchmark Customer 04564,benchmark.customer04564@example.test,ACTIVE
600004565,Benchmark Customer 04565,benchmark.customer04565@example.test,ACTIVE
600004566,Benchmark Customer 04566,benchmark.customer04566@example.test,ACTIVE
600004567,Benchmark Customer 04567,benchmark.customer04567@example.test,ACTIVE
600004568,Benchmark Customer 04568,benchmark.customer04568@example.test,ACTIVE
600004569,Benchmark Customer 04569,benchmark.customer04569@example.test,ACTIVE
600004570,Benchmark Customer 04570,benchmark.customer04570@example.test,ACTIVE
600004571,Benchmark Customer 04571,benchmark.customer04571@example.test,ACTIVE
600004572,Benchmark Customer 04572,benchmark.customer04572@example.test,ACTIVE
600004573,Benchmark Customer 04573,benchmark.customer04573@example.test,ACTIVE
600004574,Benchmark Customer 04574,benchmark.customer04574@example.test,ACTIVE
600004575,Benchmark Customer 04575,benchmark.customer04575@example.test,ACTIVE
600004576,Benchmark Customer 04576,benchmark.customer04576@example.test,ACTIVE
600004577,Benchmark Customer 04577,benchmark.customer04577@example.test,ACTIVE
600004578,Benchmark Customer 04578,benchmark.customer04578@example.test,ACTIVE
600004579,Benchmark Customer 04579,benchmark.customer04579@example.test,ACTIVE
600004580,Benchmark Customer 04580,benchmark.customer04580@example.test,ACTIVE
600004581,Benchmark Customer 04581,benchmark.customer04581@example.test,ACTIVE
600004582,Benchmark Customer 04582,benchmark.customer04582@example.test,ACTIVE
600004583,Benchmark Customer 04583,benchmark.customer04583@example.test,ACTIVE
600004584,Benchmark Customer 04584,benchmark.customer04584@example.test,ACTIVE
600004585,Benchmark Customer 04585,benchmark.customer04585@example.test,ACTIVE
600004586,Benchmark Customer 04586,benchmark.customer04586@example.test,ACTIVE
600004587,Benchmark Customer 04587,benchmark.customer04587@example.test,ACTIVE
600004588,Benchmark Customer 04588,benchmark.customer04588@example.test,ACTIVE
600004589,Benchmark Customer 04589,benchmark.customer04589@example.test,ACTIVE
600004590,Benchmark Customer 04590,benchmark.customer04590@example.test,ACTIVE
600004591,Benchmark Customer 04591,benchmark.customer04591@example.test,ACTIVE
600004592,Benchmark Customer 04592,benchmark.customer04592@example.test,ACTIVE
600004593,Benchmark Customer 04593,benchmark.customer04593@example.test,ACTIVE
600004594,Benchmark Customer 04594,benchmark.customer04594@example.test,ACTIVE
600004595,Benchmark Customer 04595,benchmark.customer04595@example.test,ACTIVE
600004596,Benchmark Customer 04596,benchmark.customer04596@example.test,ACTIVE
600004597,Benchmark Customer 04597,benchmark.customer04597@example.test,ACTIVE
600004598,Benchmark Customer 04598,benchmark.customer04598@example.test,ACTIVE
600004599,Benchmark Customer 04599,benchmark.customer04599@example.test,ACTIVE
600004600,Benchmark Customer 04600,benchmark.customer04600@example.test,ACTIVE
600004601,Benchmark Customer 04601,benchmark.customer04601@example.test,ACTIVE
600004602,Benchmark Customer 04602,benchmark.customer04602@example.test,ACTIVE
600004603,Benchmark Customer 04603,benchmark.customer04603@example.test,ACTIVE
600004604,Benchmark Customer 04604,benchmark.customer04604@example.test,ACTIVE
600004605,Benchmark Customer 04605,benchmark.customer04605@example.test,ACTIVE
600004606,Benchmark Customer 04606,benchmark.customer04606@example.test,ACTIVE
600004607,Benchmark Customer 04607,benchmark.customer04607@example.test,ACTIVE
600004608,Benchmark Customer 04608,benchmark.customer04608@example.test,ACTIVE
600004609,Benchmark Customer 04609,benchmark.customer04609@example.test,ACTIVE
600004610,Benchmark Customer 04610,benchmark.customer04610@example.test,ACTIVE
600004611,Benchmark Customer 04611,benchmark.customer04611@example.test,ACTIVE
600004612,Benchmark Customer 04612,benchmark.customer04612@example.test,ACTIVE
600004613,Benchmark Customer 04613,benchmark.customer04613@example.test,ACTIVE
600004614,Benchmark Customer 04614,benchmark.customer04614@example.test,ACTIVE
600004615,Benchmark Customer 04615,benchmark.customer04615@example.test,ACTIVE
600004616,Benchmark Customer 04616,benchmark.customer04616@example.test,ACTIVE
600004617,Benchmark Customer 04617,benchmark.customer04617@example.test,ACTIVE
600004618,Benchmark Customer 04618,benchmark.customer04618@example.test,ACTIVE
600004619,Benchmark Customer 04619,benchmark.customer04619@example.test,ACTIVE
600004620,Benchmark Customer 04620,benchmark.customer04620@example.test,ACTIVE
600004621,Benchmark Customer 04621,benchmark.customer04621@example.test,ACTIVE
600004622,Benchmark Customer 04622,benchmark.customer04622@example.test,ACTIVE
600004623,Benchmark Customer 04623,benchmark.customer04623@example.test,ACTIVE
600004624,Benchmark Customer 04624,benchmark.customer04624@example.test,ACTIVE
600004625,Benchmark Customer 04625,benchmark.customer04625@example.test,ACTIVE
600004626,Benchmark Customer 04626,benchmark.customer04626@example.test,ACTIVE
600004627,Benchmark Customer 04627,benchmark.customer04627@example.test,ACTIVE
600004628,Benchmark Customer 04628,benchmark.customer04628@example.test,ACTIVE
600004629,Benchmark Customer 04629,benchmark.customer04629@example.test,ACTIVE
600004630,Benchmark Customer 04630,benchmark.customer04630@example.test,ACTIVE
600004631,Benchmark Customer 04631,benchmark.customer04631@example.test,ACTIVE
600004632,Benchmark Customer 04632,benchmark.customer04632@example.test,ACTIVE
600004633,Benchmark Customer 04633,benchmark.customer04633@example.test,ACTIVE
600004634,Benchmark Customer 04634,benchmark.customer04634@example.test,ACTIVE
600004635,Benchmark Customer 04635,benchmark.customer04635@example.test,ACTIVE
600004636,Benchmark Customer 04636,benchmark.customer04636@example.test,ACTIVE
600004637,Benchmark Customer 04637,benchmark.customer04637@example.test,ACTIVE
600004638,Benchmark Customer 04638,benchmark.customer04638@example.test,ACTIVE
600004639,Benchmark Customer 04639,benchmark.customer04639@example.test,ACTIVE
600004640,Benchmark Customer 04640,benchmark.customer04640@example.test,ACTIVE
600004641,Benchmark Customer 04641,benchmark.customer04641@example.test,ACTIVE
600004642,Benchmark Customer 04642,benchmark.customer04642@example.test,ACTIVE
600004643,Benchmark Customer 04643,benchmark.customer04643@example.test,ACTIVE
600004644,Benchmark Customer 04644,benchmark.customer04644@example.test,ACTIVE
600004645,Benchmark Customer 04645,benchmark.customer04645@example.test,ACTIVE
600004646,Benchmark Customer 04646,benchmark.customer04646@example.test,ACTIVE
600004647,Benchmark Customer 04647,benchmark.customer04647@example.test,ACTIVE
600004648,Benchmark Customer 04648,benchmark.customer04648@example.test,ACTIVE
600004649,Benchmark Customer 04649,benchmark.customer04649@example.test,ACTIVE
600004650,Benchmark Customer 04650,benchmark.customer04650@example.test,ACTIVE
600004651,Benchmark Customer 04651,benchmark.customer04651@example.test,ACTIVE
600004652,Benchmark Customer 04652,benchmark.customer04652@example.test,ACTIVE
600004653,Benchmark Customer 04653,benchmark.customer04653@example.test,ACTIVE
600004654,Benchmark Customer 04654,benchmark.customer04654@example.test,ACTIVE
600004655,Benchmark Customer 04655,benchmark.customer04655@example.test,ACTIVE
600004656,Benchmark Customer 04656,benchmark.customer04656@example.test,ACTIVE
600004657,Benchmark Customer 04657,benchmark.customer04657@example.test,ACTIVE
600004658,Benchmark Customer 04658,benchmark.customer04658@example.test,ACTIVE
600004659,Benchmark Customer 04659,benchmark.customer04659@example.test,ACTIVE
600004660,Benchmark Customer 04660,benchmark.customer04660@example.test,ACTIVE
600004661,Benchmark Customer 04661,benchmark.customer04661@example.test,ACTIVE
600004662,Benchmark Customer 04662,benchmark.customer04662@example.test,ACTIVE
600004663,Benchmark Customer 04663,benchmark.customer04663@example.test,ACTIVE
600004664,Benchmark Customer 04664,benchmark.customer04664@example.test,ACTIVE
600004665,Benchmark Customer 04665,benchmark.customer04665@example.test,ACTIVE
600004666,Benchmark Customer 04666,benchmark.customer04666@example.test,ACTIVE
600004667,Benchmark Customer 04667,benchmark.customer04667@example.test,ACTIVE
600004668,Benchmark Customer 04668,benchmark.customer04668@example.test,ACTIVE
600004669,Benchmark Customer 04669,benchmark.customer04669@example.test,ACTIVE
600004670,Benchmark Customer 04670,benchmark.customer04670@example.test,ACTIVE
600004671,Benchmark Customer 04671,benchmark.customer04671@example.test,ACTIVE
600004672,Benchmark Customer 04672,benchmark.customer04672@example.test,ACTIVE
600004673,Benchmark Customer 04673,benchmark.customer04673@example.test,ACTIVE
600004674,Benchmark Customer 04674,benchmark.customer04674@example.test,ACTIVE
600004675,Benchmark Customer 04675,benchmark.customer04675@example.test,ACTIVE
600004676,Benchmark Customer 04676,benchmark.customer04676@example.test,ACTIVE
600004677,Benchmark Customer 04677,benchmark.customer04677@example.test,ACTIVE
600004678,Benchmark Customer 04678,benchmark.customer04678@example.test,ACTIVE
600004679,Benchmark Customer 04679,benchmark.customer04679@example.test,ACTIVE
600004680,Benchmark Customer 04680,benchmark.customer04680@example.test,ACTIVE
600004681,Benchmark Customer 04681,benchmark.customer04681@example.test,ACTIVE
600004682,Benchmark Customer 04682,benchmark.customer04682@example.test,ACTIVE
600004683,Benchmark Customer 04683,benchmark.customer04683@example.test,ACTIVE
600004684,Benchmark Customer 04684,benchmark.customer04684@example.test,ACTIVE
600004685,Benchmark Customer 04685,benchmark.customer04685@example.test,ACTIVE
600004686,Benchmark Customer 04686,benchmark.customer04686@example.test,ACTIVE
600004687,Benchmark Customer 04687,benchmark.customer04687@example.test,ACTIVE
600004688,Benchmark Customer 04688,benchmark.customer04688@example.test,ACTIVE
600004689,Benchmark Customer 04689,benchmark.customer04689@example.test,ACTIVE
600004690,Benchmark Customer 04690,benchmark.customer04690@example.test,ACTIVE
600004691,Benchmark Customer 04691,benchmark.customer04691@example.test,ACTIVE
600004692,Benchmark Customer 04692,benchmark.customer04692@example.test,ACTIVE
600004693,Benchmark Customer 04693,benchmark.customer04693@example.test,ACTIVE
600004694,Benchmark Customer 04694,benchmark.customer04694@example.test,ACTIVE
600004695,Benchmark Customer 04695,benchmark.customer04695@example.test,ACTIVE
600004696,Benchmark Customer 04696,benchmark.customer04696@example.test,ACTIVE
600004697,Benchmark Customer 04697,benchmark.customer04697@example.test,ACTIVE
600004698,Benchmark Customer 04698,benchmark.customer04698@example.test,ACTIVE
600004699,Benchmark Customer 04699,benchmark.customer04699@example.test,ACTIVE
600004700,Benchmark Customer 04700,benchmark.customer04700@example.test,ACTIVE
600004701,Benchmark Customer 04701,benchmark.customer04701@example.test,ACTIVE
600004702,Benchmark Customer 04702,benchmark.customer04702@example.test,ACTIVE
600004703,Benchmark Customer 04703,benchmark.customer04703@example.test,ACTIVE
600004704,Benchmark Customer 04704,benchmark.customer04704@example.test,ACTIVE
600004705,Benchmark Customer 04705,benchmark.customer04705@example.test,ACTIVE
600004706,Benchmark Customer 04706,benchmark.customer04706@example.test,ACTIVE
600004707,Benchmark Customer 04707,benchmark.customer04707@example.test,ACTIVE
600004708,Benchmark Customer 04708,benchmark.customer04708@example.test,ACTIVE
600004709,Benchmark Customer 04709,benchmark.customer04709@example.test,ACTIVE
600004710,Benchmark Customer 04710,benchmark.customer04710@example.test,ACTIVE
600004711,Benchmark Customer 04711,benchmark.customer04711@example.test,ACTIVE
600004712,Benchmark Customer 04712,benchmark.customer04712@example.test,ACTIVE
600004713,Benchmark Customer 04713,benchmark.customer04713@example.test,ACTIVE
600004714,Benchmark Customer 04714,benchmark.customer04714@example.test,ACTIVE
600004715,Benchmark Customer 04715,benchmark.customer04715@example.test,ACTIVE
600004716,Benchmark Customer 04716,benchmark.customer04716@example.test,ACTIVE
600004717,Benchmark Customer 04717,benchmark.customer04717@example.test,ACTIVE
600004718,Benchmark Customer 04718,benchmark.customer04718@example.test,ACTIVE
600004719,Benchmark Customer 04719,benchmark.customer04719@example.test,ACTIVE
600004720,Benchmark Customer 04720,benchmark.customer04720@example.test,ACTIVE
600004721,Benchmark Customer 04721,benchmark.customer04721@example.test,ACTIVE
600004722,Benchmark Customer 04722,benchmark.customer04722@example.test,ACTIVE
600004723,Benchmark Customer 04723,benchmark.customer04723@example.test,ACTIVE
600004724,Benchmark Customer 04724,benchmark.customer04724@example.test,ACTIVE
600004725,Benchmark Customer 04725,benchmark.customer04725@example.test,ACTIVE
600004726,Benchmark Customer 04726,benchmark.customer04726@example.test,ACTIVE
600004727,Benchmark Customer 04727,benchmark.customer04727@example.test,ACTIVE
600004728,Benchmark Customer 04728,benchmark.customer04728@example.test,ACTIVE
600004729,Benchmark Customer 04729,benchmark.customer04729@example.test,ACTIVE
600004730,Benchmark Customer 04730,benchmark.customer04730@example.test,ACTIVE
600004731,Benchmark Customer 04731,benchmark.customer04731@example.test,ACTIVE
600004732,Benchmark Customer 04732,benchmark.customer04732@example.test,ACTIVE
600004733,Benchmark Customer 04733,benchmark.customer04733@example.test,ACTIVE
600004734,Benchmark Customer 04734,benchmark.customer04734@example.test,ACTIVE
600004735,Benchmark Customer 04735,benchmark.customer04735@example.test,ACTIVE
600004736,Benchmark Customer 04736,benchmark.customer04736@example.test,ACTIVE
600004737,Benchmark Customer 04737,benchmark.customer04737@example.test,ACTIVE
600004738,Benchmark Customer 04738,benchmark.customer04738@example.test,ACTIVE
600004739,Benchmark Customer 04739,benchmark.customer04739@example.test,ACTIVE
600004740,Benchmark Customer 04740,benchmark.customer04740@example.test,ACTIVE
600004741,Benchmark Customer 04741,benchmark.customer04741@example.test,ACTIVE
600004742,Benchmark Customer 04742,benchmark.customer04742@example.test,ACTIVE
600004743,Benchmark Customer 04743,benchmark.customer04743@example.test,ACTIVE
600004744,Benchmark Customer 04744,benchmark.customer04744@example.test,ACTIVE
600004745,Benchmark Customer 04745,benchmark.customer04745@example.test,ACTIVE
600004746,Benchmark Customer 04746,benchmark.customer04746@example.test,ACTIVE
600004747,Benchmark Customer 04747,benchmark.customer04747@example.test,ACTIVE
600004748,Benchmark Customer 04748,benchmark.customer04748@example.test,ACTIVE
600004749,Benchmark Customer 04749,benchmark.customer04749@example.test,ACTIVE
600004750,Benchmark Customer 04750,benchmark.customer04750@example.test,ACTIVE
600004751,Benchmark Customer 04751,benchmark.customer04751@example.test,ACTIVE
600004752,Benchmark Customer 04752,benchmark.customer04752@example.test,ACTIVE
600004753,Benchmark Customer 04753,benchmark.customer04753@example.test,ACTIVE
600004754,Benchmark Customer 04754,benchmark.customer04754@example.test,ACTIVE
600004755,Benchmark Customer 04755,benchmark.customer04755@example.test,ACTIVE
600004756,Benchmark Customer 04756,benchmark.customer04756@example.test,ACTIVE
600004757,Benchmark Customer 04757,benchmark.customer04757@example.test,ACTIVE
600004758,Benchmark Customer 04758,benchmark.customer04758@example.test,ACTIVE
600004759,Benchmark Customer 04759,benchmark.customer04759@example.test,ACTIVE
600004760,Benchmark Customer 04760,benchmark.customer04760@example.test,ACTIVE
600004761,Benchmark Customer 04761,benchmark.customer04761@example.test,ACTIVE
600004762,Benchmark Customer 04762,benchmark.customer04762@example.test,ACTIVE
600004763,Benchmark Customer 04763,benchmark.customer04763@example.test,ACTIVE
600004764,Benchmark Customer 04764,benchmark.customer04764@example.test,ACTIVE
600004765,Benchmark Customer 04765,benchmark.customer04765@example.test,ACTIVE
600004766,Benchmark Customer 04766,benchmark.customer04766@example.test,ACTIVE
600004767,Benchmark Customer 04767,benchmark.customer04767@example.test,ACTIVE
600004768,Benchmark Customer 04768,benchmark.customer04768@example.test,ACTIVE
600004769,Benchmark Customer 04769,benchmark.customer04769@example.test,ACTIVE
600004770,Benchmark Customer 04770,benchmark.customer04770@example.test,ACTIVE
600004771,Benchmark Customer 04771,benchmark.customer04771@example.test,ACTIVE
600004772,Benchmark Customer 04772,benchmark.customer04772@example.test,ACTIVE
600004773,Benchmark Customer 04773,benchmark.customer04773@example.test,ACTIVE
600004774,Benchmark Customer 04774,benchmark.customer04774@example.test,ACTIVE
600004775,Benchmark Customer 04775,benchmark.customer04775@example.test,ACTIVE
600004776,Benchmark Customer 04776,benchmark.customer04776@example.test,ACTIVE
600004777,Benchmark Customer 04777,benchmark.customer04777@example.test,ACTIVE
600004778,Benchmark Customer 04778,benchmark.customer04778@example.test,ACTIVE
600004779,Benchmark Customer 04779,benchmark.customer04779@example.test,ACTIVE
600004780,Benchmark Customer 04780,benchmark.customer04780@example.test,ACTIVE
600004781,Benchmark Customer 04781,benchmark.customer04781@example.test,ACTIVE
600004782,Benchmark Customer 04782,benchmark.customer04782@example.test,ACTIVE
600004783,Benchmark Customer 04783,benchmark.customer04783@example.test,ACTIVE
600004784,Benchmark Customer 04784,benchmark.customer04784@example.test,ACTIVE
600004785,Benchmark Customer 04785,benchmark.customer04785@example.test,ACTIVE
600004786,Benchmark Customer 04786,benchmark.customer04786@example.test,ACTIVE
600004787,Benchmark Customer 04787,benchmark.customer04787@example.test,ACTIVE
600004788,Benchmark Customer 04788,benchmark.customer04788@example.test,ACTIVE
600004789,Benchmark Customer 04789,benchmark.customer04789@example.test,ACTIVE
600004790,Benchmark Customer 04790,benchmark.customer04790@example.test,ACTIVE
600004791,Benchmark Customer 04791,benchmark.customer04791@example.test,ACTIVE
600004792,Benchmark Customer 04792,benchmark.customer04792@example.test,ACTIVE
600004793,Benchmark Customer 04793,benchmark.customer04793@example.test,ACTIVE
600004794,Benchmark Customer 04794,benchmark.customer04794@example.test,ACTIVE
600004795,Benchmark Customer 04795,benchmark.customer04795@example.test,ACTIVE
600004796,Benchmark Customer 04796,benchmark.customer04796@example.test,ACTIVE
600004797,Benchmark Customer 04797,benchmark.customer04797@example.test,ACTIVE
600004798,Benchmark Customer 04798,benchmark.customer04798@example.test,ACTIVE
600004799,Benchmark Customer 04799,benchmark.customer04799@example.test,ACTIVE
600004800,Benchmark Customer 04800,benchmark.customer04800@example.test,ACTIVE
600004801,Benchmark Customer 04801,benchmark.customer04801@example.test,ACTIVE
600004802,Benchmark Customer 04802,benchmark.customer04802@example.test,ACTIVE
600004803,Benchmark Customer 04803,benchmark.customer04803@example.test,ACTIVE
600004804,Benchmark Customer 04804,benchmark.customer04804@example.test,ACTIVE
600004805,Benchmark Customer 04805,benchmark.customer04805@example.test,ACTIVE
600004806,Benchmark Customer 04806,benchmark.customer04806@example.test,ACTIVE
600004807,Benchmark Customer 04807,benchmark.customer04807@example.test,ACTIVE
600004808,Benchmark Customer 04808,benchmark.customer04808@example.test,ACTIVE
600004809,Benchmark Customer 04809,benchmark.customer04809@example.test,ACTIVE
600004810,Benchmark Customer 04810,benchmark.customer04810@example.test,ACTIVE
600004811,Benchmark Customer 04811,benchmark.customer04811@example.test,ACTIVE
600004812,Benchmark Customer 04812,benchmark.customer04812@example.test,ACTIVE
600004813,Benchmark Customer 04813,benchmark.customer04813@example.test,ACTIVE
600004814,Benchmark Customer 04814,benchmark.customer04814@example.test,ACTIVE
600004815,Benchmark Customer 04815,benchmark.customer04815@example.test,ACTIVE
600004816,Benchmark Customer 04816,benchmark.customer04816@example.test,ACTIVE
600004817,Benchmark Customer 04817,benchmark.customer04817@example.test,ACTIVE
600004818,Benchmark Customer 04818,benchmark.customer04818@example.test,ACTIVE
600004819,Benchmark Customer 04819,benchmark.customer04819@example.test,ACTIVE
600004820,Benchmark Customer 04820,benchmark.customer04820@example.test,ACTIVE
600004821,Benchmark Customer 04821,benchmark.customer04821@example.test,ACTIVE
600004822,Benchmark Customer 04822,benchmark.customer04822@example.test,ACTIVE
600004823,Benchmark Customer 04823,benchmark.customer04823@example.test,ACTIVE
600004824,Benchmark Customer 04824,benchmark.customer04824@example.test,ACTIVE
600004825,Benchmark Customer 04825,benchmark.customer04825@example.test,ACTIVE
600004826,Benchmark Customer 04826,benchmark.customer04826@example.test,ACTIVE
600004827,Benchmark Customer 04827,benchmark.customer04827@example.test,ACTIVE
600004828,Benchmark Customer 04828,benchmark.customer04828@example.test,ACTIVE
600004829,Benchmark Customer 04829,benchmark.customer04829@example.test,ACTIVE
600004830,Benchmark Customer 04830,benchmark.customer04830@example.test,ACTIVE
600004831,Benchmark Customer 04831,benchmark.customer04831@example.test,ACTIVE
600004832,Benchmark Customer 04832,benchmark.customer04832@example.test,ACTIVE
600004833,Benchmark Customer 04833,benchmark.customer04833@example.test,ACTIVE
600004834,Benchmark Customer 04834,benchmark.customer04834@example.test,ACTIVE
600004835,Benchmark Customer 04835,benchmark.customer04835@example.test,ACTIVE
600004836,Benchmark Customer 04836,benchmark.customer04836@example.test,ACTIVE
600004837,Benchmark Customer 04837,benchmark.customer04837@example.test,ACTIVE
600004838,Benchmark Customer 04838,benchmark.customer04838@example.test,ACTIVE
600004839,Benchmark Customer 04839,benchmark.customer04839@example.test,ACTIVE
600004840,Benchmark Customer 04840,benchmark.customer04840@example.test,ACTIVE
600004841,Benchmark Customer 04841,benchmark.customer04841@example.test,ACTIVE
600004842,Benchmark Customer 04842,benchmark.customer04842@example.test,ACTIVE
600004843,Benchmark Customer 04843,benchmark.customer04843@example.test,ACTIVE
600004844,Benchmark Customer 04844,benchmark.customer04844@example.test,ACTIVE
600004845,Benchmark Customer 04845,benchmark.customer04845@example.test,ACTIVE
600004846,Benchmark Customer 04846,benchmark.customer04846@example.test,ACTIVE
600004847,Benchmark Customer 04847,benchmark.customer04847@example.test,ACTIVE
600004848,Benchmark Customer 04848,benchmark.customer04848@example.test,ACTIVE
600004849,Benchmark Customer 04849,benchmark.customer04849@example.test,ACTIVE
600004850,Benchmark Customer 04850,benchmark.customer04850@example.test,ACTIVE
600004851,Benchmark Customer 04851,benchmark.customer04851@example.test,ACTIVE
600004852,Benchmark Customer 04852,benchmark.customer04852@example.test,ACTIVE
600004853,Benchmark Customer 04853,benchmark.customer04853@example.test,ACTIVE
600004854,Benchmark Customer 04854,benchmark.customer04854@example.test,ACTIVE
600004855,Benchmark Customer 04855,benchmark.customer04855@example.test,ACTIVE
600004856,Benchmark Customer 04856,benchmark.customer04856@example.test,ACTIVE
600004857,Benchmark Customer 04857,benchmark.customer04857@example.test,ACTIVE
600004858,Benchmark Customer 04858,benchmark.customer04858@example.test,ACTIVE
600004859,Benchmark Customer 04859,benchmark.customer04859@example.test,ACTIVE
600004860,Benchmark Customer 04860,benchmark.customer04860@example.test,ACTIVE
600004861,Benchmark Customer 04861,benchmark.customer04861@example.test,ACTIVE
600004862,Benchmark Customer 04862,benchmark.customer04862@example.test,ACTIVE
600004863,Benchmark Customer 04863,benchmark.customer04863@example.test,ACTIVE
600004864,Benchmark Customer 04864,benchmark.customer04864@example.test,ACTIVE
600004865,Benchmark Customer 04865,benchmark.customer04865@example.test,ACTIVE
600004866,Benchmark Customer 04866,benchmark.customer04866@example.test,ACTIVE
600004867,Benchmark Customer 04867,benchmark.customer04867@example.test,ACTIVE
600004868,Benchmark Customer 04868,benchmark.customer04868@example.test,ACTIVE
600004869,Benchmark Customer 04869,benchmark.customer04869@example.test,ACTIVE
600004870,Benchmark Customer 04870,benchmark.customer04870@example.test,ACTIVE
600004871,Benchmark Customer 04871,benchmark.customer04871@example.test,ACTIVE
600004872,Benchmark Customer 04872,benchmark.customer04872@example.test,ACTIVE
600004873,Benchmark Customer 04873,benchmark.customer04873@example.test,ACTIVE
600004874,Benchmark Customer 04874,benchmark.customer04874@example.test,ACTIVE
600004875,Benchmark Customer 04875,benchmark.customer04875@example.test,ACTIVE
600004876,Benchmark Customer 04876,benchmark.customer04876@example.test,ACTIVE
600004877,Benchmark Customer 04877,benchmark.customer04877@example.test,ACTIVE
600004878,Benchmark Customer 04878,benchmark.customer04878@example.test,ACTIVE
600004879,Benchmark Customer 04879,benchmark.customer04879@example.test,ACTIVE
600004880,Benchmark Customer 04880,benchmark.customer04880@example.test,ACTIVE
600004881,Benchmark Customer 04881,benchmark.customer04881@example.test,ACTIVE
600004882,Benchmark Customer 04882,benchmark.customer04882@example.test,ACTIVE
600004883,Benchmark Customer 04883,benchmark.customer04883@example.test,ACTIVE
600004884,Benchmark Customer 04884,benchmark.customer04884@example.test,ACTIVE
600004885,Benchmark Customer 04885,benchmark.customer04885@example.test,ACTIVE
600004886,Benchmark Customer 04886,benchmark.customer04886@example.test,ACTIVE
600004887,Benchmark Customer 04887,benchmark.customer04887@example.test,ACTIVE
600004888,Benchmark Customer 04888,benchmark.customer04888@example.test,ACTIVE
600004889,Benchmark Customer 04889,benchmark.customer04889@example.test,ACTIVE
600004890,Benchmark Customer 04890,benchmark.customer04890@example.test,ACTIVE
600004891,Benchmark Customer 04891,benchmark.customer04891@example.test,ACTIVE
600004892,Benchmark Customer 04892,benchmark.customer04892@example.test,ACTIVE
600004893,Benchmark Customer 04893,benchmark.customer04893@example.test,ACTIVE
600004894,Benchmark Customer 04894,benchmark.customer04894@example.test,ACTIVE
600004895,Benchmark Customer 04895,benchmark.customer04895@example.test,ACTIVE
600004896,Benchmark Customer 04896,benchmark.customer04896@example.test,ACTIVE
600004897,Benchmark Customer 04897,benchmark.customer04897@example.test,ACTIVE
600004898,Benchmark Customer 04898,benchmark.customer04898@example.test,ACTIVE
600004899,Benchmark Customer 04899,benchmark.customer04899@example.test,ACTIVE
600004900,Benchmark Customer 04900,benchmark.customer04900@example.test,ACTIVE
600004901,Benchmark Customer 04901,benchmark.customer04901@example.test,ACTIVE
600004902,Benchmark Customer 04902,benchmark.customer04902@example.test,ACTIVE
600004903,Benchmark Customer 04903,benchmark.customer04903@example.test,ACTIVE
600004904,Benchmark Customer 04904,benchmark.customer04904@example.test,ACTIVE
600004905,Benchmark Customer 04905,benchmark.customer04905@example.test,ACTIVE
600004906,Benchmark Customer 04906,benchmark.customer04906@example.test,ACTIVE
600004907,Benchmark Customer 04907,benchmark.customer04907@example.test,ACTIVE
600004908,Benchmark Customer 04908,benchmark.customer04908@example.test,ACTIVE
600004909,Benchmark Customer 04909,benchmark.customer04909@example.test,ACTIVE
600004910,Benchmark Customer 04910,benchmark.customer04910@example.test,ACTIVE
600004911,Benchmark Customer 04911,benchmark.customer04911@example.test,ACTIVE
600004912,Benchmark Customer 04912,benchmark.customer04912@example.test,ACTIVE
600004913,Benchmark Customer 04913,benchmark.customer04913@example.test,ACTIVE
600004914,Benchmark Customer 04914,benchmark.customer04914@example.test,ACTIVE
600004915,Benchmark Customer 04915,benchmark.customer04915@example.test,ACTIVE
600004916,Benchmark Customer 04916,benchmark.customer04916@example.test,ACTIVE
600004917,Benchmark Customer 04917,benchmark.customer04917@example.test,ACTIVE
600004918,Benchmark Customer 04918,benchmark.customer04918@example.test,ACTIVE
600004919,Benchmark Customer 04919,benchmark.customer04919@example.test,ACTIVE
600004920,Benchmark Customer 04920,benchmark.customer04920@example.test,ACTIVE
600004921,Benchmark Customer 04921,benchmark.customer04921@example.test,ACTIVE
600004922,Benchmark Customer 04922,benchmark.customer04922@example.test,ACTIVE
600004923,Benchmark Customer 04923,benchmark.customer04923@example.test,ACTIVE
600004924,Benchmark Customer 04924,benchmark.customer04924@example.test,ACTIVE
600004925,Benchmark Customer 04925,benchmark.customer04925@example.test,ACTIVE
600004926,Benchmark Customer 04926,benchmark.customer04926@example.test,ACTIVE
600004927,Benchmark Customer 04927,benchmark.customer04927@example.test,ACTIVE
600004928,Benchmark Customer 04928,benchmark.customer04928@example.test,ACTIVE
600004929,Benchmark Customer 04929,benchmark.customer04929@example.test,ACTIVE
600004930,Benchmark Customer 04930,benchmark.customer04930@example.test,ACTIVE
600004931,Benchmark Customer 04931,benchmark.customer04931@example.test,ACTIVE
600004932,Benchmark Customer 04932,benchmark.customer04932@example.test,ACTIVE
600004933,Benchmark Customer 04933,benchmark.customer04933@example.test,ACTIVE
600004934,Benchmark Customer 04934,benchmark.customer04934@example.test,ACTIVE
600004935,Benchmark Customer 04935,benchmark.customer04935@example.test,ACTIVE
600004936,Benchmark Customer 04936,benchmark.customer04936@example.test,ACTIVE
600004937,Benchmark Customer 04937,benchmark.customer04937@example.test,ACTIVE
600004938,Benchmark Customer 04938,benchmark.customer04938@example.test,ACTIVE
600004939,Benchmark Customer 04939,benchmark.customer04939@example.test,ACTIVE
600004940,Benchmark Customer 04940,benchmark.customer04940@example.test,ACTIVE
600004941,Benchmark Customer 04941,benchmark.customer04941@example.test,ACTIVE
600004942,Benchmark Customer 04942,benchmark.customer04942@example.test,ACTIVE
600004943,Benchmark Customer 04943,benchmark.customer04943@example.test,ACTIVE
600004944,Benchmark Customer 04944,benchmark.customer04944@example.test,ACTIVE
600004945,Benchmark Customer 04945,benchmark.customer04945@example.test,ACTIVE
600004946,Benchmark Customer 04946,benchmark.customer04946@example.test,ACTIVE
600004947,Benchmark Customer 04947,benchmark.customer04947@example.test,ACTIVE
600004948,Benchmark Customer 04948,benchmark.customer04948@example.test,ACTIVE
600004949,Benchmark Customer 04949,benchmark.customer04949@example.test,ACTIVE
600004950,Benchmark Customer 04950,benchmark.customer04950@example.test,ACTIVE
600004951,Benchmark Customer 04951,benchmark.customer04951@example.test,ACTIVE
600004952,Benchmark Customer 04952,benchmark.customer04952@example.test,ACTIVE
600004953,Benchmark Customer 04953,benchmark.customer04953@example.test,ACTIVE
600004954,Benchmark Customer 04954,benchmark.customer04954@example.test,ACTIVE
600004955,Benchmark Customer 04955,benchmark.customer04955@example.test,ACTIVE
600004956,Benchmark Customer 04956,benchmark.customer04956@example.test,ACTIVE
600004957,Benchmark Customer 04957,benchmark.customer04957@example.test,ACTIVE
600004958,Benchmark Customer 04958,benchmark.customer04958@example.test,ACTIVE
600004959,Benchmark Customer 04959,benchmark.customer04959@example.test,ACTIVE
600004960,Benchmark Customer 04960,benchmark.customer04960@example.test,ACTIVE
600004961,Benchmark Customer 04961,benchmark.customer04961@example.test,ACTIVE
600004962,Benchmark Customer 04962,benchmark.customer04962@example.test,ACTIVE
600004963,Benchmark Customer 04963,benchmark.customer04963@example.test,ACTIVE
600004964,Benchmark Customer 04964,benchmark.customer04964@example.test,ACTIVE
600004965,Benchmark Customer 04965,benchmark.customer04965@example.test,ACTIVE
600004966,Benchmark Customer 04966,benchmark.customer04966@example.test,ACTIVE
600004967,Benchmark Customer 04967,benchmark.customer04967@example.test,ACTIVE
600004968,Benchmark Customer 04968,benchmark.customer04968@example.test,ACTIVE
600004969,Benchmark Customer 04969,benchmark.customer04969@example.test,ACTIVE
600004970,Benchmark Customer 04970,benchmark.customer04970@example.test,ACTIVE
600004971,Benchmark Customer 04971,benchmark.customer04971@example.test,ACTIVE
600004972,Benchmark Customer 04972,benchmark.customer04972@example.test,ACTIVE
600004973,Benchmark Customer 04973,benchmark.customer04973@example.test,ACTIVE
600004974,Benchmark Customer 04974,benchmark.customer04974@example.test,ACTIVE
600004975,Benchmark Customer 04975,benchmark.customer04975@example.test,ACTIVE
600004976,Benchmark Customer 04976,benchmark.customer04976@example.test,ACTIVE
600004977,Benchmark Customer 04977,benchmark.customer04977@example.test,ACTIVE
600004978,Benchmark Customer 04978,benchmark.customer04978@example.test,ACTIVE
600004979,Benchmark Customer 04979,benchmark.customer04979@example.test,ACTIVE
600004980,Benchmark Customer 04980,benchmark.customer04980@example.test,ACTIVE
600004981,Benchmark Customer 04981,benchmark.customer04981@example.test,ACTIVE
600004982,Benchmark Customer 04982,benchmark.customer04982@example.test,ACTIVE
600004983,Benchmark Customer 04983,benchmark.customer04983@example.test,ACTIVE
600004984,Benchmark Customer 04984,benchmark.customer04984@example.test,ACTIVE
600004985,Benchmark Customer 04985,benchmark.customer04985@example.test,ACTIVE
600004986,Benchmark Customer 04986,benchmark.customer04986@example.test,ACTIVE
600004987,Benchmark Customer 04987,benchmark.customer04987@example.test,ACTIVE
600004988,Benchmark Customer 04988,benchmark.customer04988@example.test,ACTIVE
600004989,Benchmark Customer 04989,benchmark.customer04989@example.test,ACTIVE
600004990,Benchmark Customer 04990,benchmark.customer04990@example.test,ACTIVE
600004991,Benchmark Customer 04991,benchmark.customer04991@example.test,ACTIVE
600004992,Benchmark Customer 04992,benchmark.customer04992@example.test,ACTIVE
600004993,Benchmark Customer 04993,benchmark.customer04993@example.test,ACTIVE
600004994,Benchmark Customer 04994,benchmark.customer04994@example.test,ACTIVE
600004995,Benchmark Customer 04995,benchmark.customer04995@example.test,ACTIVE
600004996,Benchmark Customer 04996,benchmark.customer04996@example.test,ACTIVE
600004997,Benchmark Customer 04997,benchmark.customer04997@example.test,ACTIVE
600004998,Benchmark Customer 04998,benchmark.customer04998@example.test,ACTIVE
600004999,Benchmark Customer 04999,benchmark.customer04999@example.test,ACTIVE
600005000,Benchmark Customer 05000,benchmark.customer05000@example.test,ACTIVE
600005001,Benchmark Customer 05001,benchmark.customer05001@example.test,ACTIVE
600005002,Benchmark Customer 05002,benchmark.customer05002@example.test,ACTIVE
600005003,Benchmark Customer 05003,benchmark.customer05003@example.test,ACTIVE
600005004,Benchmark Customer 05004,benchmark.customer05004@example.test,ACTIVE
600005005,Benchmark Customer 05005,benchmark.customer05005@example.test,ACTIVE
600005006,Benchmark Customer 05006,benchmark.customer05006@example.test,ACTIVE
600005007,Benchmark Customer 05007,benchmark.customer05007@example.test,ACTIVE
600005008,Benchmark Customer 05008,benchmark.customer05008@example.test,ACTIVE
600005009,Benchmark Customer 05009,benchmark.customer05009@example.test,ACTIVE
600005010,Benchmark Customer 05010,benchmark.customer05010@example.test,ACTIVE
600005011,Benchmark Customer 05011,benchmark.customer05011@example.test,ACTIVE
600005012,Benchmark Customer 05012,benchmark.customer05012@example.test,ACTIVE
600005013,Benchmark Customer 05013,benchmark.customer05013@example.test,ACTIVE
600005014,Benchmark Customer 05014,benchmark.customer05014@example.test,ACTIVE
600005015,Benchmark Customer 05015,benchmark.customer05015@example.test,ACTIVE
600005016,Benchmark Customer 05016,benchmark.customer05016@example.test,ACTIVE
600005017,Benchmark Customer 05017,benchmark.customer05017@example.test,ACTIVE
600005018,Benchmark Customer 05018,benchmark.customer05018@example.test,ACTIVE
600005019,Benchmark Customer 05019,benchmark.customer05019@example.test,ACTIVE
600005020,Benchmark Customer 05020,benchmark.customer05020@example.test,ACTIVE
600005021,Benchmark Customer 05021,benchmark.customer05021@example.test,ACTIVE
600005022,Benchmark Customer 05022,benchmark.customer05022@example.test,ACTIVE
600005023,Benchmark Customer 05023,benchmark.customer05023@example.test,ACTIVE
600005024,Benchmark Customer 05024,benchmark.customer05024@example.test,ACTIVE
600005025,Benchmark Customer 05025,benchmark.customer05025@example.test,ACTIVE
600005026,Benchmark Customer 05026,benchmark.customer05026@example.test,ACTIVE
600005027,Benchmark Customer 05027,benchmark.customer05027@example.test,ACTIVE
600005028,Benchmark Customer 05028,benchmark.customer05028@example.test,ACTIVE
600005029,Benchmark Customer 05029,benchmark.customer05029@example.test,ACTIVE
600005030,Benchmark Customer 05030,benchmark.customer05030@example.test,ACTIVE
600005031,Benchmark Customer 05031,benchmark.customer05031@example.test,ACTIVE
600005032,Benchmark Customer 05032,benchmark.customer05032@example.test,ACTIVE
600005033,Benchmark Customer 05033,benchmark.customer05033@example.test,ACTIVE
600005034,Benchmark Customer 05034,benchmark.customer05034@example.test,ACTIVE
600005035,Benchmark Customer 05035,benchmark.customer05035@example.test,ACTIVE
600005036,Benchmark Customer 05036,benchmark.customer05036@example.test,ACTIVE
600005037,Benchmark Customer 05037,benchmark.customer05037@example.test,ACTIVE
600005038,Benchmark Customer 05038,benchmark.customer05038@example.test,ACTIVE
600005039,Benchmark Customer 05039,benchmark.customer05039@example.test,ACTIVE
600005040,Benchmark Customer 05040,benchmark.customer05040@example.test,ACTIVE
600005041,Benchmark Customer 05041,benchmark.customer05041@example.test,ACTIVE
600005042,Benchmark Customer 05042,benchmark.customer05042@example.test,ACTIVE
600005043,Benchmark Customer 05043,benchmark.customer05043@example.test,ACTIVE
600005044,Benchmark Customer 05044,benchmark.customer05044@example.test,ACTIVE
600005045,Benchmark Customer 05045,benchmark.customer05045@example.test,ACTIVE
600005046,Benchmark Customer 05046,benchmark.customer05046@example.test,ACTIVE
600005047,Benchmark Customer 05047,benchmark.customer05047@example.test,ACTIVE
600005048,Benchmark Customer 05048,benchmark.customer05048@example.test,ACTIVE
600005049,Benchmark Customer 05049,benchmark.customer05049@example.test,ACTIVE
600005050,Benchmark Customer 05050,benchmark.customer05050@example.test,ACTIVE
600005051,Benchmark Customer 05051,benchmark.customer05051@example.test,ACTIVE
600005052,Benchmark Customer 05052,benchmark.customer05052@example.test,ACTIVE
600005053,Benchmark Customer 05053,benchmark.customer05053@example.test,ACTIVE
600005054,Benchmark Customer 05054,benchmark.customer05054@example.test,ACTIVE
600005055,Benchmark Customer 05055,benchmark.customer05055@example.test,ACTIVE
600005056,Benchmark Customer 05056,benchmark.customer05056@example.test,ACTIVE
600005057,Benchmark Customer 05057,benchmark.customer05057@example.test,ACTIVE
600005058,Benchmark Customer 05058,benchmark.customer05058@example.test,ACTIVE
600005059,Benchmark Customer 05059,benchmark.customer05059@example.test,ACTIVE
600005060,Benchmark Customer 05060,benchmark.customer05060@example.test,ACTIVE
600005061,Benchmark Customer 05061,benchmark.customer05061@example.test,ACTIVE
600005062,Benchmark Customer 05062,benchmark.customer05062@example.test,ACTIVE
600005063,Benchmark Customer 05063,benchmark.customer05063@example.test,ACTIVE
600005064,Benchmark Customer 05064,benchmark.customer05064@example.test,ACTIVE
600005065,Benchmark Customer 05065,benchmark.customer05065@example.test,ACTIVE
600005066,Benchmark Customer 05066,benchmark.customer05066@example.test,ACTIVE
600005067,Benchmark Customer 05067,benchmark.customer05067@example.test,ACTIVE
600005068,Benchmark Customer 05068,benchmark.customer05068@example.test,ACTIVE
600005069,Benchmark Customer 05069,benchmark.customer05069@example.test,ACTIVE
600005070,Benchmark Customer 05070,benchmark.customer05070@example.test,ACTIVE
600005071,Benchmark Customer 05071,benchmark.customer05071@example.test,ACTIVE
600005072,Benchmark Customer 05072,benchmark.customer05072@example.test,ACTIVE
600005073,Benchmark Customer 05073,benchmark.customer05073@example.test,ACTIVE
600005074,Benchmark Customer 05074,benchmark.customer05074@example.test,ACTIVE
600005075,Benchmark Customer 05075,benchmark.customer05075@example.test,ACTIVE
600005076,Benchmark Customer 05076,benchmark.customer05076@example.test,ACTIVE
600005077,Benchmark Customer 05077,benchmark.customer05077@example.test,ACTIVE
600005078,Benchmark Customer 05078,benchmark.customer05078@example.test,ACTIVE
600005079,Benchmark Customer 05079,benchmark.customer05079@example.test,ACTIVE
600005080,Benchmark Customer 05080,benchmark.customer05080@example.test,ACTIVE
600005081,Benchmark Customer 05081,benchmark.customer05081@example.test,ACTIVE
600005082,Benchmark Customer 05082,benchmark.customer05082@example.test,ACTIVE
600005083,Benchmark Customer 05083,benchmark.customer05083@example.test,ACTIVE
600005084,Benchmark Customer 05084,benchmark.customer05084@example.test,ACTIVE
600005085,Benchmark Customer 05085,benchmark.customer05085@example.test,ACTIVE
600005086,Benchmark Customer 05086,benchmark.customer05086@example.test,ACTIVE
600005087,Benchmark Customer 05087,benchmark.customer05087@example.test,ACTIVE
600005088,Benchmark Customer 05088,benchmark.customer05088@example.test,ACTIVE
600005089,Benchmark Customer 05089,benchmark.customer05089@example.test,ACTIVE
600005090,Benchmark Customer 05090,benchmark.customer05090@example.test,ACTIVE
600005091,Benchmark Customer 05091,benchmark.customer05091@example.test,ACTIVE
600005092,Benchmark Customer 05092,benchmark.customer05092@example.test,ACTIVE
600005093,Benchmark Customer 05093,benchmark.customer05093@example.test,ACTIVE
600005094,Benchmark Customer 05094,benchmark.customer05094@example.test,ACTIVE
600005095,Benchmark Customer 05095,benchmark.customer05095@example.test,ACTIVE
600005096,Benchmark Customer 05096,benchmark.customer05096@example.test,ACTIVE
600005097,Benchmark Customer 05097,benchmark.customer05097@example.test,ACTIVE
600005098,Benchmark Customer 05098,benchmark.customer05098@example.test,ACTIVE
600005099,Benchmark Customer 05099,benchmark.customer05099@example.test,ACTIVE
600005100,Benchmark Customer 05100,benchmark.customer05100@example.test,ACTIVE
600005101,Benchmark Customer 05101,benchmark.customer05101@example.test,ACTIVE
600005102,Benchmark Customer 05102,benchmark.customer05102@example.test,ACTIVE
600005103,Benchmark Customer 05103,benchmark.customer05103@example.test,ACTIVE
600005104,Benchmark Customer 05104,benchmark.customer05104@example.test,ACTIVE
600005105,Benchmark Customer 05105,benchmark.customer05105@example.test,ACTIVE
600005106,Benchmark Customer 05106,benchmark.customer05106@example.test,ACTIVE
600005107,Benchmark Customer 05107,benchmark.customer05107@example.test,ACTIVE
600005108,Benchmark Customer 05108,benchmark.customer05108@example.test,ACTIVE
600005109,Benchmark Customer 05109,benchmark.customer05109@example.test,ACTIVE
600005110,Benchmark Customer 05110,benchmark.customer05110@example.test,ACTIVE
600005111,Benchmark Customer 05111,benchmark.customer05111@example.test,ACTIVE
600005112,Benchmark Customer 05112,benchmark.customer05112@example.test,ACTIVE
600005113,Benchmark Customer 05113,benchmark.customer05113@example.test,ACTIVE
600005114,Benchmark Customer 05114,benchmark.customer05114@example.test,ACTIVE
600005115,Benchmark Customer 05115,benchmark.customer05115@example.test,ACTIVE
600005116,Benchmark Customer 05116,benchmark.customer05116@example.test,ACTIVE
600005117,Benchmark Customer 05117,benchmark.customer05117@example.test,ACTIVE
600005118,Benchmark Customer 05118,benchmark.customer05118@example.test,ACTIVE
600005119,Benchmark Customer 05119,benchmark.customer05119@example.test,ACTIVE
600005120,Benchmark Customer 05120,benchmark.customer05120@example.test,ACTIVE
600005121,Benchmark Customer 05121,benchmark.customer05121@example.test,ACTIVE
600005122,Benchmark Customer 05122,benchmark.customer05122@example.test,ACTIVE
600005123,Benchmark Customer 05123,benchmark.customer05123@example.test,ACTIVE
600005124,Benchmark Customer 05124,benchmark.customer05124@example.test,ACTIVE
600005125,Benchmark Customer 05125,benchmark.customer05125@example.test,ACTIVE
600005126,Benchmark Customer 05126,benchmark.customer05126@example.test,ACTIVE
600005127,Benchmark Customer 05127,benchmark.customer05127@example.test,ACTIVE
600005128,Benchmark Customer 05128,benchmark.customer05128@example.test,ACTIVE
600005129,Benchmark Customer 05129,benchmark.customer05129@example.test,ACTIVE
600005130,Benchmark Customer 05130,benchmark.customer05130@example.test,ACTIVE
600005131,Benchmark Customer 05131,benchmark.customer05131@example.test,ACTIVE
600005132,Benchmark Customer 05132,benchmark.customer05132@example.test,ACTIVE
600005133,Benchmark Customer 05133,benchmark.customer05133@example.test,ACTIVE
600005134,Benchmark Customer 05134,benchmark.customer05134@example.test,ACTIVE
600005135,Benchmark Customer 05135,benchmark.customer05135@example.test,ACTIVE
600005136,Benchmark Customer 05136,benchmark.customer05136@example.test,ACTIVE
600005137,Benchmark Customer 05137,benchmark.customer05137@example.test,ACTIVE
600005138,Benchmark Customer 05138,benchmark.customer05138@example.test,ACTIVE
600005139,Benchmark Customer 05139,benchmark.customer05139@example.test,ACTIVE
600005140,Benchmark Customer 05140,benchmark.customer05140@example.test,ACTIVE
600005141,Benchmark Customer 05141,benchmark.customer05141@example.test,ACTIVE
600005142,Benchmark Customer 05142,benchmark.customer05142@example.test,ACTIVE
600005143,Benchmark Customer 05143,benchmark.customer05143@example.test,ACTIVE
600005144,Benchmark Customer 05144,benchmark.customer05144@example.test,ACTIVE
600005145,Benchmark Customer 05145,benchmark.customer05145@example.test,ACTIVE
600005146,Benchmark Customer 05146,benchmark.customer05146@example.test,ACTIVE
600005147,Benchmark Customer 05147,benchmark.customer05147@example.test,ACTIVE
600005148,Benchmark Customer 05148,benchmark.customer05148@example.test,ACTIVE
600005149,Benchmark Customer 05149,benchmark.customer05149@example.test,ACTIVE
600005150,Benchmark Customer 05150,benchmark.customer05150@example.test,ACTIVE
600005151,Benchmark Customer 05151,benchmark.customer05151@example.test,ACTIVE
600005152,Benchmark Customer 05152,benchmark.customer05152@example.test,ACTIVE
600005153,Benchmark Customer 05153,benchmark.customer05153@example.test,ACTIVE
600005154,Benchmark Customer 05154,benchmark.customer05154@example.test,ACTIVE
600005155,Benchmark Customer 05155,benchmark.customer05155@example.test,ACTIVE
600005156,Benchmark Customer 05156,benchmark.customer05156@example.test,ACTIVE
600005157,Benchmark Customer 05157,benchmark.customer05157@example.test,ACTIVE
600005158,Benchmark Customer 05158,benchmark.customer05158@example.test,ACTIVE
600005159,Benchmark Customer 05159,benchmark.customer05159@example.test,ACTIVE
600005160,Benchmark Customer 05160,benchmark.customer05160@example.test,ACTIVE
600005161,Benchmark Customer 05161,benchmark.customer05161@example.test,ACTIVE
600005162,Benchmark Customer 05162,benchmark.customer05162@example.test,ACTIVE
600005163,Benchmark Customer 05163,benchmark.customer05163@example.test,ACTIVE
600005164,Benchmark Customer 05164,benchmark.customer05164@example.test,ACTIVE
600005165,Benchmark Customer 05165,benchmark.customer05165@example.test,ACTIVE
600005166,Benchmark Customer 05166,benchmark.customer05166@example.test,ACTIVE
600005167,Benchmark Customer 05167,benchmark.customer05167@example.test,ACTIVE
600005168,Benchmark Customer 05168,benchmark.customer05168@example.test,ACTIVE
600005169,Benchmark Customer 05169,benchmark.customer05169@example.test,ACTIVE
600005170,Benchmark Customer 05170,benchmark.customer05170@example.test,ACTIVE
600005171,Benchmark Customer 05171,benchmark.customer05171@example.test,ACTIVE
600005172,Benchmark Customer 05172,benchmark.customer05172@example.test,ACTIVE
600005173,Benchmark Customer 05173,benchmark.customer05173@example.test,ACTIVE
600005174,Benchmark Customer 05174,benchmark.customer05174@example.test,ACTIVE
600005175,Benchmark Customer 05175,benchmark.customer05175@example.test,ACTIVE
600005176,Benchmark Customer 05176,benchmark.customer05176@example.test,ACTIVE
600005177,Benchmark Customer 05177,benchmark.customer05177@example.test,ACTIVE
600005178,Benchmark Customer 05178,benchmark.customer05178@example.test,ACTIVE
600005179,Benchmark Customer 05179,benchmark.customer05179@example.test,ACTIVE
600005180,Benchmark Customer 05180,benchmark.customer05180@example.test,ACTIVE
600005181,Benchmark Customer 05181,benchmark.customer05181@example.test,ACTIVE
600005182,Benchmark Customer 05182,benchmark.customer05182@example.test,ACTIVE
600005183,Benchmark Customer 05183,benchmark.customer05183@example.test,ACTIVE
600005184,Benchmark Customer 05184,benchmark.customer05184@example.test,ACTIVE
600005185,Benchmark Customer 05185,benchmark.customer05185@example.test,ACTIVE
600005186,Benchmark Customer 05186,benchmark.customer05186@example.test,ACTIVE
600005187,Benchmark Customer 05187,benchmark.customer05187@example.test,ACTIVE
600005188,Benchmark Customer 05188,benchmark.customer05188@example.test,ACTIVE
600005189,Benchmark Customer 05189,benchmark.customer05189@example.test,ACTIVE
600005190,Benchmark Customer 05190,benchmark.customer05190@example.test,ACTIVE
600005191,Benchmark Customer 05191,benchmark.customer05191@example.test,ACTIVE
600005192,Benchmark Customer 05192,benchmark.customer05192@example.test,ACTIVE
600005193,Benchmark Customer 05193,benchmark.customer05193@example.test,ACTIVE
600005194,Benchmark Customer 05194,benchmark.customer05194@example.test,ACTIVE
600005195,Benchmark Customer 05195,benchmark.customer05195@example.test,ACTIVE
600005196,Benchmark Customer 05196,benchmark.customer05196@example.test,ACTIVE
600005197,Benchmark Customer 05197,benchmark.customer05197@example.test,ACTIVE
600005198,Benchmark Customer 05198,benchmark.customer05198@example.test,ACTIVE
600005199,Benchmark Customer 05199,benchmark.customer05199@example.test,ACTIVE
600005200,Benchmark Customer 05200,benchmark.customer05200@example.test,ACTIVE
600005201,Benchmark Customer 05201,benchmark.customer05201@example.test,ACTIVE
600005202,Benchmark Customer 05202,benchmark.customer05202@example.test,ACTIVE
600005203,Benchmark Customer 05203,benchmark.customer05203@example.test,ACTIVE
600005204,Benchmark Customer 05204,benchmark.customer05204@example.test,ACTIVE
600005205,Benchmark Customer 05205,benchmark.customer05205@example.test,ACTIVE
600005206,Benchmark Customer 05206,benchmark.customer05206@example.test,ACTIVE
600005207,Benchmark Customer 05207,benchmark.customer05207@example.test,ACTIVE
600005208,Benchmark Customer 05208,benchmark.customer05208@example.test,ACTIVE
600005209,Benchmark Customer 05209,benchmark.customer05209@example.test,ACTIVE
600005210,Benchmark Customer 05210,benchmark.customer05210@example.test,ACTIVE
600005211,Benchmark Customer 05211,benchmark.customer05211@example.test,ACTIVE
600005212,Benchmark Customer 05212,benchmark.customer05212@example.test,ACTIVE
600005213,Benchmark Customer 05213,benchmark.customer05213@example.test,ACTIVE
600005214,Benchmark Customer 05214,benchmark.customer05214@example.test,ACTIVE
600005215,Benchmark Customer 05215,benchmark.customer05215@example.test,ACTIVE
600005216,Benchmark Customer 05216,benchmark.customer05216@example.test,ACTIVE
600005217,Benchmark Customer 05217,benchmark.customer05217@example.test,ACTIVE
600005218,Benchmark Customer 05218,benchmark.customer05218@example.test,ACTIVE
600005219,Benchmark Customer 05219,benchmark.customer05219@example.test,ACTIVE
600005220,Benchmark Customer 05220,benchmark.customer05220@example.test,ACTIVE
600005221,Benchmark Customer 05221,benchmark.customer05221@example.test,ACTIVE
600005222,Benchmark Customer 05222,benchmark.customer05222@example.test,ACTIVE
600005223,Benchmark Customer 05223,benchmark.customer05223@example.test,ACTIVE
600005224,Benchmark Customer 05224,benchmark.customer05224@example.test,ACTIVE
600005225,Benchmark Customer 05225,benchmark.customer05225@example.test,ACTIVE
600005226,Benchmark Customer 05226,benchmark.customer05226@example.test,ACTIVE
600005227,Benchmark Customer 05227,benchmark.customer05227@example.test,ACTIVE
600005228,Benchmark Customer 05228,benchmark.customer05228@example.test,ACTIVE
600005229,Benchmark Customer 05229,benchmark.customer05229@example.test,ACTIVE
600005230,Benchmark Customer 05230,benchmark.customer05230@example.test,ACTIVE
600005231,Benchmark Customer 05231,benchmark.customer05231@example.test,ACTIVE
600005232,Benchmark Customer 05232,benchmark.customer05232@example.test,ACTIVE
600005233,Benchmark Customer 05233,benchmark.customer05233@example.test,ACTIVE
600005234,Benchmark Customer 05234,benchmark.customer05234@example.test,ACTIVE
600005235,Benchmark Customer 05235,benchmark.customer05235@example.test,ACTIVE
600005236,Benchmark Customer 05236,benchmark.customer05236@example.test,ACTIVE
600005237,Benchmark Customer 05237,benchmark.customer05237@example.test,ACTIVE
600005238,Benchmark Customer 05238,benchmark.customer05238@example.test,ACTIVE
600005239,Benchmark Customer 05239,benchmark.customer05239@example.test,ACTIVE
600005240,Benchmark Customer 05240,benchmark.customer05240@example.test,ACTIVE
600005241,Benchmark Customer 05241,benchmark.customer05241@example.test,ACTIVE
600005242,Benchmark Customer 05242,benchmark.customer05242@example.test,ACTIVE
600005243,Benchmark Customer 05243,benchmark.customer05243@example.test,ACTIVE
600005244,Benchmark Customer 05244,benchmark.customer05244@example.test,ACTIVE
600005245,Benchmark Customer 05245,benchmark.customer05245@example.test,ACTIVE
600005246,Benchmark Customer 05246,benchmark.customer05246@example.test,ACTIVE
600005247,Benchmark Customer 05247,benchmark.customer05247@example.test,ACTIVE
600005248,Benchmark Customer 05248,benchmark.customer05248@example.test,ACTIVE
600005249,Benchmark Customer 05249,benchmark.customer05249@example.test,ACTIVE
600005250,Benchmark Customer 05250,benchmark.customer05250@example.test,ACTIVE
600005251,Benchmark Customer 05251,benchmark.customer05251@example.test,ACTIVE
600005252,Benchmark Customer 05252,benchmark.customer05252@example.test,ACTIVE
600005253,Benchmark Customer 05253,benchmark.customer05253@example.test,ACTIVE
600005254,Benchmark Customer 05254,benchmark.customer05254@example.test,ACTIVE
600005255,Benchmark Customer 05255,benchmark.customer05255@example.test,ACTIVE
600005256,Benchmark Customer 05256,benchmark.customer05256@example.test,ACTIVE
600005257,Benchmark Customer 05257,benchmark.customer05257@example.test,ACTIVE
600005258,Benchmark Customer 05258,benchmark.customer05258@example.test,ACTIVE
600005259,Benchmark Customer 05259,benchmark.customer05259@example.test,ACTIVE
600005260,Benchmark Customer 05260,benchmark.customer05260@example.test,ACTIVE
600005261,Benchmark Customer 05261,benchmark.customer05261@example.test,ACTIVE
600005262,Benchmark Customer 05262,benchmark.customer05262@example.test,ACTIVE
600005263,Benchmark Customer 05263,benchmark.customer05263@example.test,ACTIVE
600005264,Benchmark Customer 05264,benchmark.customer05264@example.test,ACTIVE
600005265,Benchmark Customer 05265,benchmark.customer05265@example.test,ACTIVE
600005266,Benchmark Customer 05266,benchmark.customer05266@example.test,ACTIVE
600005267,Benchmark Customer 05267,benchmark.customer05267@example.test,ACTIVE
600005268,Benchmark Customer 05268,benchmark.customer05268@example.test,ACTIVE
600005269,Benchmark Customer 05269,benchmark.customer05269@example.test,ACTIVE
600005270,Benchmark Customer 05270,benchmark.customer05270@example.test,ACTIVE
600005271,Benchmark Customer 05271,benchmark.customer05271@example.test,ACTIVE
600005272,Benchmark Customer 05272,benchmark.customer05272@example.test,ACTIVE
600005273,Benchmark Customer 05273,benchmark.customer05273@example.test,ACTIVE
600005274,Benchmark Customer 05274,benchmark.customer05274@example.test,ACTIVE
600005275,Benchmark Customer 05275,benchmark.customer05275@example.test,ACTIVE
600005276,Benchmark Customer 05276,benchmark.customer05276@example.test,ACTIVE
600005277,Benchmark Customer 05277,benchmark.customer05277@example.test,ACTIVE
600005278,Benchmark Customer 05278,benchmark.customer05278@example.test,ACTIVE
600005279,Benchmark Customer 05279,benchmark.customer05279@example.test,ACTIVE
600005280,Benchmark Customer 05280,benchmark.customer05280@example.test,ACTIVE
600005281,Benchmark Customer 05281,benchmark.customer05281@example.test,ACTIVE
600005282,Benchmark Customer 05282,benchmark.customer05282@example.test,ACTIVE
600005283,Benchmark Customer 05283,benchmark.customer05283@example.test,ACTIVE
600005284,Benchmark Customer 05284,benchmark.customer05284@example.test,ACTIVE
600005285,Benchmark Customer 05285,benchmark.customer05285@example.test,ACTIVE
600005286,Benchmark Customer 05286,benchmark.customer05286@example.test,ACTIVE
600005287,Benchmark Customer 05287,benchmark.customer05287@example.test,ACTIVE
600005288,Benchmark Customer 05288,benchmark.customer05288@example.test,ACTIVE
600005289,Benchmark Customer 05289,benchmark.customer05289@example.test,ACTIVE
600005290,Benchmark Customer 05290,benchmark.customer05290@example.test,ACTIVE
600005291,Benchmark Customer 05291,benchmark.customer05291@example.test,ACTIVE
600005292,Benchmark Customer 05292,benchmark.customer05292@example.test,ACTIVE
600005293,Benchmark Customer 05293,benchmark.customer05293@example.test,ACTIVE
600005294,Benchmark Customer 05294,benchmark.customer05294@example.test,ACTIVE
600005295,Benchmark Customer 05295,benchmark.customer05295@example.test,ACTIVE
600005296,Benchmark Customer 05296,benchmark.customer05296@example.test,ACTIVE
600005297,Benchmark Customer 05297,benchmark.customer05297@example.test,ACTIVE
600005298,Benchmark Customer 05298,benchmark.customer05298@example.test,ACTIVE
600005299,Benchmark Customer 05299,benchmark.customer05299@example.test,ACTIVE
600005300,Benchmark Customer 05300,benchmark.customer05300@example.test,ACTIVE
600005301,Benchmark Customer 05301,benchmark.customer05301@example.test,ACTIVE
600005302,Benchmark Customer 05302,benchmark.customer05302@example.test,ACTIVE
600005303,Benchmark Customer 05303,benchmark.customer05303@example.test,ACTIVE
600005304,Benchmark Customer 05304,benchmark.customer05304@example.test,ACTIVE
600005305,Benchmark Customer 05305,benchmark.customer05305@example.test,ACTIVE
600005306,Benchmark Customer 05306,benchmark.customer05306@example.test,ACTIVE
600005307,Benchmark Customer 05307,benchmark.customer05307@example.test,ACTIVE
600005308,Benchmark Customer 05308,benchmark.customer05308@example.test,ACTIVE
600005309,Benchmark Customer 05309,benchmark.customer05309@example.test,ACTIVE
600005310,Benchmark Customer 05310,benchmark.customer05310@example.test,ACTIVE
600005311,Benchmark Customer 05311,benchmark.customer05311@example.test,ACTIVE
600005312,Benchmark Customer 05312,benchmark.customer05312@example.test,ACTIVE
600005313,Benchmark Customer 05313,benchmark.customer05313@example.test,ACTIVE
600005314,Benchmark Customer 05314,benchmark.customer05314@example.test,ACTIVE
600005315,Benchmark Customer 05315,benchmark.customer05315@example.test,ACTIVE
600005316,Benchmark Customer 05316,benchmark.customer05316@example.test,ACTIVE
600005317,Benchmark Customer 05317,benchmark.customer05317@example.test,ACTIVE
600005318,Benchmark Customer 05318,benchmark.customer05318@example.test,ACTIVE
600005319,Benchmark Customer 05319,benchmark.customer05319@example.test,ACTIVE
600005320,Benchmark Customer 05320,benchmark.customer05320@example.test,ACTIVE
600005321,Benchmark Customer 05321,benchmark.customer05321@example.test,ACTIVE
600005322,Benchmark Customer 05322,benchmark.customer05322@example.test,ACTIVE
600005323,Benchmark Customer 05323,benchmark.customer05323@example.test,ACTIVE
600005324,Benchmark Customer 05324,benchmark.customer05324@example.test,ACTIVE
600005325,Benchmark Customer 05325,benchmark.customer05325@example.test,ACTIVE
600005326,Benchmark Customer 05326,benchmark.customer05326@example.test,ACTIVE
600005327,Benchmark Customer 05327,benchmark.customer05327@example.test,ACTIVE
600005328,Benchmark Customer 05328,benchmark.customer05328@example.test,ACTIVE
600005329,Benchmark Customer 05329,benchmark.customer05329@example.test,ACTIVE
600005330,Benchmark Customer 05330,benchmark.customer05330@example.test,ACTIVE
600005331,Benchmark Customer 05331,benchmark.customer05331@example.test,ACTIVE
600005332,Benchmark Customer 05332,benchmark.customer05332@example.test,ACTIVE
600005333,Benchmark Customer 05333,benchmark.customer05333@example.test,ACTIVE
600005334,Benchmark Customer 05334,benchmark.customer05334@example.test,ACTIVE
600005335,Benchmark Customer 05335,benchmark.customer05335@example.test,ACTIVE
600005336,Benchmark Customer 05336,benchmark.customer05336@example.test,ACTIVE
600005337,Benchmark Customer 05337,benchmark.customer05337@example.test,ACTIVE
600005338,Benchmark Customer 05338,benchmark.customer05338@example.test,ACTIVE
600005339,Benchmark Customer 05339,benchmark.customer05339@example.test,ACTIVE
600005340,Benchmark Customer 05340,benchmark.customer05340@example.test,ACTIVE
600005341,Benchmark Customer 05341,benchmark.customer05341@example.test,ACTIVE
600005342,Benchmark Customer 05342,benchmark.customer05342@example.test,ACTIVE
600005343,Benchmark Customer 05343,benchmark.customer05343@example.test,ACTIVE
600005344,Benchmark Customer 05344,benchmark.customer05344@example.test,ACTIVE
600005345,Benchmark Customer 05345,benchmark.customer05345@example.test,ACTIVE
600005346,Benchmark Customer 05346,benchmark.customer05346@example.test,ACTIVE
600005347,Benchmark Customer 05347,benchmark.customer05347@example.test,ACTIVE
600005348,Benchmark Customer 05348,benchmark.customer05348@example.test,ACTIVE
600005349,Benchmark Customer 05349,benchmark.customer05349@example.test,ACTIVE
600005350,Benchmark Customer 05350,benchmark.customer05350@example.test,ACTIVE
600005351,Benchmark Customer 05351,benchmark.customer05351@example.test,ACTIVE
600005352,Benchmark Customer 05352,benchmark.customer05352@example.test,ACTIVE
600005353,Benchmark Customer 05353,benchmark.customer05353@example.test,ACTIVE
600005354,Benchmark Customer 05354,benchmark.customer05354@example.test,ACTIVE
600005355,Benchmark Customer 05355,benchmark.customer05355@example.test,ACTIVE
600005356,Benchmark Customer 05356,benchmark.customer05356@example.test,ACTIVE
600005357,Benchmark Customer 05357,benchmark.customer05357@example.test,ACTIVE
600005358,Benchmark Customer 05358,benchmark.customer05358@example.test,ACTIVE
600005359,Benchmark Customer 05359,benchmark.customer05359@example.test,ACTIVE
600005360,Benchmark Customer 05360,benchmark.customer05360@example.test,ACTIVE
600005361,Benchmark Customer 05361,benchmark.customer05361@example.test,ACTIVE
600005362,Benchmark Customer 05362,benchmark.customer05362@example.test,ACTIVE
600005363,Benchmark Customer 05363,benchmark.customer05363@example.test,ACTIVE
600005364,Benchmark Customer 05364,benchmark.customer05364@example.test,ACTIVE
600005365,Benchmark Customer 05365,benchmark.customer05365@example.test,ACTIVE
600005366,Benchmark Customer 05366,benchmark.customer05366@example.test,ACTIVE
600005367,Benchmark Customer 05367,benchmark.customer05367@example.test,ACTIVE
600005368,Benchmark Customer 05368,benchmark.customer05368@example.test,ACTIVE
600005369,Benchmark Customer 05369,benchmark.customer05369@example.test,ACTIVE
600005370,Benchmark Customer 05370,benchmark.customer05370@example.test,ACTIVE
600005371,Benchmark Customer 05371,benchmark.customer05371@example.test,ACTIVE
600005372,Benchmark Customer 05372,benchmark.customer05372@example.test,ACTIVE
600005373,Benchmark Customer 05373,benchmark.customer05373@example.test,ACTIVE
600005374,Benchmark Customer 05374,benchmark.customer05374@example.test,ACTIVE
600005375,Benchmark Customer 05375,benchmark.customer05375@example.test,ACTIVE
600005376,Benchmark Customer 05376,benchmark.customer05376@example.test,ACTIVE
600005377,Benchmark Customer 05377,benchmark.customer05377@example.test,ACTIVE
600005378,Benchmark Customer 05378,benchmark.customer05378@example.test,ACTIVE
600005379,Benchmark Customer 05379,benchmark.customer05379@example.test,ACTIVE
600005380,Benchmark Customer 05380,benchmark.customer05380@example.test,ACTIVE
600005381,Benchmark Customer 05381,benchmark.customer05381@example.test,ACTIVE
600005382,Benchmark Customer 05382,benchmark.customer05382@example.test,ACTIVE
600005383,Benchmark Customer 05383,benchmark.customer05383@example.test,ACTIVE
600005384,Benchmark Customer 05384,benchmark.customer05384@example.test,ACTIVE
600005385,Benchmark Customer 05385,benchmark.customer05385@example.test,ACTIVE
600005386,Benchmark Customer 05386,benchmark.customer05386@example.test,ACTIVE
600005387,Benchmark Customer 05387,benchmark.customer05387@example.test,ACTIVE
600005388,Benchmark Customer 05388,benchmark.customer05388@example.test,ACTIVE
600005389,Benchmark Customer 05389,benchmark.customer05389@example.test,ACTIVE
600005390,Benchmark Customer 05390,benchmark.customer05390@example.test,ACTIVE
600005391,Benchmark Customer 05391,benchmark.customer05391@example.test,ACTIVE
600005392,Benchmark Customer 05392,benchmark.customer05392@example.test,ACTIVE
600005393,Benchmark Customer 05393,benchmark.customer05393@example.test,ACTIVE
600005394,Benchmark Customer 05394,benchmark.customer05394@example.test,ACTIVE
600005395,Benchmark Customer 05395,benchmark.customer05395@example.test,ACTIVE
600005396,Benchmark Customer 05396,benchmark.customer05396@example.test,ACTIVE
600005397,Benchmark Customer 05397,benchmark.customer05397@example.test,ACTIVE
600005398,Benchmark Customer 05398,benchmark.customer05398@example.test,ACTIVE
600005399,Benchmark Customer 05399,benchmark.customer05399@example.test,ACTIVE
600005400,Benchmark Customer 05400,benchmark.customer05400@example.test,ACTIVE
600005401,Benchmark Customer 05401,benchmark.customer05401@example.test,ACTIVE
600005402,Benchmark Customer 05402,benchmark.customer05402@example.test,ACTIVE
600005403,Benchmark Customer 05403,benchmark.customer05403@example.test,ACTIVE
600005404,Benchmark Customer 05404,benchmark.customer05404@example.test,ACTIVE
600005405,Benchmark Customer 05405,benchmark.customer05405@example.test,ACTIVE
600005406,Benchmark Customer 05406,benchmark.customer05406@example.test,ACTIVE
600005407,Benchmark Customer 05407,benchmark.customer05407@example.test,ACTIVE
600005408,Benchmark Customer 05408,benchmark.customer05408@example.test,ACTIVE
600005409,Benchmark Customer 05409,benchmark.customer05409@example.test,ACTIVE
600005410,Benchmark Customer 05410,benchmark.customer05410@example.test,ACTIVE
600005411,Benchmark Customer 05411,benchmark.customer05411@example.test,ACTIVE
600005412,Benchmark Customer 05412,benchmark.customer05412@example.test,ACTIVE
600005413,Benchmark Customer 05413,benchmark.customer05413@example.test,ACTIVE
600005414,Benchmark Customer 05414,benchmark.customer05414@example.test,ACTIVE
600005415,Benchmark Customer 05415,benchmark.customer05415@example.test,ACTIVE
600005416,Benchmark Customer 05416,benchmark.customer05416@example.test,ACTIVE
600005417,Benchmark Customer 05417,benchmark.customer05417@example.test,ACTIVE
600005418,Benchmark Customer 05418,benchmark.customer05418@example.test,ACTIVE
600005419,Benchmark Customer 05419,benchmark.customer05419@example.test,ACTIVE
600005420,Benchmark Customer 05420,benchmark.customer05420@example.test,ACTIVE
600005421,Benchmark Customer 05421,benchmark.customer05421@example.test,ACTIVE
600005422,Benchmark Customer 05422,benchmark.customer05422@example.test,ACTIVE
600005423,Benchmark Customer 05423,benchmark.customer05423@example.test,ACTIVE
600005424,Benchmark Customer 05424,benchmark.customer05424@example.test,ACTIVE
600005425,Benchmark Customer 05425,benchmark.customer05425@example.test,ACTIVE
600005426,Benchmark Customer 05426,benchmark.customer05426@example.test,ACTIVE
600005427,Benchmark Customer 05427,benchmark.customer05427@example.test,ACTIVE
600005428,Benchmark Customer 05428,benchmark.customer05428@example.test,ACTIVE
600005429,Benchmark Customer 05429,benchmark.customer05429@example.test,ACTIVE
600005430,Benchmark Customer 05430,benchmark.customer05430@example.test,ACTIVE
600005431,Benchmark Customer 05431,benchmark.customer05431@example.test,ACTIVE
600005432,Benchmark Customer 05432,benchmark.customer05432@example.test,ACTIVE
600005433,Benchmark Customer 05433,benchmark.customer05433@example.test,ACTIVE
600005434,Benchmark Customer 05434,benchmark.customer05434@example.test,ACTIVE
600005435,Benchmark Customer 05435,benchmark.customer05435@example.test,ACTIVE
600005436,Benchmark Customer 05436,benchmark.customer05436@example.test,ACTIVE
600005437,Benchmark Customer 05437,benchmark.customer05437@example.test,ACTIVE
600005438,Benchmark Customer 05438,benchmark.customer05438@example.test,ACTIVE
600005439,Benchmark Customer 05439,benchmark.customer05439@example.test,ACTIVE
600005440,Benchmark Customer 05440,benchmark.customer05440@example.test,ACTIVE
600005441,Benchmark Customer 05441,benchmark.customer05441@example.test,ACTIVE
600005442,Benchmark Customer 05442,benchmark.customer05442@example.test,ACTIVE
600005443,Benchmark Customer 05443,benchmark.customer05443@example.test,ACTIVE
600005444,Benchmark Customer 05444,benchmark.customer05444@example.test,ACTIVE
600005445,Benchmark Customer 05445,benchmark.customer05445@example.test,ACTIVE
600005446,Benchmark Customer 05446,benchmark.customer05446@example.test,ACTIVE
600005447,Benchmark Customer 05447,benchmark.customer05447@example.test,ACTIVE
600005448,Benchmark Customer 05448,benchmark.customer05448@example.test,ACTIVE
600005449,Benchmark Customer 05449,benchmark.customer05449@example.test,ACTIVE
600005450,Benchmark Customer 05450,benchmark.customer05450@example.test,ACTIVE
600005451,Benchmark Customer 05451,benchmark.customer05451@example.test,ACTIVE
600005452,Benchmark Customer 05452,benchmark.customer05452@example.test,ACTIVE
600005453,Benchmark Customer 05453,benchmark.customer05453@example.test,ACTIVE
600005454,Benchmark Customer 05454,benchmark.customer05454@example.test,ACTIVE
600005455,Benchmark Customer 05455,benchmark.customer05455@example.test,ACTIVE
600005456,Benchmark Customer 05456,benchmark.customer05456@example.test,ACTIVE
600005457,Benchmark Customer 05457,benchmark.customer05457@example.test,ACTIVE
600005458,Benchmark Customer 05458,benchmark.customer05458@example.test,ACTIVE
600005459,Benchmark Customer 05459,benchmark.customer05459@example.test,ACTIVE
600005460,Benchmark Customer 05460,benchmark.customer05460@example.test,ACTIVE
600005461,Benchmark Customer 05461,benchmark.customer05461@example.test,ACTIVE
600005462,Benchmark Customer 05462,benchmark.customer05462@example.test,ACTIVE
600005463,Benchmark Customer 05463,benchmark.customer05463@example.test,ACTIVE
600005464,Benchmark Customer 05464,benchmark.customer05464@example.test,ACTIVE
600005465,Benchmark Customer 05465,benchmark.customer05465@example.test,ACTIVE
600005466,Benchmark Customer 05466,benchmark.customer05466@example.test,ACTIVE
600005467,Benchmark Customer 05467,benchmark.customer05467@example.test,ACTIVE
600005468,Benchmark Customer 05468,benchmark.customer05468@example.test,ACTIVE
600005469,Benchmark Customer 05469,benchmark.customer05469@example.test,ACTIVE
600005470,Benchmark Customer 05470,benchmark.customer05470@example.test,ACTIVE
600005471,Benchmark Customer 05471,benchmark.customer05471@example.test,ACTIVE
600005472,Benchmark Customer 05472,benchmark.customer05472@example.test,ACTIVE
600005473,Benchmark Customer 05473,benchmark.customer05473@example.test,ACTIVE
600005474,Benchmark Customer 05474,benchmark.customer05474@example.test,ACTIVE
600005475,Benchmark Customer 05475,benchmark.customer05475@example.test,ACTIVE
600005476,Benchmark Customer 05476,benchmark.customer05476@example.test,ACTIVE
600005477,Benchmark Customer 05477,benchmark.customer05477@example.test,ACTIVE
600005478,Benchmark Customer 05478,benchmark.customer05478@example.test,ACTIVE
600005479,Benchmark Customer 05479,benchmark.customer05479@example.test,ACTIVE
600005480,Benchmark Customer 05480,benchmark.customer05480@example.test,ACTIVE
600005481,Benchmark Customer 05481,benchmark.customer05481@example.test,ACTIVE
600005482,Benchmark Customer 05482,benchmark.customer05482@example.test,ACTIVE
600005483,Benchmark Customer 05483,benchmark.customer05483@example.test,ACTIVE
600005484,Benchmark Customer 05484,benchmark.customer05484@example.test,ACTIVE
600005485,Benchmark Customer 05485,benchmark.customer05485@example.test,ACTIVE
600005486,Benchmark Customer 05486,benchmark.customer05486@example.test,ACTIVE
600005487,Benchmark Customer 05487,benchmark.customer05487@example.test,ACTIVE
600005488,Benchmark Customer 05488,benchmark.customer05488@example.test,ACTIVE
600005489,Benchmark Customer 05489,benchmark.customer05489@example.test,ACTIVE
600005490,Benchmark Customer 05490,benchmark.customer05490@example.test,ACTIVE
600005491,Benchmark Customer 05491,benchmark.customer05491@example.test,ACTIVE
600005492,Benchmark Customer 05492,benchmark.customer05492@example.test,ACTIVE
600005493,Benchmark Customer 05493,benchmark.customer05493@example.test,ACTIVE
600005494,Benchmark Customer 05494,benchmark.customer05494@example.test,ACTIVE
600005495,Benchmark Customer 05495,benchmark.customer05495@example.test,ACTIVE
600005496,Benchmark Customer 05496,benchmark.customer05496@example.test,ACTIVE
600005497,Benchmark Customer 05497,benchmark.customer05497@example.test,ACTIVE
600005498,Benchmark Customer 05498,benchmark.customer05498@example.test,ACTIVE
600005499,Benchmark Customer 05499,benchmark.customer05499@example.test,ACTIVE
600005500,Benchmark Customer 05500,benchmark.customer05500@example.test,ACTIVE
600005501,Benchmark Customer 05501,benchmark.customer05501@example.test,ACTIVE
600005502,Benchmark Customer 05502,benchmark.customer05502@example.test,ACTIVE
600005503,Benchmark Customer 05503,benchmark.customer05503@example.test,ACTIVE
600005504,Benchmark Customer 05504,benchmark.customer05504@example.test,ACTIVE
600005505,Benchmark Customer 05505,benchmark.customer05505@example.test,ACTIVE
600005506,Benchmark Customer 05506,benchmark.customer05506@example.test,ACTIVE
600005507,Benchmark Customer 05507,benchmark.customer05507@example.test,ACTIVE
600005508,Benchmark Customer 05508,benchmark.customer05508@example.test,ACTIVE
600005509,Benchmark Customer 05509,benchmark.customer05509@example.test,ACTIVE
600005510,Benchmark Customer 05510,benchmark.customer05510@example.test,ACTIVE
600005511,Benchmark Customer 05511,benchmark.customer05511@example.test,ACTIVE
600005512,Benchmark Customer 05512,benchmark.customer05512@example.test,ACTIVE
600005513,Benchmark Customer 05513,benchmark.customer05513@example.test,ACTIVE
600005514,Benchmark Customer 05514,benchmark.customer05514@example.test,ACTIVE
600005515,Benchmark Customer 05515,benchmark.customer05515@example.test,ACTIVE
600005516,Benchmark Customer 05516,benchmark.customer05516@example.test,ACTIVE
600005517,Benchmark Customer 05517,benchmark.customer05517@example.test,ACTIVE
600005518,Benchmark Customer 05518,benchmark.customer05518@example.test,ACTIVE
600005519,Benchmark Customer 05519,benchmark.customer05519@example.test,ACTIVE
600005520,Benchmark Customer 05520,benchmark.customer05520@example.test,ACTIVE
600005521,Benchmark Customer 05521,benchmark.customer05521@example.test,ACTIVE
600005522,Benchmark Customer 05522,benchmark.customer05522@example.test,ACTIVE
600005523,Benchmark Customer 05523,benchmark.customer05523@example.test,ACTIVE
600005524,Benchmark Customer 05524,benchmark.customer05524@example.test,ACTIVE
600005525,Benchmark Customer 05525,benchmark.customer05525@example.test,ACTIVE
600005526,Benchmark Customer 05526,benchmark.customer05526@example.test,ACTIVE
600005527,Benchmark Customer 05527,benchmark.customer05527@example.test,ACTIVE
600005528,Benchmark Customer 05528,benchmark.customer05528@example.test,ACTIVE
600005529,Benchmark Customer 05529,benchmark.customer05529@example.test,ACTIVE
600005530,Benchmark Customer 05530,benchmark.customer05530@example.test,ACTIVE
600005531,Benchmark Customer 05531,benchmark.customer05531@example.test,ACTIVE
600005532,Benchmark Customer 05532,benchmark.customer05532@example.test,ACTIVE
600005533,Benchmark Customer 05533,benchmark.customer05533@example.test,ACTIVE
600005534,Benchmark Customer 05534,benchmark.customer05534@example.test,ACTIVE
600005535,Benchmark Customer 05535,benchmark.customer05535@example.test,ACTIVE
600005536,Benchmark Customer 05536,benchmark.customer05536@example.test,ACTIVE
600005537,Benchmark Customer 05537,benchmark.customer05537@example.test,ACTIVE
600005538,Benchmark Customer 05538,benchmark.customer05538@example.test,ACTIVE
600005539,Benchmark Customer 05539,benchmark.customer05539@example.test,ACTIVE
600005540,Benchmark Customer 05540,benchmark.customer05540@example.test,ACTIVE
600005541,Benchmark Customer 05541,benchmark.customer05541@example.test,ACTIVE
600005542,Benchmark Customer 05542,benchmark.customer05542@example.test,ACTIVE
600005543,Benchmark Customer 05543,benchmark.customer05543@example.test,ACTIVE
600005544,Benchmark Customer 05544,benchmark.customer05544@example.test,ACTIVE
600005545,Benchmark Customer 05545,benchmark.customer05545@example.test,ACTIVE
600005546,Benchmark Customer 05546,benchmark.customer05546@example.test,ACTIVE
600005547,Benchmark Customer 05547,benchmark.customer05547@example.test,ACTIVE
600005548,Benchmark Customer 05548,benchmark.customer05548@example.test,ACTIVE
600005549,Benchmark Customer 05549,benchmark.customer05549@example.test,ACTIVE
600005550,Benchmark Customer 05550,benchmark.customer05550@example.test,ACTIVE
600005551,Benchmark Customer 05551,benchmark.customer05551@example.test,ACTIVE
600005552,Benchmark Customer 05552,benchmark.customer05552@example.test,ACTIVE
600005553,Benchmark Customer 05553,benchmark.customer05553@example.test,ACTIVE
600005554,Benchmark Customer 05554,benchmark.customer05554@example.test,ACTIVE
600005555,Benchmark Customer 05555,benchmark.customer05555@example.test,ACTIVE
600005556,Benchmark Customer 05556,benchmark.customer05556@example.test,ACTIVE
600005557,Benchmark Customer 05557,benchmark.customer05557@example.test,ACTIVE
600005558,Benchmark Customer 05558,benchmark.customer05558@example.test,ACTIVE
600005559,Benchmark Customer 05559,benchmark.customer05559@example.test,ACTIVE
600005560,Benchmark Customer 05560,benchmark.customer05560@example.test,ACTIVE
600005561,Benchmark Customer 05561,benchmark.customer05561@example.test,ACTIVE
600005562,Benchmark Customer 05562,benchmark.customer05562@example.test,ACTIVE
600005563,Benchmark Customer 05563,benchmark.customer05563@example.test,ACTIVE
600005564,Benchmark Customer 05564,benchmark.customer05564@example.test,ACTIVE
600005565,Benchmark Customer 05565,benchmark.customer05565@example.test,ACTIVE
600005566,Benchmark Customer 05566,benchmark.customer05566@example.test,ACTIVE
600005567,Benchmark Customer 05567,benchmark.customer05567@example.test,ACTIVE
600005568,Benchmark Customer 05568,benchmark.customer05568@example.test,ACTIVE
600005569,Benchmark Customer 05569,benchmark.customer05569@example.test,ACTIVE
600005570,Benchmark Customer 05570,benchmark.customer05570@example.test,ACTIVE
600005571,Benchmark Customer 05571,benchmark.customer05571@example.test,ACTIVE
600005572,Benchmark Customer 05572,benchmark.customer05572@example.test,ACTIVE
600005573,Benchmark Customer 05573,benchmark.customer05573@example.test,ACTIVE
600005574,Benchmark Customer 05574,benchmark.customer05574@example.test,ACTIVE
600005575,Benchmark Customer 05575,benchmark.customer05575@example.test,ACTIVE
600005576,Benchmark Customer 05576,benchmark.customer05576@example.test,ACTIVE
600005577,Benchmark Customer 05577,benchmark.customer05577@example.test,ACTIVE
600005578,Benchmark Customer 05578,benchmark.customer05578@example.test,ACTIVE
600005579,Benchmark Customer 05579,benchmark.customer05579@example.test,ACTIVE
600005580,Benchmark Customer 05580,benchmark.customer05580@example.test,ACTIVE
600005581,Benchmark Customer 05581,benchmark.customer05581@example.test,ACTIVE
600005582,Benchmark Customer 05582,benchmark.customer05582@example.test,ACTIVE
600005583,Benchmark Customer 05583,benchmark.customer05583@example.test,ACTIVE
600005584,Benchmark Customer 05584,benchmark.customer05584@example.test,ACTIVE
600005585,Benchmark Customer 05585,benchmark.customer05585@example.test,ACTIVE
600005586,Benchmark Customer 05586,benchmark.customer05586@example.test,ACTIVE
600005587,Benchmark Customer 05587,benchmark.customer05587@example.test,ACTIVE
600005588,Benchmark Customer 05588,benchmark.customer05588@example.test,ACTIVE
600005589,Benchmark Customer 05589,benchmark.customer05589@example.test,ACTIVE
600005590,Benchmark Customer 05590,benchmark.customer05590@example.test,ACTIVE
600005591,Benchmark Customer 05591,benchmark.customer05591@example.test,ACTIVE
600005592,Benchmark Customer 05592,benchmark.customer05592@example.test,ACTIVE
600005593,Benchmark Customer 05593,benchmark.customer05593@example.test,ACTIVE
600005594,Benchmark Customer 05594,benchmark.customer05594@example.test,ACTIVE
600005595,Benchmark Customer 05595,benchmark.customer05595@example.test,ACTIVE
600005596,Benchmark Customer 05596,benchmark.customer05596@example.test,ACTIVE
600005597,Benchmark Customer 05597,benchmark.customer05597@example.test,ACTIVE
600005598,Benchmark Customer 05598,benchmark.customer05598@example.test,ACTIVE
600005599,Benchmark Customer 05599,benchmark.customer05599@example.test,ACTIVE
600005600,Benchmark Customer 05600,benchmark.customer05600@example.test,ACTIVE
600005601,Benchmark Customer 05601,benchmark.customer05601@example.test,ACTIVE
600005602,Benchmark Customer 05602,benchmark.customer05602@example.test,ACTIVE
600005603,Benchmark Customer 05603,benchmark.customer05603@example.test,ACTIVE
600005604,Benchmark Customer 05604,benchmark.customer05604@example.test,ACTIVE
600005605,Benchmark Customer 05605,benchmark.customer05605@example.test,ACTIVE
600005606,Benchmark Customer 05606,benchmark.customer05606@example.test,ACTIVE
600005607,Benchmark Customer 05607,benchmark.customer05607@example.test,ACTIVE
600005608,Benchmark Customer 05608,benchmark.customer05608@example.test,ACTIVE
600005609,Benchmark Customer 05609,benchmark.customer05609@example.test,ACTIVE
600005610,Benchmark Customer 05610,benchmark.customer05610@example.test,ACTIVE
600005611,Benchmark Customer 05611,benchmark.customer05611@example.test,ACTIVE
600005612,Benchmark Customer 05612,benchmark.customer05612@example.test,ACTIVE
600005613,Benchmark Customer 05613,benchmark.customer05613@example.test,ACTIVE
600005614,Benchmark Customer 05614,benchmark.customer05614@example.test,ACTIVE
600005615,Benchmark Customer 05615,benchmark.customer05615@example.test,ACTIVE
600005616,Benchmark Customer 05616,benchmark.customer05616@example.test,ACTIVE
600005617,Benchmark Customer 05617,benchmark.customer05617@example.test,ACTIVE
600005618,Benchmark Customer 05618,benchmark.customer05618@example.test,ACTIVE
600005619,Benchmark Customer 05619,benchmark.customer05619@example.test,ACTIVE
600005620,Benchmark Customer 05620,benchmark.customer05620@example.test,ACTIVE
600005621,Benchmark Customer 05621,benchmark.customer05621@example.test,ACTIVE
600005622,Benchmark Customer 05622,benchmark.customer05622@example.test,ACTIVE
600005623,Benchmark Customer 05623,benchmark.customer05623@example.test,ACTIVE
600005624,Benchmark Customer 05624,benchmark.customer05624@example.test,ACTIVE
600005625,Benchmark Customer 05625,benchmark.customer05625@example.test,ACTIVE
600005626,Benchmark Customer 05626,benchmark.customer05626@example.test,ACTIVE
600005627,Benchmark Customer 05627,benchmark.customer05627@example.test,ACTIVE
600005628,Benchmark Customer 05628,benchmark.customer05628@example.test,ACTIVE
600005629,Benchmark Customer 05629,benchmark.customer05629@example.test,ACTIVE
600005630,Benchmark Customer 05630,benchmark.customer05630@example.test,ACTIVE
600005631,Benchmark Customer 05631,benchmark.customer05631@example.test,ACTIVE
600005632,Benchmark Customer 05632,benchmark.customer05632@example.test,ACTIVE
600005633,Benchmark Customer 05633,benchmark.customer05633@example.test,ACTIVE
600005634,Benchmark Customer 05634,benchmark.customer05634@example.test,ACTIVE
600005635,Benchmark Customer 05635,benchmark.customer05635@example.test,ACTIVE
600005636,Benchmark Customer 05636,benchmark.customer05636@example.test,ACTIVE
600005637,Benchmark Customer 05637,benchmark.customer05637@example.test,ACTIVE
600005638,Benchmark Customer 05638,benchmark.customer05638@example.test,ACTIVE
600005639,Benchmark Customer 05639,benchmark.customer05639@example.test,ACTIVE
600005640,Benchmark Customer 05640,benchmark.customer05640@example.test,ACTIVE
600005641,Benchmark Customer 05641,benchmark.customer05641@example.test,ACTIVE
600005642,Benchmark Customer 05642,benchmark.customer05642@example.test,ACTIVE
600005643,Benchmark Customer 05643,benchmark.customer05643@example.test,ACTIVE
600005644,Benchmark Customer 05644,benchmark.customer05644@example.test,ACTIVE
600005645,Benchmark Customer 05645,benchmark.customer05645@example.test,ACTIVE
600005646,Benchmark Customer 05646,benchmark.customer05646@example.test,ACTIVE
600005647,Benchmark Customer 05647,benchmark.customer05647@example.test,ACTIVE
600005648,Benchmark Customer 05648,benchmark.customer05648@example.test,ACTIVE
600005649,Benchmark Customer 05649,benchmark.customer05649@example.test,ACTIVE
600005650,Benchmark Customer 05650,benchmark.customer05650@example.test,ACTIVE
600005651,Benchmark Customer 05651,benchmark.customer05651@example.test,ACTIVE
600005652,Benchmark Customer 05652,benchmark.customer05652@example.test,ACTIVE
600005653,Benchmark Customer 05653,benchmark.customer05653@example.test,ACTIVE
600005654,Benchmark Customer 05654,benchmark.customer05654@example.test,ACTIVE
600005655,Benchmark Customer 05655,benchmark.customer05655@example.test,ACTIVE
600005656,Benchmark Customer 05656,benchmark.customer05656@example.test,ACTIVE
600005657,Benchmark Customer 05657,benchmark.customer05657@example.test,ACTIVE
600005658,Benchmark Customer 05658,benchmark.customer05658@example.test,ACTIVE
600005659,Benchmark Customer 05659,benchmark.customer05659@example.test,ACTIVE
600005660,Benchmark Customer 05660,benchmark.customer05660@example.test,ACTIVE
600005661,Benchmark Customer 05661,benchmark.customer05661@example.test,ACTIVE
600005662,Benchmark Customer 05662,benchmark.customer05662@example.test,ACTIVE
600005663,Benchmark Customer 05663,benchmark.customer05663@example.test,ACTIVE
600005664,Benchmark Customer 05664,benchmark.customer05664@example.test,ACTIVE
600005665,Benchmark Customer 05665,benchmark.customer05665@example.test,ACTIVE
600005666,Benchmark Customer 05666,benchmark.customer05666@example.test,ACTIVE
600005667,Benchmark Customer 05667,benchmark.customer05667@example.test,ACTIVE
600005668,Benchmark Customer 05668,benchmark.customer05668@example.test,ACTIVE
600005669,Benchmark Customer 05669,benchmark.customer05669@example.test,ACTIVE
600005670,Benchmark Customer 05670,benchmark.customer05670@example.test,ACTIVE
600005671,Benchmark Customer 05671,benchmark.customer05671@example.test,ACTIVE
600005672,Benchmark Customer 05672,benchmark.customer05672@example.test,ACTIVE
600005673,Benchmark Customer 05673,benchmark.customer05673@example.test,ACTIVE
600005674,Benchmark Customer 05674,benchmark.customer05674@example.test,ACTIVE
600005675,Benchmark Customer 05675,benchmark.customer05675@example.test,ACTIVE
600005676,Benchmark Customer 05676,benchmark.customer05676@example.test,ACTIVE
600005677,Benchmark Customer 05677,benchmark.customer05677@example.test,ACTIVE
600005678,Benchmark Customer 05678,benchmark.customer05678@example.test,ACTIVE
600005679,Benchmark Customer 05679,benchmark.customer05679@example.test,ACTIVE
600005680,Benchmark Customer 05680,benchmark.customer05680@example.test,ACTIVE
600005681,Benchmark Customer 05681,benchmark.customer05681@example.test,ACTIVE
600005682,Benchmark Customer 05682,benchmark.customer05682@example.test,ACTIVE
600005683,Benchmark Customer 05683,benchmark.customer05683@example.test,ACTIVE
600005684,Benchmark Customer 05684,benchmark.customer05684@example.test,ACTIVE
600005685,Benchmark Customer 05685,benchmark.customer05685@example.test,ACTIVE
600005686,Benchmark Customer 05686,benchmark.customer05686@example.test,ACTIVE
600005687,Benchmark Customer 05687,benchmark.customer05687@example.test,ACTIVE
600005688,Benchmark Customer 05688,benchmark.customer05688@example.test,ACTIVE
600005689,Benchmark Customer 05689,benchmark.customer05689@example.test,ACTIVE
600005690,Benchmark Customer 05690,benchmark.customer05690@example.test,ACTIVE
600005691,Benchmark Customer 05691,benchmark.customer05691@example.test,ACTIVE
600005692,Benchmark Customer 05692,benchmark.customer05692@example.test,ACTIVE
600005693,Benchmark Customer 05693,benchmark.customer05693@example.test,ACTIVE
600005694,Benchmark Customer 05694,benchmark.customer05694@example.test,ACTIVE
600005695,Benchmark Customer 05695,benchmark.customer05695@example.test,ACTIVE
600005696,Benchmark Customer 05696,benchmark.customer05696@example.test,ACTIVE
600005697,Benchmark Customer 05697,benchmark.customer05697@example.test,ACTIVE
600005698,Benchmark Customer 05698,benchmark.customer05698@example.test,ACTIVE
600005699,Benchmark Customer 05699,benchmark.customer05699@example.test,ACTIVE
600005700,Benchmark Customer 05700,benchmark.customer05700@example.test,ACTIVE
600005701,Benchmark Customer 05701,benchmark.customer05701@example.test,ACTIVE
600005702,Benchmark Customer 05702,benchmark.customer05702@example.test,ACTIVE
600005703,Benchmark Customer 05703,benchmark.customer05703@example.test,ACTIVE
600005704,Benchmark Customer 05704,benchmark.customer05704@example.test,ACTIVE
600005705,Benchmark Customer 05705,benchmark.customer05705@example.test,ACTIVE
600005706,Benchmark Customer 05706,benchmark.customer05706@example.test,ACTIVE
600005707,Benchmark Customer 05707,benchmark.customer05707@example.test,ACTIVE
600005708,Benchmark Customer 05708,benchmark.customer05708@example.test,ACTIVE
600005709,Benchmark Customer 05709,benchmark.customer05709@example.test,ACTIVE
600005710,Benchmark Customer 05710,benchmark.customer05710@example.test,ACTIVE
600005711,Benchmark Customer 05711,benchmark.customer05711@example.test,ACTIVE
600005712,Benchmark Customer 05712,benchmark.customer05712@example.test,ACTIVE
600005713,Benchmark Customer 05713,benchmark.customer05713@example.test,ACTIVE
600005714,Benchmark Customer 05714,benchmark.customer05714@example.test,ACTIVE
600005715,Benchmark Customer 05715,benchmark.customer05715@example.test,ACTIVE
600005716,Benchmark Customer 05716,benchmark.customer05716@example.test,ACTIVE
600005717,Benchmark Customer 05717,benchmark.customer05717@example.test,ACTIVE
600005718,Benchmark Customer 05718,benchmark.customer05718@example.test,ACTIVE
600005719,Benchmark Customer 05719,benchmark.customer05719@example.test,ACTIVE
600005720,Benchmark Customer 05720,benchmark.customer05720@example.test,ACTIVE
600005721,Benchmark Customer 05721,benchmark.customer05721@example.test,ACTIVE
600005722,Benchmark Customer 05722,benchmark.customer05722@example.test,ACTIVE
600005723,Benchmark Customer 05723,benchmark.customer05723@example.test,ACTIVE
600005724,Benchmark Customer 05724,benchmark.customer05724@example.test,ACTIVE
600005725,Benchmark Customer 05725,benchmark.customer05725@example.test,ACTIVE
600005726,Benchmark Customer 05726,benchmark.customer05726@example.test,ACTIVE
600005727,Benchmark Customer 05727,benchmark.customer05727@example.test,ACTIVE
600005728,Benchmark Customer 05728,benchmark.customer05728@example.test,ACTIVE
600005729,Benchmark Customer 05729,benchmark.customer05729@example.test,ACTIVE
600005730,Benchmark Customer 05730,benchmark.customer05730@example.test,ACTIVE
600005731,Benchmark Customer 05731,benchmark.customer05731@example.test,ACTIVE
600005732,Benchmark Customer 05732,benchmark.customer05732@example.test,ACTIVE
600005733,Benchmark Customer 05733,benchmark.customer05733@example.test,ACTIVE
600005734,Benchmark Customer 05734,benchmark.customer05734@example.test,ACTIVE
600005735,Benchmark Customer 05735,benchmark.customer05735@example.test,ACTIVE
600005736,Benchmark Customer 05736,benchmark.customer05736@example.test,ACTIVE
600005737,Benchmark Customer 05737,benchmark.customer05737@example.test,ACTIVE
600005738,Benchmark Customer 05738,benchmark.customer05738@example.test,ACTIVE
600005739,Benchmark Customer 05739,benchmark.customer05739@example.test,ACTIVE
600005740,Benchmark Customer 05740,benchmark.customer05740@example.test,ACTIVE
600005741,Benchmark Customer 05741,benchmark.customer05741@example.test,ACTIVE
600005742,Benchmark Customer 05742,benchmark.customer05742@example.test,ACTIVE
600005743,Benchmark Customer 05743,benchmark.customer05743@example.test,ACTIVE
600005744,Benchmark Customer 05744,benchmark.customer05744@example.test,ACTIVE
600005745,Benchmark Customer 05745,benchmark.customer05745@example.test,ACTIVE
600005746,Benchmark Customer 05746,benchmark.customer05746@example.test,ACTIVE
600005747,Benchmark Customer 05747,benchmark.customer05747@example.test,ACTIVE
600005748,Benchmark Customer 05748,benchmark.customer05748@example.test,ACTIVE
600005749,Benchmark Customer 05749,benchmark.customer05749@example.test,ACTIVE
600005750,Benchmark Customer 05750,benchmark.customer05750@example.test,ACTIVE
600005751,Benchmark Customer 05751,benchmark.customer05751@example.test,ACTIVE
600005752,Benchmark Customer 05752,benchmark.customer05752@example.test,ACTIVE
600005753,Benchmark Customer 05753,benchmark.customer05753@example.test,ACTIVE
600005754,Benchmark Customer 05754,benchmark.customer05754@example.test,ACTIVE
600005755,Benchmark Customer 05755,benchmark.customer05755@example.test,ACTIVE
600005756,Benchmark Customer 05756,benchmark.customer05756@example.test,ACTIVE
600005757,Benchmark Customer 05757,benchmark.customer05757@example.test,ACTIVE
600005758,Benchmark Customer 05758,benchmark.customer05758@example.test,ACTIVE
600005759,Benchmark Customer 05759,benchmark.customer05759@example.test,ACTIVE
600005760,Benchmark Customer 05760,benchmark.customer05760@example.test,ACTIVE
600005761,Benchmark Customer 05761,benchmark.customer05761@example.test,ACTIVE
600005762,Benchmark Customer 05762,benchmark.customer05762@example.test,ACTIVE
600005763,Benchmark Customer 05763,benchmark.customer05763@example.test,ACTIVE
600005764,Benchmark Customer 05764,benchmark.customer05764@example.test,ACTIVE
600005765,Benchmark Customer 05765,benchmark.customer05765@example.test,ACTIVE
600005766,Benchmark Customer 05766,benchmark.customer05766@example.test,ACTIVE
600005767,Benchmark Customer 05767,benchmark.customer05767@example.test,ACTIVE
600005768,Benchmark Customer 05768,benchmark.customer05768@example.test,ACTIVE
600005769,Benchmark Customer 05769,benchmark.customer05769@example.test,ACTIVE
600005770,Benchmark Customer 05770,benchmark.customer05770@example.test,ACTIVE
600005771,Benchmark Customer 05771,benchmark.customer05771@example.test,ACTIVE
600005772,Benchmark Customer 05772,benchmark.customer05772@example.test,ACTIVE
600005773,Benchmark Customer 05773,benchmark.customer05773@example.test,ACTIVE
600005774,Benchmark Customer 05774,benchmark.customer05774@example.test,ACTIVE
600005775,Benchmark Customer 05775,benchmark.customer05775@example.test,ACTIVE
600005776,Benchmark Customer 05776,benchmark.customer05776@example.test,ACTIVE
600005777,Benchmark Customer 05777,benchmark.customer05777@example.test,ACTIVE
600005778,Benchmark Customer 05778,benchmark.customer05778@example.test,ACTIVE
600005779,Benchmark Customer 05779,benchmark.customer05779@example.test,ACTIVE
600005780,Benchmark Customer 05780,benchmark.customer05780@example.test,ACTIVE
600005781,Benchmark Customer 05781,benchmark.customer05781@example.test,ACTIVE
600005782,Benchmark Customer 05782,benchmark.customer05782@example.test,ACTIVE
600005783,Benchmark Customer 05783,benchmark.customer05783@example.test,ACTIVE
600005784,Benchmark Customer 05784,benchmark.customer05784@example.test,ACTIVE
600005785,Benchmark Customer 05785,benchmark.customer05785@example.test,ACTIVE
600005786,Benchmark Customer 05786,benchmark.customer05786@example.test,ACTIVE
600005787,Benchmark Customer 05787,benchmark.customer05787@example.test,ACTIVE
600005788,Benchmark Customer 05788,benchmark.customer05788@example.test,ACTIVE
600005789,Benchmark Customer 05789,benchmark.customer05789@example.test,ACTIVE
600005790,Benchmark Customer 05790,benchmark.customer05790@example.test,ACTIVE
600005791,Benchmark Customer 05791,benchmark.customer05791@example.test,ACTIVE
600005792,Benchmark Customer 05792,benchmark.customer05792@example.test,ACTIVE
600005793,Benchmark Customer 05793,benchmark.customer05793@example.test,ACTIVE
600005794,Benchmark Customer 05794,benchmark.customer05794@example.test,ACTIVE
600005795,Benchmark Customer 05795,benchmark.customer05795@example.test,ACTIVE
600005796,Benchmark Customer 05796,benchmark.customer05796@example.test,ACTIVE
600005797,Benchmark Customer 05797,benchmark.customer05797@example.test,ACTIVE
600005798,Benchmark Customer 05798,benchmark.customer05798@example.test,ACTIVE
600005799,Benchmark Customer 05799,benchmark.customer05799@example.test,ACTIVE
600005800,Benchmark Customer 05800,benchmark.customer05800@example.test,ACTIVE
600005801,Benchmark Customer 05801,benchmark.customer05801@example.test,ACTIVE
600005802,Benchmark Customer 05802,benchmark.customer05802@example.test,ACTIVE
600005803,Benchmark Customer 05803,benchmark.customer05803@example.test,ACTIVE
600005804,Benchmark Customer 05804,benchmark.customer05804@example.test,ACTIVE
600005805,Benchmark Customer 05805,benchmark.customer05805@example.test,ACTIVE
600005806,Benchmark Customer 05806,benchmark.customer05806@example.test,ACTIVE
600005807,Benchmark Customer 05807,benchmark.customer05807@example.test,ACTIVE
600005808,Benchmark Customer 05808,benchmark.customer05808@example.test,ACTIVE
600005809,Benchmark Customer 05809,benchmark.customer05809@example.test,ACTIVE
600005810,Benchmark Customer 05810,benchmark.customer05810@example.test,ACTIVE
600005811,Benchmark Customer 05811,benchmark.customer05811@example.test,ACTIVE
600005812,Benchmark Customer 05812,benchmark.customer05812@example.test,ACTIVE
600005813,Benchmark Customer 05813,benchmark.customer05813@example.test,ACTIVE
600005814,Benchmark Customer 05814,benchmark.customer05814@example.test,ACTIVE
600005815,Benchmark Customer 05815,benchmark.customer05815@example.test,ACTIVE
600005816,Benchmark Customer 05816,benchmark.customer05816@example.test,ACTIVE
600005817,Benchmark Customer 05817,benchmark.customer05817@example.test,ACTIVE
600005818,Benchmark Customer 05818,benchmark.customer05818@example.test,ACTIVE
600005819,Benchmark Customer 05819,benchmark.customer05819@example.test,ACTIVE
600005820,Benchmark Customer 05820,benchmark.customer05820@example.test,ACTIVE
600005821,Benchmark Customer 05821,benchmark.customer05821@example.test,ACTIVE
600005822,Benchmark Customer 05822,benchmark.customer05822@example.test,ACTIVE
600005823,Benchmark Customer 05823,benchmark.customer05823@example.test,ACTIVE
600005824,Benchmark Customer 05824,benchmark.customer05824@example.test,ACTIVE
600005825,Benchmark Customer 05825,benchmark.customer05825@example.test,ACTIVE
600005826,Benchmark Customer 05826,benchmark.customer05826@example.test,ACTIVE
600005827,Benchmark Customer 05827,benchmark.customer05827@example.test,ACTIVE
600005828,Benchmark Customer 05828,benchmark.customer05828@example.test,ACTIVE
600005829,Benchmark Customer 05829,benchmark.customer05829@example.test,ACTIVE
600005830,Benchmark Customer 05830,benchmark.customer05830@example.test,ACTIVE
600005831,Benchmark Customer 05831,benchmark.customer05831@example.test,ACTIVE
600005832,Benchmark Customer 05832,benchmark.customer05832@example.test,ACTIVE
600005833,Benchmark Customer 05833,benchmark.customer05833@example.test,ACTIVE
600005834,Benchmark Customer 05834,benchmark.customer05834@example.test,ACTIVE
600005835,Benchmark Customer 05835,benchmark.customer05835@example.test,ACTIVE
600005836,Benchmark Customer 05836,benchmark.customer05836@example.test,ACTIVE
600005837,Benchmark Customer 05837,benchmark.customer05837@example.test,ACTIVE
600005838,Benchmark Customer 05838,benchmark.customer05838@example.test,ACTIVE
600005839,Benchmark Customer 05839,benchmark.customer05839@example.test,ACTIVE
600005840,Benchmark Customer 05840,benchmark.customer05840@example.test,ACTIVE
600005841,Benchmark Customer 05841,benchmark.customer05841@example.test,ACTIVE
600005842,Benchmark Customer 05842,benchmark.customer05842@example.test,ACTIVE
600005843,Benchmark Customer 05843,benchmark.customer05843@example.test,ACTIVE
600005844,Benchmark Customer 05844,benchmark.customer05844@example.test,ACTIVE
600005845,Benchmark Customer 05845,benchmark.customer05845@example.test,ACTIVE
600005846,Benchmark Customer 05846,benchmark.customer05846@example.test,ACTIVE
600005847,Benchmark Customer 05847,benchmark.customer05847@example.test,ACTIVE
600005848,Benchmark Customer 05848,benchmark.customer05848@example.test,ACTIVE
600005849,Benchmark Customer 05849,benchmark.customer05849@example.test,ACTIVE
600005850,Benchmark Customer 05850,benchmark.customer05850@example.test,ACTIVE
600005851,Benchmark Customer 05851,benchmark.customer05851@example.test,ACTIVE
600005852,Benchmark Customer 05852,benchmark.customer05852@example.test,ACTIVE
600005853,Benchmark Customer 05853,benchmark.customer05853@example.test,ACTIVE
600005854,Benchmark Customer 05854,benchmark.customer05854@example.test,ACTIVE
600005855,Benchmark Customer 05855,benchmark.customer05855@example.test,ACTIVE
600005856,Benchmark Customer 05856,benchmark.customer05856@example.test,ACTIVE
600005857,Benchmark Customer 05857,benchmark.customer05857@example.test,ACTIVE
600005858,Benchmark Customer 05858,benchmark.customer05858@example.test,ACTIVE
600005859,Benchmark Customer 05859,benchmark.customer05859@example.test,ACTIVE
600005860,Benchmark Customer 05860,benchmark.customer05860@example.test,ACTIVE
600005861,Benchmark Customer 05861,benchmark.customer05861@example.test,ACTIVE
600005862,Benchmark Customer 05862,benchmark.customer05862@example.test,ACTIVE
600005863,Benchmark Customer 05863,benchmark.customer05863@example.test,ACTIVE
600005864,Benchmark Customer 05864,benchmark.customer05864@example.test,ACTIVE
600005865,Benchmark Customer 05865,benchmark.customer05865@example.test,ACTIVE
600005866,Benchmark Customer 05866,benchmark.customer05866@example.test,ACTIVE
600005867,Benchmark Customer 05867,benchmark.customer05867@example.test,ACTIVE
600005868,Benchmark Customer 05868,benchmark.customer05868@example.test,ACTIVE
600005869,Benchmark Customer 05869,benchmark.customer05869@example.test,ACTIVE
600005870,Benchmark Customer 05870,benchmark.customer05870@example.test,ACTIVE
600005871,Benchmark Customer 05871,benchmark.customer05871@example.test,ACTIVE
600005872,Benchmark Customer 05872,benchmark.customer05872@example.test,ACTIVE
600005873,Benchmark Customer 05873,benchmark.customer05873@example.test,ACTIVE
600005874,Benchmark Customer 05874,benchmark.customer05874@example.test,ACTIVE
600005875,Benchmark Customer 05875,benchmark.customer05875@example.test,ACTIVE
600005876,Benchmark Customer 05876,benchmark.customer05876@example.test,ACTIVE
600005877,Benchmark Customer 05877,benchmark.customer05877@example.test,ACTIVE
600005878,Benchmark Customer 05878,benchmark.customer05878@example.test,ACTIVE
600005879,Benchmark Customer 05879,benchmark.customer05879@example.test,ACTIVE
600005880,Benchmark Customer 05880,benchmark.customer05880@example.test,ACTIVE
600005881,Benchmark Customer 05881,benchmark.customer05881@example.test,ACTIVE
600005882,Benchmark Customer 05882,benchmark.customer05882@example.test,ACTIVE
600005883,Benchmark Customer 05883,benchmark.customer05883@example.test,ACTIVE
600005884,Benchmark Customer 05884,benchmark.customer05884@example.test,ACTIVE
600005885,Benchmark Customer 05885,benchmark.customer05885@example.test,ACTIVE
600005886,Benchmark Customer 05886,benchmark.customer05886@example.test,ACTIVE
600005887,Benchmark Customer 05887,benchmark.customer05887@example.test,ACTIVE
600005888,Benchmark Customer 05888,benchmark.customer05888@example.test,ACTIVE
600005889,Benchmark Customer 05889,benchmark.customer05889@example.test,ACTIVE
600005890,Benchmark Customer 05890,benchmark.customer05890@example.test,ACTIVE
600005891,Benchmark Customer 05891,benchmark.customer05891@example.test,ACTIVE
600005892,Benchmark Customer 05892,benchmark.customer05892@example.test,ACTIVE
600005893,Benchmark Customer 05893,benchmark.customer05893@example.test,ACTIVE
600005894,Benchmark Customer 05894,benchmark.customer05894@example.test,ACTIVE
600005895,Benchmark Customer 05895,benchmark.customer05895@example.test,ACTIVE
600005896,Benchmark Customer 05896,benchmark.customer05896@example.test,ACTIVE
600005897,Benchmark Customer 05897,benchmark.customer05897@example.test,ACTIVE
600005898,Benchmark Customer 05898,benchmark.customer05898@example.test,ACTIVE
600005899,Benchmark Customer 05899,benchmark.customer05899@example.test,ACTIVE
600005900,Benchmark Customer 05900,benchmark.customer05900@example.test,ACTIVE
600005901,Benchmark Customer 05901,benchmark.customer05901@example.test,ACTIVE
600005902,Benchmark Customer 05902,benchmark.customer05902@example.test,ACTIVE
600005903,Benchmark Customer 05903,benchmark.customer05903@example.test,ACTIVE
600005904,Benchmark Customer 05904,benchmark.customer05904@example.test,ACTIVE
600005905,Benchmark Customer 05905,benchmark.customer05905@example.test,ACTIVE
600005906,Benchmark Customer 05906,benchmark.customer05906@example.test,ACTIVE
600005907,Benchmark Customer 05907,benchmark.customer05907@example.test,ACTIVE
600005908,Benchmark Customer 05908,benchmark.customer05908@example.test,ACTIVE
600005909,Benchmark Customer 05909,benchmark.customer05909@example.test,ACTIVE
600005910,Benchmark Customer 05910,benchmark.customer05910@example.test,ACTIVE
600005911,Benchmark Customer 05911,benchmark.customer05911@example.test,ACTIVE
600005912,Benchmark Customer 05912,benchmark.customer05912@example.test,ACTIVE
600005913,Benchmark Customer 05913,benchmark.customer05913@example.test,ACTIVE
600005914,Benchmark Customer 05914,benchmark.customer05914@example.test,ACTIVE
600005915,Benchmark Customer 05915,benchmark.customer05915@example.test,ACTIVE
600005916,Benchmark Customer 05916,benchmark.customer05916@example.test,ACTIVE
600005917,Benchmark Customer 05917,benchmark.customer05917@example.test,ACTIVE
600005918,Benchmark Customer 05918,benchmark.customer05918@example.test,ACTIVE
600005919,Benchmark Customer 05919,benchmark.customer05919@example.test,ACTIVE
600005920,Benchmark Customer 05920,benchmark.customer05920@example.test,ACTIVE
600005921,Benchmark Customer 05921,benchmark.customer05921@example.test,ACTIVE
600005922,Benchmark Customer 05922,benchmark.customer05922@example.test,ACTIVE
600005923,Benchmark Customer 05923,benchmark.customer05923@example.test,ACTIVE
600005924,Benchmark Customer 05924,benchmark.customer05924@example.test,ACTIVE
600005925,Benchmark Customer 05925,benchmark.customer05925@example.test,ACTIVE
600005926,Benchmark Customer 05926,benchmark.customer05926@example.test,ACTIVE
600005927,Benchmark Customer 05927,benchmark.customer05927@example.test,ACTIVE
600005928,Benchmark Customer 05928,benchmark.customer05928@example.test,ACTIVE
600005929,Benchmark Customer 05929,benchmark.customer05929@example.test,ACTIVE
600005930,Benchmark Customer 05930,benchmark.customer05930@example.test,ACTIVE
600005931,Benchmark Customer 05931,benchmark.customer05931@example.test,ACTIVE
600005932,Benchmark Customer 05932,benchmark.customer05932@example.test,ACTIVE
600005933,Benchmark Customer 05933,benchmark.customer05933@example.test,ACTIVE
600005934,Benchmark Customer 05934,benchmark.customer05934@example.test,ACTIVE
600005935,Benchmark Customer 05935,benchmark.customer05935@example.test,ACTIVE
600005936,Benchmark Customer 05936,benchmark.customer05936@example.test,ACTIVE
600005937,Benchmark Customer 05937,benchmark.customer05937@example.test,ACTIVE
600005938,Benchmark Customer 05938,benchmark.customer05938@example.test,ACTIVE
600005939,Benchmark Customer 05939,benchmark.customer05939@example.test,ACTIVE
600005940,Benchmark Customer 05940,benchmark.customer05940@example.test,ACTIVE
600005941,Benchmark Customer 05941,benchmark.customer05941@example.test,ACTIVE
600005942,Benchmark Customer 05942,benchmark.customer05942@example.test,ACTIVE
600005943,Benchmark Customer 05943,benchmark.customer05943@example.test,ACTIVE
600005944,Benchmark Customer 05944,benchmark.customer05944@example.test,ACTIVE
600005945,Benchmark Customer 05945,benchmark.customer05945@example.test,ACTIVE
600005946,Benchmark Customer 05946,benchmark.customer05946@example.test,ACTIVE
600005947,Benchmark Customer 05947,benchmark.customer05947@example.test,ACTIVE
600005948,Benchmark Customer 05948,benchmark.customer05948@example.test,ACTIVE
600005949,Benchmark Customer 05949,benchmark.customer05949@example.test,ACTIVE
600005950,Benchmark Customer 05950,benchmark.customer05950@example.test,ACTIVE
600005951,Benchmark Customer 05951,benchmark.customer05951@example.test,ACTIVE
600005952,Benchmark Customer 05952,benchmark.customer05952@example.test,ACTIVE
600005953,Benchmark Customer 05953,benchmark.customer05953@example.test,ACTIVE
600005954,Benchmark Customer 05954,benchmark.customer05954@example.test,ACTIVE
600005955,Benchmark Customer 05955,benchmark.customer05955@example.test,ACTIVE
600005956,Benchmark Customer 05956,benchmark.customer05956@example.test,ACTIVE
600005957,Benchmark Customer 05957,benchmark.customer05957@example.test,ACTIVE
600005958,Benchmark Customer 05958,benchmark.customer05958@example.test,ACTIVE
600005959,Benchmark Customer 05959,benchmark.customer05959@example.test,ACTIVE
600005960,Benchmark Customer 05960,benchmark.customer05960@example.test,ACTIVE
600005961,Benchmark Customer 05961,benchmark.customer05961@example.test,ACTIVE
600005962,Benchmark Customer 05962,benchmark.customer05962@example.test,ACTIVE
600005963,Benchmark Customer 05963,benchmark.customer05963@example.test,ACTIVE
600005964,Benchmark Customer 05964,benchmark.customer05964@example.test,ACTIVE
600005965,Benchmark Customer 05965,benchmark.customer05965@example.test,ACTIVE
600005966,Benchmark Customer 05966,benchmark.customer05966@example.test,ACTIVE
600005967,Benchmark Customer 05967,benchmark.customer05967@example.test,ACTIVE
600005968,Benchmark Customer 05968,benchmark.customer05968@example.test,ACTIVE
600005969,Benchmark Customer 05969,benchmark.customer05969@example.test,ACTIVE
600005970,Benchmark Customer 05970,benchmark.customer05970@example.test,ACTIVE
600005971,Benchmark Customer 05971,benchmark.customer05971@example.test,ACTIVE
600005972,Benchmark Customer 05972,benchmark.customer05972@example.test,ACTIVE
600005973,Benchmark Customer 05973,benchmark.customer05973@example.test,ACTIVE
600005974,Benchmark Customer 05974,benchmark.customer05974@example.test,ACTIVE
600005975,Benchmark Customer 05975,benchmark.customer05975@example.test,ACTIVE
600005976,Benchmark Customer 05976,benchmark.customer05976@example.test,ACTIVE
600005977,Benchmark Customer 05977,benchmark.customer05977@example.test,ACTIVE
600005978,Benchmark Customer 05978,benchmark.customer05978@example.test,ACTIVE
600005979,Benchmark Customer 05979,benchmark.customer05979@example.test,ACTIVE
600005980,Benchmark Customer 05980,benchmark.customer05980@example.test,ACTIVE
600005981,Benchmark Customer 05981,benchmark.customer05981@example.test,ACTIVE
600005982,Benchmark Customer 05982,benchmark.customer05982@example.test,ACTIVE
600005983,Benchmark Customer 05983,benchmark.customer05983@example.test,ACTIVE
600005984,Benchmark Customer 05984,benchmark.customer05984@example.test,ACTIVE
600005985,Benchmark Customer 05985,benchmark.customer05985@example.test,ACTIVE
600005986,Benchmark Customer 05986,benchmark.customer05986@example.test,ACTIVE
600005987,Benchmark Customer 05987,benchmark.customer05987@example.test,ACTIVE
600005988,Benchmark Customer 05988,benchmark.customer05988@example.test,ACTIVE
600005989,Benchmark Customer 05989,benchmark.customer05989@example.test,ACTIVE
600005990,Benchmark Customer 05990,benchmark.customer05990@example.test,ACTIVE
600005991,Benchmark Customer 05991,benchmark.customer05991@example.test,ACTIVE
600005992,Benchmark Customer 05992,benchmark.customer05992@example.test,ACTIVE
600005993,Benchmark Customer 05993,benchmark.customer05993@example.test,ACTIVE
600005994,Benchmark Customer 05994,benchmark.customer05994@example.test,ACTIVE
600005995,Benchmark Customer 05995,benchmark.customer05995@example.test,ACTIVE
600005996,Benchmark Customer 05996,benchmark.customer05996@example.test,ACTIVE
600005997,Benchmark Customer 05997,benchmark.customer05997@example.test,ACTIVE
600005998,Benchmark Customer 05998,benchmark.customer05998@example.test,ACTIVE
600005999,Benchmark Customer 05999,benchmark.customer05999@example.test,ACTIVE
600006000,Benchmark Customer 06000,benchmark.customer06000@example.test,ACTIVE
600006001,Benchmark Customer 06001,benchmark.customer06001@example.test,ACTIVE
600006002,Benchmark Customer 06002,benchmark.customer06002@example.test,ACTIVE
600006003,Benchmark Customer 06003,benchmark.customer06003@example.test,ACTIVE
600006004,Benchmark Customer 06004,benchmark.customer06004@example.test,ACTIVE
600006005,Benchmark Customer 06005,benchmark.customer06005@example.test,ACTIVE
600006006,Benchmark Customer 06006,benchmark.customer06006@example.test,ACTIVE
600006007,Benchmark Customer 06007,benchmark.customer06007@example.test,ACTIVE
600006008,Benchmark Customer 06008,benchmark.customer06008@example.test,ACTIVE
600006009,Benchmark Customer 06009,benchmark.customer06009@example.test,ACTIVE
600006010,Benchmark Customer 06010,benchmark.customer06010@example.test,ACTIVE
600006011,Benchmark Customer 06011,benchmark.customer06011@example.test,ACTIVE
600006012,Benchmark Customer 06012,benchmark.customer06012@example.test,ACTIVE
600006013,Benchmark Customer 06013,benchmark.customer06013@example.test,ACTIVE
600006014,Benchmark Customer 06014,benchmark.customer06014@example.test,ACTIVE
600006015,Benchmark Customer 06015,benchmark.customer06015@example.test,ACTIVE
600006016,Benchmark Customer 06016,benchmark.customer06016@example.test,ACTIVE
600006017,Benchmark Customer 06017,benchmark.customer06017@example.test,ACTIVE
600006018,Benchmark Customer 06018,benchmark.customer06018@example.test,ACTIVE
600006019,Benchmark Customer 06019,benchmark.customer06019@example.test,ACTIVE
600006020,Benchmark Customer 06020,benchmark.customer06020@example.test,ACTIVE
600006021,Benchmark Customer 06021,benchmark.customer06021@example.test,ACTIVE
600006022,Benchmark Customer 06022,benchmark.customer06022@example.test,ACTIVE
600006023,Benchmark Customer 06023,benchmark.customer06023@example.test,ACTIVE
600006024,Benchmark Customer 06024,benchmark.customer06024@example.test,ACTIVE
600006025,Benchmark Customer 06025,benchmark.customer06025@example.test,ACTIVE
600006026,Benchmark Customer 06026,benchmark.customer06026@example.test,ACTIVE
600006027,Benchmark Customer 06027,benchmark.customer06027@example.test,ACTIVE
600006028,Benchmark Customer 06028,benchmark.customer06028@example.test,ACTIVE
600006029,Benchmark Customer 06029,benchmark.customer06029@example.test,ACTIVE
600006030,Benchmark Customer 06030,benchmark.customer06030@example.test,ACTIVE
600006031,Benchmark Customer 06031,benchmark.customer06031@example.test,ACTIVE
600006032,Benchmark Customer 06032,benchmark.customer06032@example.test,ACTIVE
600006033,Benchmark Customer 06033,benchmark.customer06033@example.test,ACTIVE
600006034,Benchmark Customer 06034,benchmark.customer06034@example.test,ACTIVE
600006035,Benchmark Customer 06035,benchmark.customer06035@example.test,ACTIVE
600006036,Benchmark Customer 06036,benchmark.customer06036@example.test,ACTIVE
600006037,Benchmark Customer 06037,benchmark.customer06037@example.test,ACTIVE
600006038,Benchmark Customer 06038,benchmark.customer06038@example.test,ACTIVE
600006039,Benchmark Customer 06039,benchmark.customer06039@example.test,ACTIVE
600006040,Benchmark Customer 06040,benchmark.customer06040@example.test,ACTIVE
600006041,Benchmark Customer 06041,benchmark.customer06041@example.test,ACTIVE
600006042,Benchmark Customer 06042,benchmark.customer06042@example.test,ACTIVE
600006043,Benchmark Customer 06043,benchmark.customer06043@example.test,ACTIVE
600006044,Benchmark Customer 06044,benchmark.customer06044@example.test,ACTIVE
600006045,Benchmark Customer 06045,benchmark.customer06045@example.test,ACTIVE
600006046,Benchmark Customer 06046,benchmark.customer06046@example.test,ACTIVE
600006047,Benchmark Customer 06047,benchmark.customer06047@example.test,ACTIVE
600006048,Benchmark Customer 06048,benchmark.customer06048@example.test,ACTIVE
600006049,Benchmark Customer 06049,benchmark.customer06049@example.test,ACTIVE
600006050,Benchmark Customer 06050,benchmark.customer06050@example.test,ACTIVE
600006051,Benchmark Customer 06051,benchmark.customer06051@example.test,ACTIVE
600006052,Benchmark Customer 06052,benchmark.customer06052@example.test,ACTIVE
600006053,Benchmark Customer 06053,benchmark.customer06053@example.test,ACTIVE
600006054,Benchmark Customer 06054,benchmark.customer06054@example.test,ACTIVE
600006055,Benchmark Customer 06055,benchmark.customer06055@example.test,ACTIVE
600006056,Benchmark Customer 06056,benchmark.customer06056@example.test,ACTIVE
600006057,Benchmark Customer 06057,benchmark.customer06057@example.test,ACTIVE
600006058,Benchmark Customer 06058,benchmark.customer06058@example.test,ACTIVE
600006059,Benchmark Customer 06059,benchmark.customer06059@example.test,ACTIVE
600006060,Benchmark Customer 06060,benchmark.customer06060@example.test,ACTIVE
600006061,Benchmark Customer 06061,benchmark.customer06061@example.test,ACTIVE
600006062,Benchmark Customer 06062,benchmark.customer06062@example.test,ACTIVE
600006063,Benchmark Customer 06063,benchmark.customer06063@example.test,ACTIVE
600006064,Benchmark Customer 06064,benchmark.customer06064@example.test,ACTIVE
600006065,Benchmark Customer 06065,benchmark.customer06065@example.test,ACTIVE
600006066,Benchmark Customer 06066,benchmark.customer06066@example.test,ACTIVE
600006067,Benchmark Customer 06067,benchmark.customer06067@example.test,ACTIVE
600006068,Benchmark Customer 06068,benchmark.customer06068@example.test,ACTIVE
600006069,Benchmark Customer 06069,benchmark.customer06069@example.test,ACTIVE
600006070,Benchmark Customer 06070,benchmark.customer06070@example.test,ACTIVE
600006071,Benchmark Customer 06071,benchmark.customer06071@example.test,ACTIVE
600006072,Benchmark Customer 06072,benchmark.customer06072@example.test,ACTIVE
600006073,Benchmark Customer 06073,benchmark.customer06073@example.test,ACTIVE
600006074,Benchmark Customer 06074,benchmark.customer06074@example.test,ACTIVE
600006075,Benchmark Customer 06075,benchmark.customer06075@example.test,ACTIVE
600006076,Benchmark Customer 06076,benchmark.customer06076@example.test,ACTIVE
600006077,Benchmark Customer 06077,benchmark.customer06077@example.test,ACTIVE
600006078,Benchmark Customer 06078,benchmark.customer06078@example.test,ACTIVE
600006079,Benchmark Customer 06079,benchmark.customer06079@example.test,ACTIVE
600006080,Benchmark Customer 06080,benchmark.customer06080@example.test,ACTIVE
600006081,Benchmark Customer 06081,benchmark.customer06081@example.test,ACTIVE
600006082,Benchmark Customer 06082,benchmark.customer06082@example.test,ACTIVE
600006083,Benchmark Customer 06083,benchmark.customer06083@example.test,ACTIVE
600006084,Benchmark Customer 06084,benchmark.customer06084@example.test,ACTIVE
600006085,Benchmark Customer 06085,benchmark.customer06085@example.test,ACTIVE
600006086,Benchmark Customer 06086,benchmark.customer06086@example.test,ACTIVE
600006087,Benchmark Customer 06087,benchmark.customer06087@example.test,ACTIVE
600006088,Benchmark Customer 06088,benchmark.customer06088@example.test,ACTIVE
600006089,Benchmark Customer 06089,benchmark.customer06089@example.test,ACTIVE
600006090,Benchmark Customer 06090,benchmark.customer06090@example.test,ACTIVE
600006091,Benchmark Customer 06091,benchmark.customer06091@example.test,ACTIVE
600006092,Benchmark Customer 06092,benchmark.customer06092@example.test,ACTIVE
600006093,Benchmark Customer 06093,benchmark.customer06093@example.test,ACTIVE
600006094,Benchmark Customer 06094,benchmark.customer06094@example.test,ACTIVE
600006095,Benchmark Customer 06095,benchmark.customer06095@example.test,ACTIVE
600006096,Benchmark Customer 06096,benchmark.customer06096@example.test,ACTIVE
600006097,Benchmark Customer 06097,benchmark.customer06097@example.test,ACTIVE
600006098,Benchmark Customer 06098,benchmark.customer06098@example.test,ACTIVE
600006099,Benchmark Customer 06099,benchmark.customer06099@example.test,ACTIVE
600006100,Benchmark Customer 06100,benchmark.customer06100@example.test,ACTIVE
600006101,Benchmark Customer 06101,benchmark.customer06101@example.test,ACTIVE
600006102,Benchmark Customer 06102,benchmark.customer06102@example.test,ACTIVE
600006103,Benchmark Customer 06103,benchmark.customer06103@example.test,ACTIVE
600006104,Benchmark Customer 06104,benchmark.customer06104@example.test,ACTIVE
600006105,Benchmark Customer 06105,benchmark.customer06105@example.test,ACTIVE
600006106,Benchmark Customer 06106,benchmark.customer06106@example.test,ACTIVE
600006107,Benchmark Customer 06107,benchmark.customer06107@example.test,ACTIVE
600006108,Benchmark Customer 06108,benchmark.customer06108@example.test,ACTIVE
600006109,Benchmark Customer 06109,benchmark.customer06109@example.test,ACTIVE
600006110,Benchmark Customer 06110,benchmark.customer06110@example.test,ACTIVE
600006111,Benchmark Customer 06111,benchmark.customer06111@example.test,ACTIVE
600006112,Benchmark Customer 06112,benchmark.customer06112@example.test,ACTIVE
600006113,Benchmark Customer 06113,benchmark.customer06113@example.test,ACTIVE
600006114,Benchmark Customer 06114,benchmark.customer06114@example.test,ACTIVE
600006115,Benchmark Customer 06115,benchmark.customer06115@example.test,ACTIVE
600006116,Benchmark Customer 06116,benchmark.customer06116@example.test,ACTIVE
600006117,Benchmark Customer 06117,benchmark.customer06117@example.test,ACTIVE
600006118,Benchmark Customer 06118,benchmark.customer06118@example.test,ACTIVE
600006119,Benchmark Customer 06119,benchmark.customer06119@example.test,ACTIVE
600006120,Benchmark Customer 06120,benchmark.customer06120@example.test,ACTIVE
600006121,Benchmark Customer 06121,benchmark.customer06121@example.test,ACTIVE
600006122,Benchmark Customer 06122,benchmark.customer06122@example.test,ACTIVE
600006123,Benchmark Customer 06123,benchmark.customer06123@example.test,ACTIVE
600006124,Benchmark Customer 06124,benchmark.customer06124@example.test,ACTIVE
600006125,Benchmark Customer 06125,benchmark.customer06125@example.test,ACTIVE
600006126,Benchmark Customer 06126,benchmark.customer06126@example.test,ACTIVE
600006127,Benchmark Customer 06127,benchmark.customer06127@example.test,ACTIVE
600006128,Benchmark Customer 06128,benchmark.customer06128@example.test,ACTIVE
600006129,Benchmark Customer 06129,benchmark.customer06129@example.test,ACTIVE
600006130,Benchmark Customer 06130,benchmark.customer06130@example.test,ACTIVE
600006131,Benchmark Customer 06131,benchmark.customer06131@example.test,ACTIVE
600006132,Benchmark Customer 06132,benchmark.customer06132@example.test,ACTIVE
600006133,Benchmark Customer 06133,benchmark.customer06133@example.test,ACTIVE
600006134,Benchmark Customer 06134,benchmark.customer06134@example.test,ACTIVE
600006135,Benchmark Customer 06135,benchmark.customer06135@example.test,ACTIVE
600006136,Benchmark Customer 06136,benchmark.customer06136@example.test,ACTIVE
600006137,Benchmark Customer 06137,benchmark.customer06137@example.test,ACTIVE
600006138,Benchmark Customer 06138,benchmark.customer06138@example.test,ACTIVE
600006139,Benchmark Customer 06139,benchmark.customer06139@example.test,ACTIVE
600006140,Benchmark Customer 06140,benchmark.customer06140@example.test,ACTIVE
600006141,Benchmark Customer 06141,benchmark.customer06141@example.test,ACTIVE
600006142,Benchmark Customer 06142,benchmark.customer06142@example.test,ACTIVE
600006143,Benchmark Customer 06143,benchmark.customer06143@example.test,ACTIVE
600006144,Benchmark Customer 06144,benchmark.customer06144@example.test,ACTIVE
600006145,Benchmark Customer 06145,benchmark.customer06145@example.test,ACTIVE
600006146,Benchmark Customer 06146,benchmark.customer06146@example.test,ACTIVE
600006147,Benchmark Customer 06147,benchmark.customer06147@example.test,ACTIVE
600006148,Benchmark Customer 06148,benchmark.customer06148@example.test,ACTIVE
600006149,Benchmark Customer 06149,benchmark.customer06149@example.test,ACTIVE
600006150,Benchmark Customer 06150,benchmark.customer06150@example.test,ACTIVE
600006151,Benchmark Customer 06151,benchmark.customer06151@example.test,ACTIVE
600006152,Benchmark Customer 06152,benchmark.customer06152@example.test,ACTIVE
600006153,Benchmark Customer 06153,benchmark.customer06153@example.test,ACTIVE
600006154,Benchmark Customer 06154,benchmark.customer06154@example.test,ACTIVE
600006155,Benchmark Customer 06155,benchmark.customer06155@example.test,ACTIVE
600006156,Benchmark Customer 06156,benchmark.customer06156@example.test,ACTIVE
600006157,Benchmark Customer 06157,benchmark.customer06157@example.test,ACTIVE
600006158,Benchmark Customer 06158,benchmark.customer06158@example.test,ACTIVE
600006159,Benchmark Customer 06159,benchmark.customer06159@example.test,ACTIVE
600006160,Benchmark Customer 06160,benchmark.customer06160@example.test,ACTIVE
600006161,Benchmark Customer 06161,benchmark.customer06161@example.test,ACTIVE
600006162,Benchmark Customer 06162,benchmark.customer06162@example.test,ACTIVE
600006163,Benchmark Customer 06163,benchmark.customer06163@example.test,ACTIVE
600006164,Benchmark Customer 06164,benchmark.customer06164@example.test,ACTIVE
600006165,Benchmark Customer 06165,benchmark.customer06165@example.test,ACTIVE
600006166,Benchmark Customer 06166,benchmark.customer06166@example.test,ACTIVE
600006167,Benchmark Customer 06167,benchmark.customer06167@example.test,ACTIVE
600006168,Benchmark Customer 06168,benchmark.customer06168@example.test,ACTIVE
600006169,Benchmark Customer 06169,benchmark.customer06169@example.test,ACTIVE
600006170,Benchmark Customer 06170,benchmark.customer06170@example.test,ACTIVE
600006171,Benchmark Customer 06171,benchmark.customer06171@example.test,ACTIVE
600006172,Benchmark Customer 06172,benchmark.customer06172@example.test,ACTIVE
600006173,Benchmark Customer 06173,benchmark.customer06173@example.test,ACTIVE
600006174,Benchmark Customer 06174,benchmark.customer06174@example.test,ACTIVE
600006175,Benchmark Customer 06175,benchmark.customer06175@example.test,ACTIVE
600006176,Benchmark Customer 06176,benchmark.customer06176@example.test,ACTIVE
600006177,Benchmark Customer 06177,benchmark.customer06177@example.test,ACTIVE
600006178,Benchmark Customer 06178,benchmark.customer06178@example.test,ACTIVE
600006179,Benchmark Customer 06179,benchmark.customer06179@example.test,ACTIVE
600006180,Benchmark Customer 06180,benchmark.customer06180@example.test,ACTIVE
600006181,Benchmark Customer 06181,benchmark.customer06181@example.test,ACTIVE
600006182,Benchmark Customer 06182,benchmark.customer06182@example.test,ACTIVE
600006183,Benchmark Customer 06183,benchmark.customer06183@example.test,ACTIVE
600006184,Benchmark Customer 06184,benchmark.customer06184@example.test,ACTIVE
600006185,Benchmark Customer 06185,benchmark.customer06185@example.test,ACTIVE
600006186,Benchmark Customer 06186,benchmark.customer06186@example.test,ACTIVE
600006187,Benchmark Customer 06187,benchmark.customer06187@example.test,ACTIVE
600006188,Benchmark Customer 06188,benchmark.customer06188@example.test,ACTIVE
600006189,Benchmark Customer 06189,benchmark.customer06189@example.test,ACTIVE
600006190,Benchmark Customer 06190,benchmark.customer06190@example.test,ACTIVE
600006191,Benchmark Customer 06191,benchmark.customer06191@example.test,ACTIVE
600006192,Benchmark Customer 06192,benchmark.customer06192@example.test,ACTIVE
600006193,Benchmark Customer 06193,benchmark.customer06193@example.test,ACTIVE
600006194,Benchmark Customer 06194,benchmark.customer06194@example.test,ACTIVE
600006195,Benchmark Customer 06195,benchmark.customer06195@example.test,ACTIVE
600006196,Benchmark Customer 06196,benchmark.customer06196@example.test,ACTIVE
600006197,Benchmark Customer 06197,benchmark.customer06197@example.test,ACTIVE
600006198,Benchmark Customer 06198,benchmark.customer06198@example.test,ACTIVE
600006199,Benchmark Customer 06199,benchmark.customer06199@example.test,ACTIVE
600006200,Benchmark Customer 06200,benchmark.customer06200@example.test,ACTIVE
600006201,Benchmark Customer 06201,benchmark.customer06201@example.test,ACTIVE
600006202,Benchmark Customer 06202,benchmark.customer06202@example.test,ACTIVE
600006203,Benchmark Customer 06203,benchmark.customer06203@example.test,ACTIVE
600006204,Benchmark Customer 06204,benchmark.customer06204@example.test,ACTIVE
600006205,Benchmark Customer 06205,benchmark.customer06205@example.test,ACTIVE
600006206,Benchmark Customer 06206,benchmark.customer06206@example.test,ACTIVE
600006207,Benchmark Customer 06207,benchmark.customer06207@example.test,ACTIVE
600006208,Benchmark Customer 06208,benchmark.customer06208@example.test,ACTIVE
600006209,Benchmark Customer 06209,benchmark.customer06209@example.test,ACTIVE
600006210,Benchmark Customer 06210,benchmark.customer06210@example.test,ACTIVE
600006211,Benchmark Customer 06211,benchmark.customer06211@example.test,ACTIVE
600006212,Benchmark Customer 06212,benchmark.customer06212@example.test,ACTIVE
600006213,Benchmark Customer 06213,benchmark.customer06213@example.test,ACTIVE
600006214,Benchmark Customer 06214,benchmark.customer06214@example.test,ACTIVE
600006215,Benchmark Customer 06215,benchmark.customer06215@example.test,ACTIVE
600006216,Benchmark Customer 06216,benchmark.customer06216@example.test,ACTIVE
600006217,Benchmark Customer 06217,benchmark.customer06217@example.test,ACTIVE
600006218,Benchmark Customer 06218,benchmark.customer06218@example.test,ACTIVE
600006219,Benchmark Customer 06219,benchmark.customer06219@example.test,ACTIVE
600006220,Benchmark Customer 06220,benchmark.customer06220@example.test,ACTIVE
600006221,Benchmark Customer 06221,benchmark.customer06221@example.test,ACTIVE
600006222,Benchmark Customer 06222,benchmark.customer06222@example.test,ACTIVE
600006223,Benchmark Customer 06223,benchmark.customer06223@example.test,ACTIVE
600006224,Benchmark Customer 06224,benchmark.customer06224@example.test,ACTIVE
600006225,Benchmark Customer 06225,benchmark.customer06225@example.test,ACTIVE
600006226,Benchmark Customer 06226,benchmark.customer06226@example.test,ACTIVE
600006227,Benchmark Customer 06227,benchmark.customer06227@example.test,ACTIVE
600006228,Benchmark Customer 06228,benchmark.customer06228@example.test,ACTIVE
600006229,Benchmark Customer 06229,benchmark.customer06229@example.test,ACTIVE
600006230,Benchmark Customer 06230,benchmark.customer06230@example.test,ACTIVE
600006231,Benchmark Customer 06231,benchmark.customer06231@example.test,ACTIVE
600006232,Benchmark Customer 06232,benchmark.customer06232@example.test,ACTIVE
600006233,Benchmark Customer 06233,benchmark.customer06233@example.test,ACTIVE
600006234,Benchmark Customer 06234,benchmark.customer06234@example.test,ACTIVE
600006235,Benchmark Customer 06235,benchmark.customer06235@example.test,ACTIVE
600006236,Benchmark Customer 06236,benchmark.customer06236@example.test,ACTIVE
600006237,Benchmark Customer 06237,benchmark.customer06237@example.test,ACTIVE
600006238,Benchmark Customer 06238,benchmark.customer06238@example.test,ACTIVE
600006239,Benchmark Customer 06239,benchmark.customer06239@example.test,ACTIVE
600006240,Benchmark Customer 06240,benchmark.customer06240@example.test,ACTIVE
600006241,Benchmark Customer 06241,benchmark.customer06241@example.test,ACTIVE
600006242,Benchmark Customer 06242,benchmark.customer06242@example.test,ACTIVE
600006243,Benchmark Customer 06243,benchmark.customer06243@example.test,ACTIVE
600006244,Benchmark Customer 06244,benchmark.customer06244@example.test,ACTIVE
600006245,Benchmark Customer 06245,benchmark.customer06245@example.test,ACTIVE
600006246,Benchmark Customer 06246,benchmark.customer06246@example.test,ACTIVE
600006247,Benchmark Customer 06247,benchmark.customer06247@example.test,ACTIVE
600006248,Benchmark Customer 06248,benchmark.customer06248@example.test,ACTIVE
600006249,Benchmark Customer 06249,benchmark.customer06249@example.test,ACTIVE
600006250,Benchmark Customer 06250,benchmark.customer06250@example.test,ACTIVE
600006251,Benchmark Customer 06251,benchmark.customer06251@example.test,ACTIVE
600006252,Benchmark Customer 06252,benchmark.customer06252@example.test,ACTIVE
600006253,Benchmark Customer 06253,benchmark.customer06253@example.test,ACTIVE
600006254,Benchmark Customer 06254,benchmark.customer06254@example.test,ACTIVE
600006255,Benchmark Customer 06255,benchmark.customer06255@example.test,ACTIVE
600006256,Benchmark Customer 06256,benchmark.customer06256@example.test,ACTIVE
600006257,Benchmark Customer 06257,benchmark.customer06257@example.test,ACTIVE
600006258,Benchmark Customer 06258,benchmark.customer06258@example.test,ACTIVE
600006259,Benchmark Customer 06259,benchmark.customer06259@example.test,ACTIVE
600006260,Benchmark Customer 06260,benchmark.customer06260@example.test,ACTIVE
600006261,Benchmark Customer 06261,benchmark.customer06261@example.test,ACTIVE
600006262,Benchmark Customer 06262,benchmark.customer06262@example.test,ACTIVE
600006263,Benchmark Customer 06263,benchmark.customer06263@example.test,ACTIVE
600006264,Benchmark Customer 06264,benchmark.customer06264@example.test,ACTIVE
600006265,Benchmark Customer 06265,benchmark.customer06265@example.test,ACTIVE
600006266,Benchmark Customer 06266,benchmark.customer06266@example.test,ACTIVE
600006267,Benchmark Customer 06267,benchmark.customer06267@example.test,ACTIVE
600006268,Benchmark Customer 06268,benchmark.customer06268@example.test,ACTIVE
600006269,Benchmark Customer 06269,benchmark.customer06269@example.test,ACTIVE
600006270,Benchmark Customer 06270,benchmark.customer06270@example.test,ACTIVE
600006271,Benchmark Customer 06271,benchmark.customer06271@example.test,ACTIVE
600006272,Benchmark Customer 06272,benchmark.customer06272@example.test,ACTIVE
600006273,Benchmark Customer 06273,benchmark.customer06273@example.test,ACTIVE
600006274,Benchmark Customer 06274,benchmark.customer06274@example.test,ACTIVE
600006275,Benchmark Customer 06275,benchmark.customer06275@example.test,ACTIVE
600006276,Benchmark Customer 06276,benchmark.customer06276@example.test,ACTIVE
600006277,Benchmark Customer 06277,benchmark.customer06277@example.test,ACTIVE
600006278,Benchmark Customer 06278,benchmark.customer06278@example.test,ACTIVE
600006279,Benchmark Customer 06279,benchmark.customer06279@example.test,ACTIVE
600006280,Benchmark Customer 06280,benchmark.customer06280@example.test,ACTIVE
600006281,Benchmark Customer 06281,benchmark.customer06281@example.test,ACTIVE
600006282,Benchmark Customer 06282,benchmark.customer06282@example.test,ACTIVE
600006283,Benchmark Customer 06283,benchmark.customer06283@example.test,ACTIVE
600006284,Benchmark Customer 06284,benchmark.customer06284@example.test,ACTIVE
600006285,Benchmark Customer 06285,benchmark.customer06285@example.test,ACTIVE
600006286,Benchmark Customer 06286,benchmark.customer06286@example.test,ACTIVE
600006287,Benchmark Customer 06287,benchmark.customer06287@example.test,ACTIVE
600006288,Benchmark Customer 06288,benchmark.customer06288@example.test,ACTIVE
600006289,Benchmark Customer 06289,benchmark.customer06289@example.test,ACTIVE
600006290,Benchmark Customer 06290,benchmark.customer06290@example.test,ACTIVE
600006291,Benchmark Customer 06291,benchmark.customer06291@example.test,ACTIVE
600006292,Benchmark Customer 06292,benchmark.customer06292@example.test,ACTIVE
600006293,Benchmark Customer 06293,benchmark.customer06293@example.test,ACTIVE
600006294,Benchmark Customer 06294,benchmark.customer06294@example.test,ACTIVE
600006295,Benchmark Customer 06295,benchmark.customer06295@example.test,ACTIVE
600006296,Benchmark Customer 06296,benchmark.customer06296@example.test,ACTIVE
600006297,Benchmark Customer 06297,benchmark.customer06297@example.test,ACTIVE
600006298,Benchmark Customer 06298,benchmark.customer06298@example.test,ACTIVE
600006299,Benchmark Customer 06299,benchmark.customer06299@example.test,ACTIVE
600006300,Benchmark Customer 06300,benchmark.customer06300@example.test,ACTIVE
600006301,Benchmark Customer 06301,benchmark.customer06301@example.test,ACTIVE
600006302,Benchmark Customer 06302,benchmark.customer06302@example.test,ACTIVE
600006303,Benchmark Customer 06303,benchmark.customer06303@example.test,ACTIVE
600006304,Benchmark Customer 06304,benchmark.customer06304@example.test,ACTIVE
600006305,Benchmark Customer 06305,benchmark.customer06305@example.test,ACTIVE
600006306,Benchmark Customer 06306,benchmark.customer06306@example.test,ACTIVE
600006307,Benchmark Customer 06307,benchmark.customer06307@example.test,ACTIVE
600006308,Benchmark Customer 06308,benchmark.customer06308@example.test,ACTIVE
600006309,Benchmark Customer 06309,benchmark.customer06309@example.test,ACTIVE
600006310,Benchmark Customer 06310,benchmark.customer06310@example.test,ACTIVE
600006311,Benchmark Customer 06311,benchmark.customer06311@example.test,ACTIVE
600006312,Benchmark Customer 06312,benchmark.customer06312@example.test,ACTIVE
600006313,Benchmark Customer 06313,benchmark.customer06313@example.test,ACTIVE
600006314,Benchmark Customer 06314,benchmark.customer06314@example.test,ACTIVE
600006315,Benchmark Customer 06315,benchmark.customer06315@example.test,ACTIVE
600006316,Benchmark Customer 06316,benchmark.customer06316@example.test,ACTIVE
600006317,Benchmark Customer 06317,benchmark.customer06317@example.test,ACTIVE
600006318,Benchmark Customer 06318,benchmark.customer06318@example.test,ACTIVE
600006319,Benchmark Customer 06319,benchmark.customer06319@example.test,ACTIVE
600006320,Benchmark Customer 06320,benchmark.customer06320@example.test,ACTIVE
600006321,Benchmark Customer 06321,benchmark.customer06321@example.test,ACTIVE
600006322,Benchmark Customer 06322,benchmark.customer06322@example.test,ACTIVE
600006323,Benchmark Customer 06323,benchmark.customer06323@example.test,ACTIVE
600006324,Benchmark Customer 06324,benchmark.customer06324@example.test,ACTIVE
600006325,Benchmark Customer 06325,benchmark.customer06325@example.test,ACTIVE
600006326,Benchmark Customer 06326,benchmark.customer06326@example.test,ACTIVE
600006327,Benchmark Customer 06327,benchmark.customer06327@example.test,ACTIVE
600006328,Benchmark Customer 06328,benchmark.customer06328@example.test,ACTIVE
600006329,Benchmark Customer 06329,benchmark.customer06329@example.test,ACTIVE
600006330,Benchmark Customer 06330,benchmark.customer06330@example.test,ACTIVE
600006331,Benchmark Customer 06331,benchmark.customer06331@example.test,ACTIVE
600006332,Benchmark Customer 06332,benchmark.customer06332@example.test,ACTIVE
600006333,Benchmark Customer 06333,benchmark.customer06333@example.test,ACTIVE
600006334,Benchmark Customer 06334,benchmark.customer06334@example.test,ACTIVE
600006335,Benchmark Customer 06335,benchmark.customer06335@example.test,ACTIVE
600006336,Benchmark Customer 06336,benchmark.customer06336@example.test,ACTIVE
600006337,Benchmark Customer 06337,benchmark.customer06337@example.test,ACTIVE
600006338,Benchmark Customer 06338,benchmark.customer06338@example.test,ACTIVE
600006339,Benchmark Customer 06339,benchmark.customer06339@example.test,ACTIVE
600006340,Benchmark Customer 06340,benchmark.customer06340@example.test,ACTIVE
600006341,Benchmark Customer 06341,benchmark.customer06341@example.test,ACTIVE
600006342,Benchmark Customer 06342,benchmark.customer06342@example.test,ACTIVE
600006343,Benchmark Customer 06343,benchmark.customer06343@example.test,ACTIVE
600006344,Benchmark Customer 06344,benchmark.customer06344@example.test,ACTIVE
600006345,Benchmark Customer 06345,benchmark.customer06345@example.test,ACTIVE
600006346,Benchmark Customer 06346,benchmark.customer06346@example.test,ACTIVE
600006347,Benchmark Customer 06347,benchmark.customer06347@example.test,ACTIVE
600006348,Benchmark Customer 06348,benchmark.customer06348@example.test,ACTIVE
600006349,Benchmark Customer 06349,benchmark.customer06349@example.test,ACTIVE
600006350,Benchmark Customer 06350,benchmark.customer06350@example.test,ACTIVE
600006351,Benchmark Customer 06351,benchmark.customer06351@example.test,ACTIVE
600006352,Benchmark Customer 06352,benchmark.customer06352@example.test,ACTIVE
600006353,Benchmark Customer 06353,benchmark.customer06353@example.test,ACTIVE
600006354,Benchmark Customer 06354,benchmark.customer06354@example.test,ACTIVE
600006355,Benchmark Customer 06355,benchmark.customer06355@example.test,ACTIVE
600006356,Benchmark Customer 06356,benchmark.customer06356@example.test,ACTIVE
600006357,Benchmark Customer 06357,benchmark.customer06357@example.test,ACTIVE
600006358,Benchmark Customer 06358,benchmark.customer06358@example.test,ACTIVE
600006359,Benchmark Customer 06359,benchmark.customer06359@example.test,ACTIVE
600006360,Benchmark Customer 06360,benchmark.customer06360@example.test,ACTIVE
600006361,Benchmark Customer 06361,benchmark.customer06361@example.test,ACTIVE
600006362,Benchmark Customer 06362,benchmark.customer06362@example.test,ACTIVE
600006363,Benchmark Customer 06363,benchmark.customer06363@example.test,ACTIVE
600006364,Benchmark Customer 06364,benchmark.customer06364@example.test,ACTIVE
600006365,Benchmark Customer 06365,benchmark.customer06365@example.test,ACTIVE
600006366,Benchmark Customer 06366,benchmark.customer06366@example.test,ACTIVE
600006367,Benchmark Customer 06367,benchmark.customer06367@example.test,ACTIVE
600006368,Benchmark Customer 06368,benchmark.customer06368@example.test,ACTIVE
600006369,Benchmark Customer 06369,benchmark.customer06369@example.test,ACTIVE
600006370,Benchmark Customer 06370,benchmark.customer06370@example.test,ACTIVE
600006371,Benchmark Customer 06371,benchmark.customer06371@example.test,ACTIVE
600006372,Benchmark Customer 06372,benchmark.customer06372@example.test,ACTIVE
600006373,Benchmark Customer 06373,benchmark.customer06373@example.test,ACTIVE
600006374,Benchmark Customer 06374,benchmark.customer06374@example.test,ACTIVE
600006375,Benchmark Customer 06375,benchmark.customer06375@example.test,ACTIVE
600006376,Benchmark Customer 06376,benchmark.customer06376@example.test,ACTIVE
600006377,Benchmark Customer 06377,benchmark.customer06377@example.test,ACTIVE
600006378,Benchmark Customer 06378,benchmark.customer06378@example.test,ACTIVE
600006379,Benchmark Customer 06379,benchmark.customer06379@example.test,ACTIVE
600006380,Benchmark Customer 06380,benchmark.customer06380@example.test,ACTIVE
600006381,Benchmark Customer 06381,benchmark.customer06381@example.test,ACTIVE
600006382,Benchmark Customer 06382,benchmark.customer06382@example.test,ACTIVE
600006383,Benchmark Customer 06383,benchmark.customer06383@example.test,ACTIVE
600006384,Benchmark Customer 06384,benchmark.customer06384@example.test,ACTIVE
600006385,Benchmark Customer 06385,benchmark.customer06385@example.test,ACTIVE
600006386,Benchmark Customer 06386,benchmark.customer06386@example.test,ACTIVE
600006387,Benchmark Customer 06387,benchmark.customer06387@example.test,ACTIVE
600006388,Benchmark Customer 06388,benchmark.customer06388@example.test,ACTIVE
600006389,Benchmark Customer 06389,benchmark.customer06389@example.test,ACTIVE
600006390,Benchmark Customer 06390,benchmark.customer06390@example.test,ACTIVE
600006391,Benchmark Customer 06391,benchmark.customer06391@example.test,ACTIVE
600006392,Benchmark Customer 06392,benchmark.customer06392@example.test,ACTIVE
600006393,Benchmark Customer 06393,benchmark.customer06393@example.test,ACTIVE
600006394,Benchmark Customer 06394,benchmark.customer06394@example.test,ACTIVE
600006395,Benchmark Customer 06395,benchmark.customer06395@example.test,ACTIVE
600006396,Benchmark Customer 06396,benchmark.customer06396@example.test,ACTIVE
600006397,Benchmark Customer 06397,benchmark.customer06397@example.test,ACTIVE
600006398,Benchmark Customer 06398,benchmark.customer06398@example.test,ACTIVE
600006399,Benchmark Customer 06399,benchmark.customer06399@example.test,ACTIVE
600006400,Benchmark Customer 06400,benchmark.customer06400@example.test,ACTIVE
600006401,Benchmark Customer 06401,benchmark.customer06401@example.test,ACTIVE
600006402,Benchmark Customer 06402,benchmark.customer06402@example.test,ACTIVE
600006403,Benchmark Customer 06403,benchmark.customer06403@example.test,ACTIVE
600006404,Benchmark Customer 06404,benchmark.customer06404@example.test,ACTIVE
600006405,Benchmark Customer 06405,benchmark.customer06405@example.test,ACTIVE
600006406,Benchmark Customer 06406,benchmark.customer06406@example.test,ACTIVE
600006407,Benchmark Customer 06407,benchmark.customer06407@example.test,ACTIVE
600006408,Benchmark Customer 06408,benchmark.customer06408@example.test,ACTIVE
600006409,Benchmark Customer 06409,benchmark.customer06409@example.test,ACTIVE
600006410,Benchmark Customer 06410,benchmark.customer06410@example.test,ACTIVE
600006411,Benchmark Customer 06411,benchmark.customer06411@example.test,ACTIVE
600006412,Benchmark Customer 06412,benchmark.customer06412@example.test,ACTIVE
600006413,Benchmark Customer 06413,benchmark.customer06413@example.test,ACTIVE
600006414,Benchmark Customer 06414,benchmark.customer06414@example.test,ACTIVE
600006415,Benchmark Customer 06415,benchmark.customer06415@example.test,ACTIVE
600006416,Benchmark Customer 06416,benchmark.customer06416@example.test,ACTIVE
600006417,Benchmark Customer 06417,benchmark.customer06417@example.test,ACTIVE
600006418,Benchmark Customer 06418,benchmark.customer06418@example.test,ACTIVE
600006419,Benchmark Customer 06419,benchmark.customer06419@example.test,ACTIVE
600006420,Benchmark Customer 06420,benchmark.customer06420@example.test,ACTIVE
600006421,Benchmark Customer 06421,benchmark.customer06421@example.test,ACTIVE
600006422,Benchmark Customer 06422,benchmark.customer06422@example.test,ACTIVE
600006423,Benchmark Customer 06423,benchmark.customer06423@example.test,ACTIVE
600006424,Benchmark Customer 06424,benchmark.customer06424@example.test,ACTIVE
600006425,Benchmark Customer 06425,benchmark.customer06425@example.test,ACTIVE
600006426,Benchmark Customer 06426,benchmark.customer06426@example.test,ACTIVE
600006427,Benchmark Customer 06427,benchmark.customer06427@example.test,ACTIVE
600006428,Benchmark Customer 06428,benchmark.customer06428@example.test,ACTIVE
600006429,Benchmark Customer 06429,benchmark.customer06429@example.test,ACTIVE
600006430,Benchmark Customer 06430,benchmark.customer06430@example.test,ACTIVE
600006431,Benchmark Customer 06431,benchmark.customer06431@example.test,ACTIVE
600006432,Benchmark Customer 06432,benchmark.customer06432@example.test,ACTIVE
600006433,Benchmark Customer 06433,benchmark.customer06433@example.test,ACTIVE
600006434,Benchmark Customer 06434,benchmark.customer06434@example.test,ACTIVE
600006435,Benchmark Customer 06435,benchmark.customer06435@example.test,ACTIVE
600006436,Benchmark Customer 06436,benchmark.customer06436@example.test,ACTIVE
600006437,Benchmark Customer 06437,benchmark.customer06437@example.test,ACTIVE
600006438,Benchmark Customer 06438,benchmark.customer06438@example.test,ACTIVE
600006439,Benchmark Customer 06439,benchmark.customer06439@example.test,ACTIVE
600006440,Benchmark Customer 06440,benchmark.customer06440@example.test,ACTIVE
600006441,Benchmark Customer 06441,benchmark.customer06441@example.test,ACTIVE
600006442,Benchmark Customer 06442,benchmark.customer06442@example.test,ACTIVE
600006443,Benchmark Customer 06443,benchmark.customer06443@example.test,ACTIVE
600006444,Benchmark Customer 06444,benchmark.customer06444@example.test,ACTIVE
600006445,Benchmark Customer 06445,benchmark.customer06445@example.test,ACTIVE
600006446,Benchmark Customer 06446,benchmark.customer06446@example.test,ACTIVE
600006447,Benchmark Customer 06447,benchmark.customer06447@example.test,ACTIVE
600006448,Benchmark Customer 06448,benchmark.customer06448@example.test,ACTIVE
600006449,Benchmark Customer 06449,benchmark.customer06449@example.test,ACTIVE
600006450,Benchmark Customer 06450,benchmark.customer06450@example.test,ACTIVE
600006451,Benchmark Customer 06451,benchmark.customer06451@example.test,ACTIVE
600006452,Benchmark Customer 06452,benchmark.customer06452@example.test,ACTIVE
600006453,Benchmark Customer 06453,benchmark.customer06453@example.test,ACTIVE
600006454,Benchmark Customer 06454,benchmark.customer06454@example.test,ACTIVE
600006455,Benchmark Customer 06455,benchmark.customer06455@example.test,ACTIVE
600006456,Benchmark Customer 06456,benchmark.customer06456@example.test,ACTIVE
600006457,Benchmark Customer 06457,benchmark.customer06457@example.test,ACTIVE
600006458,Benchmark Customer 06458,benchmark.customer06458@example.test,ACTIVE
600006459,Benchmark Customer 06459,benchmark.customer06459@example.test,ACTIVE
600006460,Benchmark Customer 06460,benchmark.customer06460@example.test,ACTIVE
600006461,Benchmark Customer 06461,benchmark.customer06461@example.test,ACTIVE
600006462,Benchmark Customer 06462,benchmark.customer06462@example.test,ACTIVE
600006463,Benchmark Customer 06463,benchmark.customer06463@example.test,ACTIVE
600006464,Benchmark Customer 06464,benchmark.customer06464@example.test,ACTIVE
600006465,Benchmark Customer 06465,benchmark.customer06465@example.test,ACTIVE
600006466,Benchmark Customer 06466,benchmark.customer06466@example.test,ACTIVE
600006467,Benchmark Customer 06467,benchmark.customer06467@example.test,ACTIVE
600006468,Benchmark Customer 06468,benchmark.customer06468@example.test,ACTIVE
600006469,Benchmark Customer 06469,benchmark.customer06469@example.test,ACTIVE
600006470,Benchmark Customer 06470,benchmark.customer06470@example.test,ACTIVE
600006471,Benchmark Customer 06471,benchmark.customer06471@example.test,ACTIVE
600006472,Benchmark Customer 06472,benchmark.customer06472@example.test,ACTIVE
600006473,Benchmark Customer 06473,benchmark.customer06473@example.test,ACTIVE
600006474,Benchmark Customer 06474,benchmark.customer06474@example.test,ACTIVE
600006475,Benchmark Customer 06475,benchmark.customer06475@example.test,ACTIVE
600006476,Benchmark Customer 06476,benchmark.customer06476@example.test,ACTIVE
600006477,Benchmark Customer 06477,benchmark.customer06477@example.test,ACTIVE
600006478,Benchmark Customer 06478,benchmark.customer06478@example.test,ACTIVE
600006479,Benchmark Customer 06479,benchmark.customer06479@example.test,ACTIVE
600006480,Benchmark Customer 06480,benchmark.customer06480@example.test,ACTIVE
600006481,Benchmark Customer 06481,benchmark.customer06481@example.test,ACTIVE
600006482,Benchmark Customer 06482,benchmark.customer06482@example.test,ACTIVE
600006483,Benchmark Customer 06483,benchmark.customer06483@example.test,ACTIVE
600006484,Benchmark Customer 06484,benchmark.customer06484@example.test,ACTIVE
600006485,Benchmark Customer 06485,benchmark.customer06485@example.test,ACTIVE
600006486,Benchmark Customer 06486,benchmark.customer06486@example.test,ACTIVE
600006487,Benchmark Customer 06487,benchmark.customer06487@example.test,ACTIVE
600006488,Benchmark Customer 06488,benchmark.customer06488@example.test,ACTIVE
600006489,Benchmark Customer 06489,benchmark.customer06489@example.test,ACTIVE
600006490,Benchmark Customer 06490,benchmark.customer06490@example.test,ACTIVE
600006491,Benchmark Customer 06491,benchmark.customer06491@example.test,ACTIVE
600006492,Benchmark Customer 06492,benchmark.customer06492@example.test,ACTIVE
600006493,Benchmark Customer 06493,benchmark.customer06493@example.test,ACTIVE
600006494,Benchmark Customer 06494,benchmark.customer06494@example.test,ACTIVE
600006495,Benchmark Customer 06495,benchmark.customer06495@example.test,ACTIVE
600006496,Benchmark Customer 06496,benchmark.customer06496@example.test,ACTIVE
600006497,Benchmark Customer 06497,benchmark.customer06497@example.test,ACTIVE
600006498,Benchmark Customer 06498,benchmark.customer06498@example.test,ACTIVE
600006499,Benchmark Customer 06499,benchmark.customer06499@example.test,ACTIVE
600006500,Benchmark Customer 06500,benchmark.customer06500@example.test,ACTIVE
600006501,Benchmark Customer 06501,benchmark.customer06501@example.test,ACTIVE
600006502,Benchmark Customer 06502,benchmark.customer06502@example.test,ACTIVE
600006503,Benchmark Customer 06503,benchmark.customer06503@example.test,ACTIVE
600006504,Benchmark Customer 06504,benchmark.customer06504@example.test,ACTIVE
600006505,Benchmark Customer 06505,benchmark.customer06505@example.test,ACTIVE
600006506,Benchmark Customer 06506,benchmark.customer06506@example.test,ACTIVE
600006507,Benchmark Customer 06507,benchmark.customer06507@example.test,ACTIVE
600006508,Benchmark Customer 06508,benchmark.customer06508@example.test,ACTIVE
600006509,Benchmark Customer 06509,benchmark.customer06509@example.test,ACTIVE
600006510,Benchmark Customer 06510,benchmark.customer06510@example.test,ACTIVE
600006511,Benchmark Customer 06511,benchmark.customer06511@example.test,ACTIVE
600006512,Benchmark Customer 06512,benchmark.customer06512@example.test,ACTIVE
600006513,Benchmark Customer 06513,benchmark.customer06513@example.test,ACTIVE
600006514,Benchmark Customer 06514,benchmark.customer06514@example.test,ACTIVE
600006515,Benchmark Customer 06515,benchmark.customer06515@example.test,ACTIVE
600006516,Benchmark Customer 06516,benchmark.customer06516@example.test,ACTIVE
600006517,Benchmark Customer 06517,benchmark.customer06517@example.test,ACTIVE
600006518,Benchmark Customer 06518,benchmark.customer06518@example.test,ACTIVE
600006519,Benchmark Customer 06519,benchmark.customer06519@example.test,ACTIVE
600006520,Benchmark Customer 06520,benchmark.customer06520@example.test,ACTIVE
600006521,Benchmark Customer 06521,benchmark.customer06521@example.test,ACTIVE
600006522,Benchmark Customer 06522,benchmark.customer06522@example.test,ACTIVE
600006523,Benchmark Customer 06523,benchmark.customer06523@example.test,ACTIVE
600006524,Benchmark Customer 06524,benchmark.customer06524@example.test,ACTIVE
600006525,Benchmark Customer 06525,benchmark.customer06525@example.test,ACTIVE
600006526,Benchmark Customer 06526,benchmark.customer06526@example.test,ACTIVE
600006527,Benchmark Customer 06527,benchmark.customer06527@example.test,ACTIVE
600006528,Benchmark Customer 06528,benchmark.customer06528@example.test,ACTIVE
600006529,Benchmark Customer 06529,benchmark.customer06529@example.test,ACTIVE
600006530,Benchmark Customer 06530,benchmark.customer06530@example.test,ACTIVE
600006531,Benchmark Customer 06531,benchmark.customer06531@example.test,ACTIVE
600006532,Benchmark Customer 06532,benchmark.customer06532@example.test,ACTIVE
600006533,Benchmark Customer 06533,benchmark.customer06533@example.test,ACTIVE
600006534,Benchmark Customer 06534,benchmark.customer06534@example.test,ACTIVE
600006535,Benchmark Customer 06535,benchmark.customer06535@example.test,ACTIVE
600006536,Benchmark Customer 06536,benchmark.customer06536@example.test,ACTIVE
600006537,Benchmark Customer 06537,benchmark.customer06537@example.test,ACTIVE
600006538,Benchmark Customer 06538,benchmark.customer06538@example.test,ACTIVE
600006539,Benchmark Customer 06539,benchmark.customer06539@example.test,ACTIVE
600006540,Benchmark Customer 06540,benchmark.customer06540@example.test,ACTIVE
600006541,Benchmark Customer 06541,benchmark.customer06541@example.test,ACTIVE
600006542,Benchmark Customer 06542,benchmark.customer06542@example.test,ACTIVE
600006543,Benchmark Customer 06543,benchmark.customer06543@example.test,ACTIVE
600006544,Benchmark Customer 06544,benchmark.customer06544@example.test,ACTIVE
600006545,Benchmark Customer 06545,benchmark.customer06545@example.test,ACTIVE
600006546,Benchmark Customer 06546,benchmark.customer06546@example.test,ACTIVE
600006547,Benchmark Customer 06547,benchmark.customer06547@example.test,ACTIVE
600006548,Benchmark Customer 06548,benchmark.customer06548@example.test,ACTIVE
600006549,Benchmark Customer 06549,benchmark.customer06549@example.test,ACTIVE
600006550,Benchmark Customer 06550,benchmark.customer06550@example.test,ACTIVE
600006551,Benchmark Customer 06551,benchmark.customer06551@example.test,ACTIVE
600006552,Benchmark Customer 06552,benchmark.customer06552@example.test,ACTIVE
600006553,Benchmark Customer 06553,benchmark.customer06553@example.test,ACTIVE
600006554,Benchmark Customer 06554,benchmark.customer06554@example.test,ACTIVE
600006555,Benchmark Customer 06555,benchmark.customer06555@example.test,ACTIVE
600006556,Benchmark Customer 06556,benchmark.customer06556@example.test,ACTIVE
600006557,Benchmark Customer 06557,benchmark.customer06557@example.test,ACTIVE
600006558,Benchmark Customer 06558,benchmark.customer06558@example.test,ACTIVE
600006559,Benchmark Customer 06559,benchmark.customer06559@example.test,ACTIVE
600006560,Benchmark Customer 06560,benchmark.customer06560@example.test,ACTIVE
600006561,Benchmark Customer 06561,benchmark.customer06561@example.test,ACTIVE
600006562,Benchmark Customer 06562,benchmark.customer06562@example.test,ACTIVE
600006563,Benchmark Customer 06563,benchmark.customer06563@example.test,ACTIVE
600006564,Benchmark Customer 06564,benchmark.customer06564@example.test,ACTIVE
600006565,Benchmark Customer 06565,benchmark.customer06565@example.test,ACTIVE
600006566,Benchmark Customer 06566,benchmark.customer06566@example.test,ACTIVE
600006567,Benchmark Customer 06567,benchmark.customer06567@example.test,ACTIVE
600006568,Benchmark Customer 06568,benchmark.customer06568@example.test,ACTIVE
600006569,Benchmark Customer 06569,benchmark.customer06569@example.test,ACTIVE
600006570,Benchmark Customer 06570,benchmark.customer06570@example.test,ACTIVE
600006571,Benchmark Customer 06571,benchmark.customer06571@example.test,ACTIVE
600006572,Benchmark Customer 06572,benchmark.customer06572@example.test,ACTIVE
600006573,Benchmark Customer 06573,benchmark.customer06573@example.test,ACTIVE
600006574,Benchmark Customer 06574,benchmark.customer06574@example.test,ACTIVE
600006575,Benchmark Customer 06575,benchmark.customer06575@example.test,ACTIVE
600006576,Benchmark Customer 06576,benchmark.customer06576@example.test,ACTIVE
600006577,Benchmark Customer 06577,benchmark.customer06577@example.test,ACTIVE
600006578,Benchmark Customer 06578,benchmark.customer06578@example.test,ACTIVE
600006579,Benchmark Customer 06579,benchmark.customer06579@example.test,ACTIVE
600006580,Benchmark Customer 06580,benchmark.customer06580@example.test,ACTIVE
600006581,Benchmark Customer 06581,benchmark.customer06581@example.test,ACTIVE
600006582,Benchmark Customer 06582,benchmark.customer06582@example.test,ACTIVE
600006583,Benchmark Customer 06583,benchmark.customer06583@example.test,ACTIVE
600006584,Benchmark Customer 06584,benchmark.customer06584@example.test,ACTIVE
600006585,Benchmark Customer 06585,benchmark.customer06585@example.test,ACTIVE
600006586,Benchmark Customer 06586,benchmark.customer06586@example.test,ACTIVE
600006587,Benchmark Customer 06587,benchmark.customer06587@example.test,ACTIVE
600006588,Benchmark Customer 06588,benchmark.customer06588@example.test,ACTIVE
600006589,Benchmark Customer 06589,benchmark.customer06589@example.test,ACTIVE
600006590,Benchmark Customer 06590,benchmark.customer06590@example.test,ACTIVE
600006591,Benchmark Customer 06591,benchmark.customer06591@example.test,ACTIVE
600006592,Benchmark Customer 06592,benchmark.customer06592@example.test,ACTIVE
600006593,Benchmark Customer 06593,benchmark.customer06593@example.test,ACTIVE
600006594,Benchmark Customer 06594,benchmark.customer06594@example.test,ACTIVE
600006595,Benchmark Customer 06595,benchmark.customer06595@example.test,ACTIVE
600006596,Benchmark Customer 06596,benchmark.customer06596@example.test,ACTIVE
600006597,Benchmark Customer 06597,benchmark.customer06597@example.test,ACTIVE
600006598,Benchmark Customer 06598,benchmark.customer06598@example.test,ACTIVE
600006599,Benchmark Customer 06599,benchmark.customer06599@example.test,ACTIVE
600006600,Benchmark Customer 06600,benchmark.customer06600@example.test,ACTIVE
600006601,Benchmark Customer 06601,benchmark.customer06601@example.test,ACTIVE
600006602,Benchmark Customer 06602,benchmark.customer06602@example.test,ACTIVE
600006603,Benchmark Customer 06603,benchmark.customer06603@example.test,ACTIVE
600006604,Benchmark Customer 06604,benchmark.customer06604@example.test,ACTIVE
600006605,Benchmark Customer 06605,benchmark.customer06605@example.test,ACTIVE
600006606,Benchmark Customer 06606,benchmark.customer06606@example.test,ACTIVE
600006607,Benchmark Customer 06607,benchmark.customer06607@example.test,ACTIVE
600006608,Benchmark Customer 06608,benchmark.customer06608@example.test,ACTIVE
600006609,Benchmark Customer 06609,benchmark.customer06609@example.test,ACTIVE
600006610,Benchmark Customer 06610,benchmark.customer06610@example.test,ACTIVE
600006611,Benchmark Customer 06611,benchmark.customer06611@example.test,ACTIVE
600006612,Benchmark Customer 06612,benchmark.customer06612@example.test,ACTIVE
600006613,Benchmark Customer 06613,benchmark.customer06613@example.test,ACTIVE
600006614,Benchmark Customer 06614,benchmark.customer06614@example.test,ACTIVE
600006615,Benchmark Customer 06615,benchmark.customer06615@example.test,ACTIVE
600006616,Benchmark Customer 06616,benchmark.customer06616@example.test,ACTIVE
600006617,Benchmark Customer 06617,benchmark.customer06617@example.test,ACTIVE
600006618,Benchmark Customer 06618,benchmark.customer06618@example.test,ACTIVE
600006619,Benchmark Customer 06619,benchmark.customer06619@example.test,ACTIVE
600006620,Benchmark Customer 06620,benchmark.customer06620@example.test,ACTIVE
600006621,Benchmark Customer 06621,benchmark.customer06621@example.test,ACTIVE
600006622,Benchmark Customer 06622,benchmark.customer06622@example.test,ACTIVE
600006623,Benchmark Customer 06623,benchmark.customer06623@example.test,ACTIVE
600006624,Benchmark Customer 06624,benchmark.customer06624@example.test,ACTIVE
600006625,Benchmark Customer 06625,benchmark.customer06625@example.test,ACTIVE
600006626,Benchmark Customer 06626,benchmark.customer06626@example.test,ACTIVE
600006627,Benchmark Customer 06627,benchmark.customer06627@example.test,ACTIVE
600006628,Benchmark Customer 06628,benchmark.customer06628@example.test,ACTIVE
600006629,Benchmark Customer 06629,benchmark.customer06629@example.test,ACTIVE
600006630,Benchmark Customer 06630,benchmark.customer06630@example.test,ACTIVE
600006631,Benchmark Customer 06631,benchmark.customer06631@example.test,ACTIVE
600006632,Benchmark Customer 06632,benchmark.customer06632@example.test,ACTIVE
600006633,Benchmark Customer 06633,benchmark.customer06633@example.test,ACTIVE
600006634,Benchmark Customer 06634,benchmark.customer06634@example.test,ACTIVE
600006635,Benchmark Customer 06635,benchmark.customer06635@example.test,ACTIVE
600006636,Benchmark Customer 06636,benchmark.customer06636@example.test,ACTIVE
600006637,Benchmark Customer 06637,benchmark.customer06637@example.test,ACTIVE
600006638,Benchmark Customer 06638,benchmark.customer06638@example.test,ACTIVE
600006639,Benchmark Customer 06639,benchmark.customer06639@example.test,ACTIVE
600006640,Benchmark Customer 06640,benchmark.customer06640@example.test,ACTIVE
600006641,Benchmark Customer 06641,benchmark.customer06641@example.test,ACTIVE
600006642,Benchmark Customer 06642,benchmark.customer06642@example.test,ACTIVE
600006643,Benchmark Customer 06643,benchmark.customer06643@example.test,ACTIVE
600006644,Benchmark Customer 06644,benchmark.customer06644@example.test,ACTIVE
600006645,Benchmark Customer 06645,benchmark.customer06645@example.test,ACTIVE
600006646,Benchmark Customer 06646,benchmark.customer06646@example.test,ACTIVE
600006647,Benchmark Customer 06647,benchmark.customer06647@example.test,ACTIVE
600006648,Benchmark Customer 06648,benchmark.customer06648@example.test,ACTIVE
600006649,Benchmark Customer 06649,benchmark.customer06649@example.test,ACTIVE
600006650,Benchmark Customer 06650,benchmark.customer06650@example.test,ACTIVE
600006651,Benchmark Customer 06651,benchmark.customer06651@example.test,ACTIVE
600006652,Benchmark Customer 06652,benchmark.customer06652@example.test,ACTIVE
600006653,Benchmark Customer 06653,benchmark.customer06653@example.test,ACTIVE
600006654,Benchmark Customer 06654,benchmark.customer06654@example.test,ACTIVE
600006655,Benchmark Customer 06655,benchmark.customer06655@example.test,ACTIVE
600006656,Benchmark Customer 06656,benchmark.customer06656@example.test,ACTIVE
600006657,Benchmark Customer 06657,benchmark.customer06657@example.test,ACTIVE
600006658,Benchmark Customer 06658,benchmark.customer06658@example.test,ACTIVE
600006659,Benchmark Customer 06659,benchmark.customer06659@example.test,ACTIVE
600006660,Benchmark Customer 06660,benchmark.customer06660@example.test,ACTIVE
600006661,Benchmark Customer 06661,benchmark.customer06661@example.test,ACTIVE
600006662,Benchmark Customer 06662,benchmark.customer06662@example.test,ACTIVE
600006663,Benchmark Customer 06663,benchmark.customer06663@example.test,ACTIVE
600006664,Benchmark Customer 06664,benchmark.customer06664@example.test,ACTIVE
600006665,Benchmark Customer 06665,benchmark.customer06665@example.test,ACTIVE
600006666,Benchmark Customer 06666,benchmark.customer06666@example.test,ACTIVE
600006667,Benchmark Customer 06667,benchmark.customer06667@example.test,ACTIVE
600006668,Benchmark Customer 06668,benchmark.customer06668@example.test,ACTIVE
600006669,Benchmark Customer 06669,benchmark.customer06669@example.test,ACTIVE
600006670,Benchmark Customer 06670,benchmark.customer06670@example.test,ACTIVE
600006671,Benchmark Customer 06671,benchmark.customer06671@example.test,ACTIVE
600006672,Benchmark Customer 06672,benchmark.customer06672@example.test,ACTIVE
600006673,Benchmark Customer 06673,benchmark.customer06673@example.test,ACTIVE
600006674,Benchmark Customer 06674,benchmark.customer06674@example.test,ACTIVE
600006675,Benchmark Customer 06675,benchmark.customer06675@example.test,ACTIVE
600006676,Benchmark Customer 06676,benchmark.customer06676@example.test,ACTIVE
600006677,Benchmark Customer 06677,benchmark.customer06677@example.test,ACTIVE
600006678,Benchmark Customer 06678,benchmark.customer06678@example.test,ACTIVE
600006679,Benchmark Customer 06679,benchmark.customer06679@example.test,ACTIVE
600006680,Benchmark Customer 06680,benchmark.customer06680@example.test,ACTIVE
600006681,Benchmark Customer 06681,benchmark.customer06681@example.test,ACTIVE
600006682,Benchmark Customer 06682,benchmark.customer06682@example.test,ACTIVE
600006683,Benchmark Customer 06683,benchmark.customer06683@example.test,ACTIVE
600006684,Benchmark Customer 06684,benchmark.customer06684@example.test,ACTIVE
600006685,Benchmark Customer 06685,benchmark.customer06685@example.test,ACTIVE
600006686,Benchmark Customer 06686,benchmark.customer06686@example.test,ACTIVE
600006687,Benchmark Customer 06687,benchmark.customer06687@example.test,ACTIVE
600006688,Benchmark Customer 06688,benchmark.customer06688@example.test,ACTIVE
600006689,Benchmark Customer 06689,benchmark.customer06689@example.test,ACTIVE
600006690,Benchmark Customer 06690,benchmark.customer06690@example.test,ACTIVE
600006691,Benchmark Customer 06691,benchmark.customer06691@example.test,ACTIVE
600006692,Benchmark Customer 06692,benchmark.customer06692@example.test,ACTIVE
600006693,Benchmark Customer 06693,benchmark.customer06693@example.test,ACTIVE
600006694,Benchmark Customer 06694,benchmark.customer06694@example.test,ACTIVE
600006695,Benchmark Customer 06695,benchmark.customer06695@example.test,ACTIVE
600006696,Benchmark Customer 06696,benchmark.customer06696@example.test,ACTIVE
600006697,Benchmark Customer 06697,benchmark.customer06697@example.test,ACTIVE
600006698,Benchmark Customer 06698,benchmark.customer06698@example.test,ACTIVE
600006699,Benchmark Customer 06699,benchmark.customer06699@example.test,ACTIVE
600006700,Benchmark Customer 06700,benchmark.customer06700@example.test,ACTIVE
600006701,Benchmark Customer 06701,benchmark.customer06701@example.test,ACTIVE
600006702,Benchmark Customer 06702,benchmark.customer06702@example.test,ACTIVE
600006703,Benchmark Customer 06703,benchmark.customer06703@example.test,ACTIVE
600006704,Benchmark Customer 06704,benchmark.customer06704@example.test,ACTIVE
600006705,Benchmark Customer 06705,benchmark.customer06705@example.test,ACTIVE
600006706,Benchmark Customer 06706,benchmark.customer06706@example.test,ACTIVE
600006707,Benchmark Customer 06707,benchmark.customer06707@example.test,ACTIVE
600006708,Benchmark Customer 06708,benchmark.customer06708@example.test,ACTIVE
600006709,Benchmark Customer 06709,benchmark.customer06709@example.test,ACTIVE
600006710,Benchmark Customer 06710,benchmark.customer06710@example.test,ACTIVE
600006711,Benchmark Customer 06711,benchmark.customer06711@example.test,ACTIVE
600006712,Benchmark Customer 06712,benchmark.customer06712@example.test,ACTIVE
600006713,Benchmark Customer 06713,benchmark.customer06713@example.test,ACTIVE
600006714,Benchmark Customer 06714,benchmark.customer06714@example.test,ACTIVE
600006715,Benchmark Customer 06715,benchmark.customer06715@example.test,ACTIVE
600006716,Benchmark Customer 06716,benchmark.customer06716@example.test,ACTIVE
600006717,Benchmark Customer 06717,benchmark.customer06717@example.test,ACTIVE
600006718,Benchmark Customer 06718,benchmark.customer06718@example.test,ACTIVE
600006719,Benchmark Customer 06719,benchmark.customer06719@example.test,ACTIVE
600006720,Benchmark Customer 06720,benchmark.customer06720@example.test,ACTIVE
600006721,Benchmark Customer 06721,benchmark.customer06721@example.test,ACTIVE
600006722,Benchmark Customer 06722,benchmark.customer06722@example.test,ACTIVE
600006723,Benchmark Customer 06723,benchmark.customer06723@example.test,ACTIVE
600006724,Benchmark Customer 06724,benchmark.customer06724@example.test,ACTIVE
600006725,Benchmark Customer 06725,benchmark.customer06725@example.test,ACTIVE
600006726,Benchmark Customer 06726,benchmark.customer06726@example.test,ACTIVE
600006727,Benchmark Customer 06727,benchmark.customer06727@example.test,ACTIVE
600006728,Benchmark Customer 06728,benchmark.customer06728@example.test,ACTIVE
600006729,Benchmark Customer 06729,benchmark.customer06729@example.test,ACTIVE
600006730,Benchmark Customer 06730,benchmark.customer06730@example.test,ACTIVE
600006731,Benchmark Customer 06731,benchmark.customer06731@example.test,ACTIVE
600006732,Benchmark Customer 06732,benchmark.customer06732@example.test,ACTIVE
600006733,Benchmark Customer 06733,benchmark.customer06733@example.test,ACTIVE
600006734,Benchmark Customer 06734,benchmark.customer06734@example.test,ACTIVE
600006735,Benchmark Customer 06735,benchmark.customer06735@example.test,ACTIVE
600006736,Benchmark Customer 06736,benchmark.customer06736@example.test,ACTIVE
600006737,Benchmark Customer 06737,benchmark.customer06737@example.test,ACTIVE
600006738,Benchmark Customer 06738,benchmark.customer06738@example.test,ACTIVE
600006739,Benchmark Customer 06739,benchmark.customer06739@example.test,ACTIVE
600006740,Benchmark Customer 06740,benchmark.customer06740@example.test,ACTIVE
600006741,Benchmark Customer 06741,benchmark.customer06741@example.test,ACTIVE
600006742,Benchmark Customer 06742,benchmark.customer06742@example.test,ACTIVE
600006743,Benchmark Customer 06743,benchmark.customer06743@example.test,ACTIVE
600006744,Benchmark Customer 06744,benchmark.customer06744@example.test,ACTIVE
600006745,Benchmark Customer 06745,benchmark.customer06745@example.test,ACTIVE
600006746,Benchmark Customer 06746,benchmark.customer06746@example.test,ACTIVE
600006747,Benchmark Customer 06747,benchmark.customer06747@example.test,ACTIVE
600006748,Benchmark Customer 06748,benchmark.customer06748@example.test,ACTIVE
600006749,Benchmark Customer 06749,benchmark.customer06749@example.test,ACTIVE
600006750,Benchmark Customer 06750,benchmark.customer06750@example.test,ACTIVE
600006751,Benchmark Customer 06751,benchmark.customer06751@example.test,ACTIVE
600006752,Benchmark Customer 06752,benchmark.customer06752@example.test,ACTIVE
600006753,Benchmark Customer 06753,benchmark.customer06753@example.test,ACTIVE
600006754,Benchmark Customer 06754,benchmark.customer06754@example.test,ACTIVE
600006755,Benchmark Customer 06755,benchmark.customer06755@example.test,ACTIVE
600006756,Benchmark Customer 06756,benchmark.customer06756@example.test,ACTIVE
600006757,Benchmark Customer 06757,benchmark.customer06757@example.test,ACTIVE
600006758,Benchmark Customer 06758,benchmark.customer06758@example.test,ACTIVE
600006759,Benchmark Customer 06759,benchmark.customer06759@example.test,ACTIVE
600006760,Benchmark Customer 06760,benchmark.customer06760@example.test,ACTIVE
600006761,Benchmark Customer 06761,benchmark.customer06761@example.test,ACTIVE
600006762,Benchmark Customer 06762,benchmark.customer06762@example.test,ACTIVE
600006763,Benchmark Customer 06763,benchmark.customer06763@example.test,ACTIVE
600006764,Benchmark Customer 06764,benchmark.customer06764@example.test,ACTIVE
600006765,Benchmark Customer 06765,benchmark.customer06765@example.test,ACTIVE
600006766,Benchmark Customer 06766,benchmark.customer06766@example.test,ACTIVE
600006767,Benchmark Customer 06767,benchmark.customer06767@example.test,ACTIVE
600006768,Benchmark Customer 06768,benchmark.customer06768@example.test,ACTIVE
600006769,Benchmark Customer 06769,benchmark.customer06769@example.test,ACTIVE
600006770,Benchmark Customer 06770,benchmark.customer06770@example.test,ACTIVE
600006771,Benchmark Customer 06771,benchmark.customer06771@example.test,ACTIVE
600006772,Benchmark Customer 06772,benchmark.customer06772@example.test,ACTIVE
600006773,Benchmark Customer 06773,benchmark.customer06773@example.test,ACTIVE
600006774,Benchmark Customer 06774,benchmark.customer06774@example.test,ACTIVE
600006775,Benchmark Customer 06775,benchmark.customer06775@example.test,ACTIVE
600006776,Benchmark Customer 06776,benchmark.customer06776@example.test,ACTIVE
600006777,Benchmark Customer 06777,benchmark.customer06777@example.test,ACTIVE
600006778,Benchmark Customer 06778,benchmark.customer06778@example.test,ACTIVE
600006779,Benchmark Customer 06779,benchmark.customer06779@example.test,ACTIVE
600006780,Benchmark Customer 06780,benchmark.customer06780@example.test,ACTIVE
600006781,Benchmark Customer 06781,benchmark.customer06781@example.test,ACTIVE
600006782,Benchmark Customer 06782,benchmark.customer06782@example.test,ACTIVE
600006783,Benchmark Customer 06783,benchmark.customer06783@example.test,ACTIVE
600006784,Benchmark Customer 06784,benchmark.customer06784@example.test,ACTIVE
600006785,Benchmark Customer 06785,benchmark.customer06785@example.test,ACTIVE
600006786,Benchmark Customer 06786,benchmark.customer06786@example.test,ACTIVE
600006787,Benchmark Customer 06787,benchmark.customer06787@example.test,ACTIVE
600006788,Benchmark Customer 06788,benchmark.customer06788@example.test,ACTIVE
600006789,Benchmark Customer 06789,benchmark.customer06789@example.test,ACTIVE
600006790,Benchmark Customer 06790,benchmark.customer06790@example.test,ACTIVE
600006791,Benchmark Customer 06791,benchmark.customer06791@example.test,ACTIVE
600006792,Benchmark Customer 06792,benchmark.customer06792@example.test,ACTIVE
600006793,Benchmark Customer 06793,benchmark.customer06793@example.test,ACTIVE
600006794,Benchmark Customer 06794,benchmark.customer06794@example.test,ACTIVE
600006795,Benchmark Customer 06795,benchmark.customer06795@example.test,ACTIVE
600006796,Benchmark Customer 06796,benchmark.customer06796@example.test,ACTIVE
600006797,Benchmark Customer 06797,benchmark.customer06797@example.test,ACTIVE
600006798,Benchmark Customer 06798,benchmark.customer06798@example.test,ACTIVE
600006799,Benchmark Customer 06799,benchmark.customer06799@example.test,ACTIVE
600006800,Benchmark Customer 06800,benchmark.customer06800@example.test,ACTIVE
600006801,Benchmark Customer 06801,benchmark.customer06801@example.test,ACTIVE
600006802,Benchmark Customer 06802,benchmark.customer06802@example.test,ACTIVE
600006803,Benchmark Customer 06803,benchmark.customer06803@example.test,ACTIVE
600006804,Benchmark Customer 06804,benchmark.customer06804@example.test,ACTIVE
600006805,Benchmark Customer 06805,benchmark.customer06805@example.test,ACTIVE
600006806,Benchmark Customer 06806,benchmark.customer06806@example.test,ACTIVE
600006807,Benchmark Customer 06807,benchmark.customer06807@example.test,ACTIVE
600006808,Benchmark Customer 06808,benchmark.customer06808@example.test,ACTIVE
600006809,Benchmark Customer 06809,benchmark.customer06809@example.test,ACTIVE
600006810,Benchmark Customer 06810,benchmark.customer06810@example.test,ACTIVE
600006811,Benchmark Customer 06811,benchmark.customer06811@example.test,ACTIVE
600006812,Benchmark Customer 06812,benchmark.customer06812@example.test,ACTIVE
600006813,Benchmark Customer 06813,benchmark.customer06813@example.test,ACTIVE
600006814,Benchmark Customer 06814,benchmark.customer06814@example.test,ACTIVE
600006815,Benchmark Customer 06815,benchmark.customer06815@example.test,ACTIVE
600006816,Benchmark Customer 06816,benchmark.customer06816@example.test,ACTIVE
600006817,Benchmark Customer 06817,benchmark.customer06817@example.test,ACTIVE
600006818,Benchmark Customer 06818,benchmark.customer06818@example.test,ACTIVE
600006819,Benchmark Customer 06819,benchmark.customer06819@example.test,ACTIVE
600006820,Benchmark Customer 06820,benchmark.customer06820@example.test,ACTIVE
600006821,Benchmark Customer 06821,benchmark.customer06821@example.test,ACTIVE
600006822,Benchmark Customer 06822,benchmark.customer06822@example.test,ACTIVE
600006823,Benchmark Customer 06823,benchmark.customer06823@example.test,ACTIVE
600006824,Benchmark Customer 06824,benchmark.customer06824@example.test,ACTIVE
600006825,Benchmark Customer 06825,benchmark.customer06825@example.test,ACTIVE
600006826,Benchmark Customer 06826,benchmark.customer06826@example.test,ACTIVE
600006827,Benchmark Customer 06827,benchmark.customer06827@example.test,ACTIVE
600006828,Benchmark Customer 06828,benchmark.customer06828@example.test,ACTIVE
600006829,Benchmark Customer 06829,benchmark.customer06829@example.test,ACTIVE
600006830,Benchmark Customer 06830,benchmark.customer06830@example.test,ACTIVE
600006831,Benchmark Customer 06831,benchmark.customer06831@example.test,ACTIVE
600006832,Benchmark Customer 06832,benchmark.customer06832@example.test,ACTIVE
600006833,Benchmark Customer 06833,benchmark.customer06833@example.test,ACTIVE
600006834,Benchmark Customer 06834,benchmark.customer06834@example.test,ACTIVE
600006835,Benchmark Customer 06835,benchmark.customer06835@example.test,ACTIVE
600006836,Benchmark Customer 06836,benchmark.customer06836@example.test,ACTIVE
600006837,Benchmark Customer 06837,benchmark.customer06837@example.test,ACTIVE
600006838,Benchmark Customer 06838,benchmark.customer06838@example.test,ACTIVE
600006839,Benchmark Customer 06839,benchmark.customer06839@example.test,ACTIVE
600006840,Benchmark Customer 06840,benchmark.customer06840@example.test,ACTIVE
600006841,Benchmark Customer 06841,benchmark.customer06841@example.test,ACTIVE
600006842,Benchmark Customer 06842,benchmark.customer06842@example.test,ACTIVE
600006843,Benchmark Customer 06843,benchmark.customer06843@example.test,ACTIVE
600006844,Benchmark Customer 06844,benchmark.customer06844@example.test,ACTIVE
600006845,Benchmark Customer 06845,benchmark.customer06845@example.test,ACTIVE
600006846,Benchmark Customer 06846,benchmark.customer06846@example.test,ACTIVE
600006847,Benchmark Customer 06847,benchmark.customer06847@example.test,ACTIVE
600006848,Benchmark Customer 06848,benchmark.customer06848@example.test,ACTIVE
600006849,Benchmark Customer 06849,benchmark.customer06849@example.test,ACTIVE
600006850,Benchmark Customer 06850,benchmark.customer06850@example.test,ACTIVE
600006851,Benchmark Customer 06851,benchmark.customer06851@example.test,ACTIVE
600006852,Benchmark Customer 06852,benchmark.customer06852@example.test,ACTIVE
600006853,Benchmark Customer 06853,benchmark.customer06853@example.test,ACTIVE
600006854,Benchmark Customer 06854,benchmark.customer06854@example.test,ACTIVE
600006855,Benchmark Customer 06855,benchmark.customer06855@example.test,ACTIVE
600006856,Benchmark Customer 06856,benchmark.customer06856@example.test,ACTIVE
600006857,Benchmark Customer 06857,benchmark.customer06857@example.test,ACTIVE
600006858,Benchmark Customer 06858,benchmark.customer06858@example.test,ACTIVE
600006859,Benchmark Customer 06859,benchmark.customer06859@example.test,ACTIVE
600006860,Benchmark Customer 06860,benchmark.customer06860@example.test,ACTIVE
600006861,Benchmark Customer 06861,benchmark.customer06861@example.test,ACTIVE
600006862,Benchmark Customer 06862,benchmark.customer06862@example.test,ACTIVE
600006863,Benchmark Customer 06863,benchmark.customer06863@example.test,ACTIVE
600006864,Benchmark Customer 06864,benchmark.customer06864@example.test,ACTIVE
600006865,Benchmark Customer 06865,benchmark.customer06865@example.test,ACTIVE
600006866,Benchmark Customer 06866,benchmark.customer06866@example.test,ACTIVE
600006867,Benchmark Customer 06867,benchmark.customer06867@example.test,ACTIVE
600006868,Benchmark Customer 06868,benchmark.customer06868@example.test,ACTIVE
600006869,Benchmark Customer 06869,benchmark.customer06869@example.test,ACTIVE
600006870,Benchmark Customer 06870,benchmark.customer06870@example.test,ACTIVE
600006871,Benchmark Customer 06871,benchmark.customer06871@example.test,ACTIVE
600006872,Benchmark Customer 06872,benchmark.customer06872@example.test,ACTIVE
600006873,Benchmark Customer 06873,benchmark.customer06873@example.test,ACTIVE
600006874,Benchmark Customer 06874,benchmark.customer06874@example.test,ACTIVE
600006875,Benchmark Customer 06875,benchmark.customer06875@example.test,ACTIVE
600006876,Benchmark Customer 06876,benchmark.customer06876@example.test,ACTIVE
600006877,Benchmark Customer 06877,benchmark.customer06877@example.test,ACTIVE
600006878,Benchmark Customer 06878,benchmark.customer06878@example.test,ACTIVE
600006879,Benchmark Customer 06879,benchmark.customer06879@example.test,ACTIVE
600006880,Benchmark Customer 06880,benchmark.customer06880@example.test,ACTIVE
600006881,Benchmark Customer 06881,benchmark.customer06881@example.test,ACTIVE
600006882,Benchmark Customer 06882,benchmark.customer06882@example.test,ACTIVE
600006883,Benchmark Customer 06883,benchmark.customer06883@example.test,ACTIVE
600006884,Benchmark Customer 06884,benchmark.customer06884@example.test,ACTIVE
600006885,Benchmark Customer 06885,benchmark.customer06885@example.test,ACTIVE
600006886,Benchmark Customer 06886,benchmark.customer06886@example.test,ACTIVE
600006887,Benchmark Customer 06887,benchmark.customer06887@example.test,ACTIVE
600006888,Benchmark Customer 06888,benchmark.customer06888@example.test,ACTIVE
600006889,Benchmark Customer 06889,benchmark.customer06889@example.test,ACTIVE
600006890,Benchmark Customer 06890,benchmark.customer06890@example.test,ACTIVE
600006891,Benchmark Customer 06891,benchmark.customer06891@example.test,ACTIVE
600006892,Benchmark Customer 06892,benchmark.customer06892@example.test,ACTIVE
600006893,Benchmark Customer 06893,benchmark.customer06893@example.test,ACTIVE
600006894,Benchmark Customer 06894,benchmark.customer06894@example.test,ACTIVE
600006895,Benchmark Customer 06895,benchmark.customer06895@example.test,ACTIVE
600006896,Benchmark Customer 06896,benchmark.customer06896@example.test,ACTIVE
600006897,Benchmark Customer 06897,benchmark.customer06897@example.test,ACTIVE
600006898,Benchmark Customer 06898,benchmark.customer06898@example.test,ACTIVE
600006899,Benchmark Customer 06899,benchmark.customer06899@example.test,ACTIVE
600006900,Benchmark Customer 06900,benchmark.customer06900@example.test,ACTIVE
600006901,Benchmark Customer 06901,benchmark.customer06901@example.test,ACTIVE
600006902,Benchmark Customer 06902,benchmark.customer06902@example.test,ACTIVE
600006903,Benchmark Customer 06903,benchmark.customer06903@example.test,ACTIVE
600006904,Benchmark Customer 06904,benchmark.customer06904@example.test,ACTIVE
600006905,Benchmark Customer 06905,benchmark.customer06905@example.test,ACTIVE
600006906,Benchmark Customer 06906,benchmark.customer06906@example.test,ACTIVE
600006907,Benchmark Customer 06907,benchmark.customer06907@example.test,ACTIVE
600006908,Benchmark Customer 06908,benchmark.customer06908@example.test,ACTIVE
600006909,Benchmark Customer 06909,benchmark.customer06909@example.test,ACTIVE
600006910,Benchmark Customer 06910,benchmark.customer06910@example.test,ACTIVE
600006911,Benchmark Customer 06911,benchmark.customer06911@example.test,ACTIVE
600006912,Benchmark Customer 06912,benchmark.customer06912@example.test,ACTIVE
600006913,Benchmark Customer 06913,benchmark.customer06913@example.test,ACTIVE
600006914,Benchmark Customer 06914,benchmark.customer06914@example.test,ACTIVE
600006915,Benchmark Customer 06915,benchmark.customer06915@example.test,ACTIVE
600006916,Benchmark Customer 06916,benchmark.customer06916@example.test,ACTIVE
600006917,Benchmark Customer 06917,benchmark.customer06917@example.test,ACTIVE
600006918,Benchmark Customer 06918,benchmark.customer06918@example.test,ACTIVE
600006919,Benchmark Customer 06919,benchmark.customer06919@example.test,ACTIVE
600006920,Benchmark Customer 06920,benchmark.customer06920@example.test,ACTIVE
600006921,Benchmark Customer 06921,benchmark.customer06921@example.test,ACTIVE
600006922,Benchmark Customer 06922,benchmark.customer06922@example.test,ACTIVE
600006923,Benchmark Customer 06923,benchmark.customer06923@example.test,ACTIVE
600006924,Benchmark Customer 06924,benchmark.customer06924@example.test,ACTIVE
600006925,Benchmark Customer 06925,benchmark.customer06925@example.test,ACTIVE
600006926,Benchmark Customer 06926,benchmark.customer06926@example.test,ACTIVE
600006927,Benchmark Customer 06927,benchmark.customer06927@example.test,ACTIVE
600006928,Benchmark Customer 06928,benchmark.customer06928@example.test,ACTIVE
600006929,Benchmark Customer 06929,benchmark.customer06929@example.test,ACTIVE
600006930,Benchmark Customer 06930,benchmark.customer06930@example.test,ACTIVE
600006931,Benchmark Customer 06931,benchmark.customer06931@example.test,ACTIVE
600006932,Benchmark Customer 06932,benchmark.customer06932@example.test,ACTIVE
600006933,Benchmark Customer 06933,benchmark.customer06933@example.test,ACTIVE
600006934,Benchmark Customer 06934,benchmark.customer06934@example.test,ACTIVE
600006935,Benchmark Customer 06935,benchmark.customer06935@example.test,ACTIVE
600006936,Benchmark Customer 06936,benchmark.customer06936@example.test,ACTIVE
600006937,Benchmark Customer 06937,benchmark.customer06937@example.test,ACTIVE
600006938,Benchmark Customer 06938,benchmark.customer06938@example.test,ACTIVE
600006939,Benchmark Customer 06939,benchmark.customer06939@example.test,ACTIVE
600006940,Benchmark Customer 06940,benchmark.customer06940@example.test,ACTIVE
600006941,Benchmark Customer 06941,benchmark.customer06941@example.test,ACTIVE
600006942,Benchmark Customer 06942,benchmark.customer06942@example.test,ACTIVE
600006943,Benchmark Customer 06943,benchmark.customer06943@example.test,ACTIVE
600006944,Benchmark Customer 06944,benchmark.customer06944@example.test,ACTIVE
600006945,Benchmark Customer 06945,benchmark.customer06945@example.test,ACTIVE
600006946,Benchmark Customer 06946,benchmark.customer06946@example.test,ACTIVE
600006947,Benchmark Customer 06947,benchmark.customer06947@example.test,ACTIVE
600006948,Benchmark Customer 06948,benchmark.customer06948@example.test,ACTIVE
600006949,Benchmark Customer 06949,benchmark.customer06949@example.test,ACTIVE
600006950,Benchmark Customer 06950,benchmark.customer06950@example.test,ACTIVE
600006951,Benchmark Customer 06951,benchmark.customer06951@example.test,ACTIVE
600006952,Benchmark Customer 06952,benchmark.customer06952@example.test,ACTIVE
600006953,Benchmark Customer 06953,benchmark.customer06953@example.test,ACTIVE
600006954,Benchmark Customer 06954,benchmark.customer06954@example.test,ACTIVE
600006955,Benchmark Customer 06955,benchmark.customer06955@example.test,ACTIVE
600006956,Benchmark Customer 06956,benchmark.customer06956@example.test,ACTIVE
600006957,Benchmark Customer 06957,benchmark.customer06957@example.test,ACTIVE
600006958,Benchmark Customer 06958,benchmark.customer06958@example.test,ACTIVE
600006959,Benchmark Customer 06959,benchmark.customer06959@example.test,ACTIVE
600006960,Benchmark Customer 06960,benchmark.customer06960@example.test,ACTIVE
600006961,Benchmark Customer 06961,benchmark.customer06961@example.test,ACTIVE
600006962,Benchmark Customer 06962,benchmark.customer06962@example.test,ACTIVE
600006963,Benchmark Customer 06963,benchmark.customer06963@example.test,ACTIVE
600006964,Benchmark Customer 06964,benchmark.customer06964@example.test,ACTIVE
600006965,Benchmark Customer 06965,benchmark.customer06965@example.test,ACTIVE
600006966,Benchmark Customer 06966,benchmark.customer06966@example.test,ACTIVE
600006967,Benchmark Customer 06967,benchmark.customer06967@example.test,ACTIVE
600006968,Benchmark Customer 06968,benchmark.customer06968@example.test,ACTIVE
600006969,Benchmark Customer 06969,benchmark.customer06969@example.test,ACTIVE
600006970,Benchmark Customer 06970,benchmark.customer06970@example.test,ACTIVE
600006971,Benchmark Customer 06971,benchmark.customer06971@example.test,ACTIVE
600006972,Benchmark Customer 06972,benchmark.customer06972@example.test,ACTIVE
600006973,Benchmark Customer 06973,benchmark.customer06973@example.test,ACTIVE
600006974,Benchmark Customer 06974,benchmark.customer06974@example.test,ACTIVE
600006975,Benchmark Customer 06975,benchmark.customer06975@example.test,ACTIVE
600006976,Benchmark Customer 06976,benchmark.customer06976@example.test,ACTIVE
600006977,Benchmark Customer 06977,benchmark.customer06977@example.test,ACTIVE
600006978,Benchmark Customer 06978,benchmark.customer06978@example.test,ACTIVE
600006979,Benchmark Customer 06979,benchmark.customer06979@example.test,ACTIVE
600006980,Benchmark Customer 06980,benchmark.customer06980@example.test,ACTIVE
600006981,Benchmark Customer 06981,benchmark.customer06981@example.test,ACTIVE
600006982,Benchmark Customer 06982,benchmark.customer06982@example.test,ACTIVE
600006983,Benchmark Customer 06983,benchmark.customer06983@example.test,ACTIVE
600006984,Benchmark Customer 06984,benchmark.customer06984@example.test,ACTIVE
600006985,Benchmark Customer 06985,benchmark.customer06985@example.test,ACTIVE
600006986,Benchmark Customer 06986,benchmark.customer06986@example.test,ACTIVE
600006987,Benchmark Customer 06987,benchmark.customer06987@example.test,ACTIVE
600006988,Benchmark Customer 06988,benchmark.customer06988@example.test,ACTIVE
600006989,Benchmark Customer 06989,benchmark.customer06989@example.test,ACTIVE
600006990,Benchmark Customer 06990,benchmark.customer06990@example.test,ACTIVE
600006991,Benchmark Customer 06991,benchmark.customer06991@example.test,ACTIVE
600006992,Benchmark Customer 06992,benchmark.customer06992@example.test,ACTIVE
600006993,Benchmark Customer 06993,benchmark.customer06993@example.test,ACTIVE
600006994,Benchmark Customer 06994,benchmark.customer06994@example.test,ACTIVE
600006995,Benchmark Customer 06995,benchmark.customer06995@example.test,ACTIVE
600006996,Benchmark Customer 06996,benchmark.customer06996@example.test,ACTIVE
600006997,Benchmark Customer 06997,benchmark.customer06997@example.test,ACTIVE
600006998,Benchmark Customer 06998,benchmark.customer06998@example.test,ACTIVE
600006999,Benchmark Customer 06999,benchmark.customer06999@example.test,ACTIVE
600007000,Benchmark Customer 07000,benchmark.customer07000@example.test,ACTIVE
600007001,Benchmark Customer 07001,benchmark.customer07001@example.test,ACTIVE
600007002,Benchmark Customer 07002,benchmark.customer07002@example.test,ACTIVE
600007003,Benchmark Customer 07003,benchmark.customer07003@example.test,ACTIVE
600007004,Benchmark Customer 07004,benchmark.customer07004@example.test,ACTIVE
600007005,Benchmark Customer 07005,benchmark.customer07005@example.test,ACTIVE
600007006,Benchmark Customer 07006,benchmark.customer07006@example.test,ACTIVE
600007007,Benchmark Customer 07007,benchmark.customer07007@example.test,ACTIVE
600007008,Benchmark Customer 07008,benchmark.customer07008@example.test,ACTIVE
600007009,Benchmark Customer 07009,benchmark.customer07009@example.test,ACTIVE
600007010,Benchmark Customer 07010,benchmark.customer07010@example.test,ACTIVE
600007011,Benchmark Customer 07011,benchmark.customer07011@example.test,ACTIVE
600007012,Benchmark Customer 07012,benchmark.customer07012@example.test,ACTIVE
600007013,Benchmark Customer 07013,benchmark.customer07013@example.test,ACTIVE
600007014,Benchmark Customer 07014,benchmark.customer07014@example.test,ACTIVE
600007015,Benchmark Customer 07015,benchmark.customer07015@example.test,ACTIVE
600007016,Benchmark Customer 07016,benchmark.customer07016@example.test,ACTIVE
600007017,Benchmark Customer 07017,benchmark.customer07017@example.test,ACTIVE
600007018,Benchmark Customer 07018,benchmark.customer07018@example.test,ACTIVE
600007019,Benchmark Customer 07019,benchmark.customer07019@example.test,ACTIVE
600007020,Benchmark Customer 07020,benchmark.customer07020@example.test,ACTIVE
600007021,Benchmark Customer 07021,benchmark.customer07021@example.test,ACTIVE
600007022,Benchmark Customer 07022,benchmark.customer07022@example.test,ACTIVE
600007023,Benchmark Customer 07023,benchmark.customer07023@example.test,ACTIVE
600007024,Benchmark Customer 07024,benchmark.customer07024@example.test,ACTIVE
600007025,Benchmark Customer 07025,benchmark.customer07025@example.test,ACTIVE
600007026,Benchmark Customer 07026,benchmark.customer07026@example.test,ACTIVE
600007027,Benchmark Customer 07027,benchmark.customer07027@example.test,ACTIVE
600007028,Benchmark Customer 07028,benchmark.customer07028@example.test,ACTIVE
600007029,Benchmark Customer 07029,benchmark.customer07029@example.test,ACTIVE
600007030,Benchmark Customer 07030,benchmark.customer07030@example.test,ACTIVE
600007031,Benchmark Customer 07031,benchmark.customer07031@example.test,ACTIVE
600007032,Benchmark Customer 07032,benchmark.customer07032@example.test,ACTIVE
600007033,Benchmark Customer 07033,benchmark.customer07033@example.test,ACTIVE
600007034,Benchmark Customer 07034,benchmark.customer07034@example.test,ACTIVE
600007035,Benchmark Customer 07035,benchmark.customer07035@example.test,ACTIVE
600007036,Benchmark Customer 07036,benchmark.customer07036@example.test,ACTIVE
600007037,Benchmark Customer 07037,benchmark.customer07037@example.test,ACTIVE
600007038,Benchmark Customer 07038,benchmark.customer07038@example.test,ACTIVE
600007039,Benchmark Customer 07039,benchmark.customer07039@example.test,ACTIVE
600007040,Benchmark Customer 07040,benchmark.customer07040@example.test,ACTIVE
600007041,Benchmark Customer 07041,benchmark.customer07041@example.test,ACTIVE
600007042,Benchmark Customer 07042,benchmark.customer07042@example.test,ACTIVE
600007043,Benchmark Customer 07043,benchmark.customer07043@example.test,ACTIVE
600007044,Benchmark Customer 07044,benchmark.customer07044@example.test,ACTIVE
600007045,Benchmark Customer 07045,benchmark.customer07045@example.test,ACTIVE
600007046,Benchmark Customer 07046,benchmark.customer07046@example.test,ACTIVE
600007047,Benchmark Customer 07047,benchmark.customer07047@example.test,ACTIVE
600007048,Benchmark Customer 07048,benchmark.customer07048@example.test,ACTIVE
600007049,Benchmark Customer 07049,benchmark.customer07049@example.test,ACTIVE
600007050,Benchmark Customer 07050,benchmark.customer07050@example.test,ACTIVE
600007051,Benchmark Customer 07051,benchmark.customer07051@example.test,ACTIVE
600007052,Benchmark Customer 07052,benchmark.customer07052@example.test,ACTIVE
600007053,Benchmark Customer 07053,benchmark.customer07053@example.test,ACTIVE
600007054,Benchmark Customer 07054,benchmark.customer07054@example.test,ACTIVE
600007055,Benchmark Customer 07055,benchmark.customer07055@example.test,ACTIVE
600007056,Benchmark Customer 07056,benchmark.customer07056@example.test,ACTIVE
600007057,Benchmark Customer 07057,benchmark.customer07057@example.test,ACTIVE
600007058,Benchmark Customer 07058,benchmark.customer07058@example.test,ACTIVE
600007059,Benchmark Customer 07059,benchmark.customer07059@example.test,ACTIVE
600007060,Benchmark Customer 07060,benchmark.customer07060@example.test,ACTIVE
600007061,Benchmark Customer 07061,benchmark.customer07061@example.test,ACTIVE
600007062,Benchmark Customer 07062,benchmark.customer07062@example.test,ACTIVE
600007063,Benchmark Customer 07063,benchmark.customer07063@example.test,ACTIVE
600007064,Benchmark Customer 07064,benchmark.customer07064@example.test,ACTIVE
600007065,Benchmark Customer 07065,benchmark.customer07065@example.test,ACTIVE
600007066,Benchmark Customer 07066,benchmark.customer07066@example.test,ACTIVE
600007067,Benchmark Customer 07067,benchmark.customer07067@example.test,ACTIVE
600007068,Benchmark Customer 07068,benchmark.customer07068@example.test,ACTIVE
600007069,Benchmark Customer 07069,benchmark.customer07069@example.test,ACTIVE
600007070,Benchmark Customer 07070,benchmark.customer07070@example.test,ACTIVE
600007071,Benchmark Customer 07071,benchmark.customer07071@example.test,ACTIVE
600007072,Benchmark Customer 07072,benchmark.customer07072@example.test,ACTIVE
600007073,Benchmark Customer 07073,benchmark.customer07073@example.test,ACTIVE
600007074,Benchmark Customer 07074,benchmark.customer07074@example.test,ACTIVE
600007075,Benchmark Customer 07075,benchmark.customer07075@example.test,ACTIVE
600007076,Benchmark Customer 07076,benchmark.customer07076@example.test,ACTIVE
600007077,Benchmark Customer 07077,benchmark.customer07077@example.test,ACTIVE
600007078,Benchmark Customer 07078,benchmark.customer07078@example.test,ACTIVE
600007079,Benchmark Customer 07079,benchmark.customer07079@example.test,ACTIVE
600007080,Benchmark Customer 07080,benchmark.customer07080@example.test,ACTIVE
600007081,Benchmark Customer 07081,benchmark.customer07081@example.test,ACTIVE
600007082,Benchmark Customer 07082,benchmark.customer07082@example.test,ACTIVE
600007083,Benchmark Customer 07083,benchmark.customer07083@example.test,ACTIVE
600007084,Benchmark Customer 07084,benchmark.customer07084@example.test,ACTIVE
600007085,Benchmark Customer 07085,benchmark.customer07085@example.test,ACTIVE
600007086,Benchmark Customer 07086,benchmark.customer07086@example.test,ACTIVE
600007087,Benchmark Customer 07087,benchmark.customer07087@example.test,ACTIVE
600007088,Benchmark Customer 07088,benchmark.customer07088@example.test,ACTIVE
600007089,Benchmark Customer 07089,benchmark.customer07089@example.test,ACTIVE
600007090,Benchmark Customer 07090,benchmark.customer07090@example.test,ACTIVE
600007091,Benchmark Customer 07091,benchmark.customer07091@example.test,ACTIVE
600007092,Benchmark Customer 07092,benchmark.customer07092@example.test,ACTIVE
600007093,Benchmark Customer 07093,benchmark.customer07093@example.test,ACTIVE
600007094,Benchmark Customer 07094,benchmark.customer07094@example.test,ACTIVE
600007095,Benchmark Customer 07095,benchmark.customer07095@example.test,ACTIVE
600007096,Benchmark Customer 07096,benchmark.customer07096@example.test,ACTIVE
600007097,Benchmark Customer 07097,benchmark.customer07097@example.test,ACTIVE
600007098,Benchmark Customer 07098,benchmark.customer07098@example.test,ACTIVE
600007099,Benchmark Customer 07099,benchmark.customer07099@example.test,ACTIVE
600007100,Benchmark Customer 07100,benchmark.customer07100@example.test,ACTIVE
600007101,Benchmark Customer 07101,benchmark.customer07101@example.test,ACTIVE
600007102,Benchmark Customer 07102,benchmark.customer07102@example.test,ACTIVE
600007103,Benchmark Customer 07103,benchmark.customer07103@example.test,ACTIVE
600007104,Benchmark Customer 07104,benchmark.customer07104@example.test,ACTIVE
600007105,Benchmark Customer 07105,benchmark.customer07105@example.test,ACTIVE
600007106,Benchmark Customer 07106,benchmark.customer07106@example.test,ACTIVE
600007107,Benchmark Customer 07107,benchmark.customer07107@example.test,ACTIVE
600007108,Benchmark Customer 07108,benchmark.customer07108@example.test,ACTIVE
600007109,Benchmark Customer 07109,benchmark.customer07109@example.test,ACTIVE
600007110,Benchmark Customer 07110,benchmark.customer07110@example.test,ACTIVE
600007111,Benchmark Customer 07111,benchmark.customer07111@example.test,ACTIVE
600007112,Benchmark Customer 07112,benchmark.customer07112@example.test,ACTIVE
600007113,Benchmark Customer 07113,benchmark.customer07113@example.test,ACTIVE
600007114,Benchmark Customer 07114,benchmark.customer07114@example.test,ACTIVE
600007115,Benchmark Customer 07115,benchmark.customer07115@example.test,ACTIVE
600007116,Benchmark Customer 07116,benchmark.customer07116@example.test,ACTIVE
600007117,Benchmark Customer 07117,benchmark.customer07117@example.test,ACTIVE
600007118,Benchmark Customer 07118,benchmark.customer07118@example.test,ACTIVE
600007119,Benchmark Customer 07119,benchmark.customer07119@example.test,ACTIVE
600007120,Benchmark Customer 07120,benchmark.customer07120@example.test,ACTIVE
600007121,Benchmark Customer 07121,benchmark.customer07121@example.test,ACTIVE
600007122,Benchmark Customer 07122,benchmark.customer07122@example.test,ACTIVE
600007123,Benchmark Customer 07123,benchmark.customer07123@example.test,ACTIVE
600007124,Benchmark Customer 07124,benchmark.customer07124@example.test,ACTIVE
600007125,Benchmark Customer 07125,benchmark.customer07125@example.test,ACTIVE
600007126,Benchmark Customer 07126,benchmark.customer07126@example.test,ACTIVE
600007127,Benchmark Customer 07127,benchmark.customer07127@example.test,ACTIVE
600007128,Benchmark Customer 07128,benchmark.customer07128@example.test,ACTIVE
600007129,Benchmark Customer 07129,benchmark.customer07129@example.test,ACTIVE
600007130,Benchmark Customer 07130,benchmark.customer07130@example.test,ACTIVE
600007131,Benchmark Customer 07131,benchmark.customer07131@example.test,ACTIVE
600007132,Benchmark Customer 07132,benchmark.customer07132@example.test,ACTIVE
600007133,Benchmark Customer 07133,benchmark.customer07133@example.test,ACTIVE
600007134,Benchmark Customer 07134,benchmark.customer07134@example.test,ACTIVE
600007135,Benchmark Customer 07135,benchmark.customer07135@example.test,ACTIVE
600007136,Benchmark Customer 07136,benchmark.customer07136@example.test,ACTIVE
600007137,Benchmark Customer 07137,benchmark.customer07137@example.test,ACTIVE
600007138,Benchmark Customer 07138,benchmark.customer07138@example.test,ACTIVE
600007139,Benchmark Customer 07139,benchmark.customer07139@example.test,ACTIVE
600007140,Benchmark Customer 07140,benchmark.customer07140@example.test,ACTIVE
600007141,Benchmark Customer 07141,benchmark.customer07141@example.test,ACTIVE
600007142,Benchmark Customer 07142,benchmark.customer07142@example.test,ACTIVE
600007143,Benchmark Customer 07143,benchmark.customer07143@example.test,ACTIVE
600007144,Benchmark Customer 07144,benchmark.customer07144@example.test,ACTIVE
600007145,Benchmark Customer 07145,benchmark.customer07145@example.test,ACTIVE
600007146,Benchmark Customer 07146,benchmark.customer07146@example.test,ACTIVE
600007147,Benchmark Customer 07147,benchmark.customer07147@example.test,ACTIVE
600007148,Benchmark Customer 07148,benchmark.customer07148@example.test,ACTIVE
600007149,Benchmark Customer 07149,benchmark.customer07149@example.test,ACTIVE
600007150,Benchmark Customer 07150,benchmark.customer07150@example.test,ACTIVE
600007151,Benchmark Customer 07151,benchmark.customer07151@example.test,ACTIVE
600007152,Benchmark Customer 07152,benchmark.customer07152@example.test,ACTIVE
600007153,Benchmark Customer 07153,benchmark.customer07153@example.test,ACTIVE
600007154,Benchmark Customer 07154,benchmark.customer07154@example.test,ACTIVE
600007155,Benchmark Customer 07155,benchmark.customer07155@example.test,ACTIVE
600007156,Benchmark Customer 07156,benchmark.customer07156@example.test,ACTIVE
600007157,Benchmark Customer 07157,benchmark.customer07157@example.test,ACTIVE
600007158,Benchmark Customer 07158,benchmark.customer07158@example.test,ACTIVE
600007159,Benchmark Customer 07159,benchmark.customer07159@example.test,ACTIVE
600007160,Benchmark Customer 07160,benchmark.customer07160@example.test,ACTIVE
600007161,Benchmark Customer 07161,benchmark.customer07161@example.test,ACTIVE
600007162,Benchmark Customer 07162,benchmark.customer07162@example.test,ACTIVE
600007163,Benchmark Customer 07163,benchmark.customer07163@example.test,ACTIVE
600007164,Benchmark Customer 07164,benchmark.customer07164@example.test,ACTIVE
600007165,Benchmark Customer 07165,benchmark.customer07165@example.test,ACTIVE
600007166,Benchmark Customer 07166,benchmark.customer07166@example.test,ACTIVE
600007167,Benchmark Customer 07167,benchmark.customer07167@example.test,ACTIVE
600007168,Benchmark Customer 07168,benchmark.customer07168@example.test,ACTIVE
600007169,Benchmark Customer 07169,benchmark.customer07169@example.test,ACTIVE
600007170,Benchmark Customer 07170,benchmark.customer07170@example.test,ACTIVE
600007171,Benchmark Customer 07171,benchmark.customer07171@example.test,ACTIVE
600007172,Benchmark Customer 07172,benchmark.customer07172@example.test,ACTIVE
600007173,Benchmark Customer 07173,benchmark.customer07173@example.test,ACTIVE
600007174,Benchmark Customer 07174,benchmark.customer07174@example.test,ACTIVE
600007175,Benchmark Customer 07175,benchmark.customer07175@example.test,ACTIVE
600007176,Benchmark Customer 07176,benchmark.customer07176@example.test,ACTIVE
600007177,Benchmark Customer 07177,benchmark.customer07177@example.test,ACTIVE
600007178,Benchmark Customer 07178,benchmark.customer07178@example.test,ACTIVE
600007179,Benchmark Customer 07179,benchmark.customer07179@example.test,ACTIVE
600007180,Benchmark Customer 07180,benchmark.customer07180@example.test,ACTIVE
600007181,Benchmark Customer 07181,benchmark.customer07181@example.test,ACTIVE
600007182,Benchmark Customer 07182,benchmark.customer07182@example.test,ACTIVE
600007183,Benchmark Customer 07183,benchmark.customer07183@example.test,ACTIVE
600007184,Benchmark Customer 07184,benchmark.customer07184@example.test,ACTIVE
600007185,Benchmark Customer 07185,benchmark.customer07185@example.test,ACTIVE
600007186,Benchmark Customer 07186,benchmark.customer07186@example.test,ACTIVE
600007187,Benchmark Customer 07187,benchmark.customer07187@example.test,ACTIVE
600007188,Benchmark Customer 07188,benchmark.customer07188@example.test,ACTIVE
600007189,Benchmark Customer 07189,benchmark.customer07189@example.test,ACTIVE
600007190,Benchmark Customer 07190,benchmark.customer07190@example.test,ACTIVE
600007191,Benchmark Customer 07191,benchmark.customer07191@example.test,ACTIVE
600007192,Benchmark Customer 07192,benchmark.customer07192@example.test,ACTIVE
600007193,Benchmark Customer 07193,benchmark.customer07193@example.test,ACTIVE
600007194,Benchmark Customer 07194,benchmark.customer07194@example.test,ACTIVE
600007195,Benchmark Customer 07195,benchmark.customer07195@example.test,ACTIVE
600007196,Benchmark Customer 07196,benchmark.customer07196@example.test,ACTIVE
600007197,Benchmark Customer 07197,benchmark.customer07197@example.test,ACTIVE
600007198,Benchmark Customer 07198,benchmark.customer07198@example.test,ACTIVE
600007199,Benchmark Customer 07199,benchmark.customer07199@example.test,ACTIVE
600007200,Benchmark Customer 07200,benchmark.customer07200@example.test,ACTIVE
600007201,Benchmark Customer 07201,benchmark.customer07201@example.test,ACTIVE
600007202,Benchmark Customer 07202,benchmark.customer07202@example.test,ACTIVE
600007203,Benchmark Customer 07203,benchmark.customer07203@example.test,ACTIVE
600007204,Benchmark Customer 07204,benchmark.customer07204@example.test,ACTIVE
600007205,Benchmark Customer 07205,benchmark.customer07205@example.test,ACTIVE
600007206,Benchmark Customer 07206,benchmark.customer07206@example.test,ACTIVE
600007207,Benchmark Customer 07207,benchmark.customer07207@example.test,ACTIVE
600007208,Benchmark Customer 07208,benchmark.customer07208@example.test,ACTIVE
600007209,Benchmark Customer 07209,benchmark.customer07209@example.test,ACTIVE
600007210,Benchmark Customer 07210,benchmark.customer07210@example.test,ACTIVE
600007211,Benchmark Customer 07211,benchmark.customer07211@example.test,ACTIVE
600007212,Benchmark Customer 07212,benchmark.customer07212@example.test,ACTIVE
600007213,Benchmark Customer 07213,benchmark.customer07213@example.test,ACTIVE
600007214,Benchmark Customer 07214,benchmark.customer07214@example.test,ACTIVE
600007215,Benchmark Customer 07215,benchmark.customer07215@example.test,ACTIVE
600007216,Benchmark Customer 07216,benchmark.customer07216@example.test,ACTIVE
600007217,Benchmark Customer 07217,benchmark.customer07217@example.test,ACTIVE
600007218,Benchmark Customer 07218,benchmark.customer07218@example.test,ACTIVE
600007219,Benchmark Customer 07219,benchmark.customer07219@example.test,ACTIVE
600007220,Benchmark Customer 07220,benchmark.customer07220@example.test,ACTIVE
600007221,Benchmark Customer 07221,benchmark.customer07221@example.test,ACTIVE
600007222,Benchmark Customer 07222,benchmark.customer07222@example.test,ACTIVE
600007223,Benchmark Customer 07223,benchmark.customer07223@example.test,ACTIVE
600007224,Benchmark Customer 07224,benchmark.customer07224@example.test,ACTIVE
600007225,Benchmark Customer 07225,benchmark.customer07225@example.test,ACTIVE
600007226,Benchmark Customer 07226,benchmark.customer07226@example.test,ACTIVE
600007227,Benchmark Customer 07227,benchmark.customer07227@example.test,ACTIVE
600007228,Benchmark Customer 07228,benchmark.customer07228@example.test,ACTIVE
600007229,Benchmark Customer 07229,benchmark.customer07229@example.test,ACTIVE
600007230,Benchmark Customer 07230,benchmark.customer07230@example.test,ACTIVE
600007231,Benchmark Customer 07231,benchmark.customer07231@example.test,ACTIVE
600007232,Benchmark Customer 07232,benchmark.customer07232@example.test,ACTIVE
600007233,Benchmark Customer 07233,benchmark.customer07233@example.test,ACTIVE
600007234,Benchmark Customer 07234,benchmark.customer07234@example.test,ACTIVE
600007235,Benchmark Customer 07235,benchmark.customer07235@example.test,ACTIVE
600007236,Benchmark Customer 07236,benchmark.customer07236@example.test,ACTIVE
600007237,Benchmark Customer 07237,benchmark.customer07237@example.test,ACTIVE
600007238,Benchmark Customer 07238,benchmark.customer07238@example.test,ACTIVE
600007239,Benchmark Customer 07239,benchmark.customer07239@example.test,ACTIVE
600007240,Benchmark Customer 07240,benchmark.customer07240@example.test,ACTIVE
600007241,Benchmark Customer 07241,benchmark.customer07241@example.test,ACTIVE
600007242,Benchmark Customer 07242,benchmark.customer07242@example.test,ACTIVE
600007243,Benchmark Customer 07243,benchmark.customer07243@example.test,ACTIVE
600007244,Benchmark Customer 07244,benchmark.customer07244@example.test,ACTIVE
600007245,Benchmark Customer 07245,benchmark.customer07245@example.test,ACTIVE
600007246,Benchmark Customer 07246,benchmark.customer07246@example.test,ACTIVE
600007247,Benchmark Customer 07247,benchmark.customer07247@example.test,ACTIVE
600007248,Benchmark Customer 07248,benchmark.customer07248@example.test,ACTIVE
600007249,Benchmark Customer 07249,benchmark.customer07249@example.test,ACTIVE
600007250,Benchmark Customer 07250,benchmark.customer07250@example.test,ACTIVE
600007251,Benchmark Customer 07251,benchmark.customer07251@example.test,ACTIVE
600007252,Benchmark Customer 07252,benchmark.customer07252@example.test,ACTIVE
600007253,Benchmark Customer 07253,benchmark.customer07253@example.test,ACTIVE
600007254,Benchmark Customer 07254,benchmark.customer07254@example.test,ACTIVE
600007255,Benchmark Customer 07255,benchmark.customer07255@example.test,ACTIVE
600007256,Benchmark Customer 07256,benchmark.customer07256@example.test,ACTIVE
600007257,Benchmark Customer 07257,benchmark.customer07257@example.test,ACTIVE
600007258,Benchmark Customer 07258,benchmark.customer07258@example.test,ACTIVE
600007259,Benchmark Customer 07259,benchmark.customer07259@example.test,ACTIVE
600007260,Benchmark Customer 07260,benchmark.customer07260@example.test,ACTIVE
600007261,Benchmark Customer 07261,benchmark.customer07261@example.test,ACTIVE
600007262,Benchmark Customer 07262,benchmark.customer07262@example.test,ACTIVE
600007263,Benchmark Customer 07263,benchmark.customer07263@example.test,ACTIVE
600007264,Benchmark Customer 07264,benchmark.customer07264@example.test,ACTIVE
600007265,Benchmark Customer 07265,benchmark.customer07265@example.test,ACTIVE
600007266,Benchmark Customer 07266,benchmark.customer07266@example.test,ACTIVE
600007267,Benchmark Customer 07267,benchmark.customer07267@example.test,ACTIVE
600007268,Benchmark Customer 07268,benchmark.customer07268@example.test,ACTIVE
600007269,Benchmark Customer 07269,benchmark.customer07269@example.test,ACTIVE
600007270,Benchmark Customer 07270,benchmark.customer07270@example.test,ACTIVE
600007271,Benchmark Customer 07271,benchmark.customer07271@example.test,ACTIVE
600007272,Benchmark Customer 07272,benchmark.customer07272@example.test,ACTIVE
600007273,Benchmark Customer 07273,benchmark.customer07273@example.test,ACTIVE
600007274,Benchmark Customer 07274,benchmark.customer07274@example.test,ACTIVE
600007275,Benchmark Customer 07275,benchmark.customer07275@example.test,ACTIVE
600007276,Benchmark Customer 07276,benchmark.customer07276@example.test,ACTIVE
600007277,Benchmark Customer 07277,benchmark.customer07277@example.test,ACTIVE
600007278,Benchmark Customer 07278,benchmark.customer07278@example.test,ACTIVE
600007279,Benchmark Customer 07279,benchmark.customer07279@example.test,ACTIVE
600007280,Benchmark Customer 07280,benchmark.customer07280@example.test,ACTIVE
600007281,Benchmark Customer 07281,benchmark.customer07281@example.test,ACTIVE
600007282,Benchmark Customer 07282,benchmark.customer07282@example.test,ACTIVE
600007283,Benchmark Customer 07283,benchmark.customer07283@example.test,ACTIVE
600007284,Benchmark Customer 07284,benchmark.customer07284@example.test,ACTIVE
600007285,Benchmark Customer 07285,benchmark.customer07285@example.test,ACTIVE
600007286,Benchmark Customer 07286,benchmark.customer07286@example.test,ACTIVE
600007287,Benchmark Customer 07287,benchmark.customer07287@example.test,ACTIVE
600007288,Benchmark Customer 07288,benchmark.customer07288@example.test,ACTIVE
600007289,Benchmark Customer 07289,benchmark.customer07289@example.test,ACTIVE
600007290,Benchmark Customer 07290,benchmark.customer07290@example.test,ACTIVE
600007291,Benchmark Customer 07291,benchmark.customer07291@example.test,ACTIVE
600007292,Benchmark Customer 07292,benchmark.customer07292@example.test,ACTIVE
600007293,Benchmark Customer 07293,benchmark.customer07293@example.test,ACTIVE
600007294,Benchmark Customer 07294,benchmark.customer07294@example.test,ACTIVE
600007295,Benchmark Customer 07295,benchmark.customer07295@example.test,ACTIVE
600007296,Benchmark Customer 07296,benchmark.customer07296@example.test,ACTIVE
600007297,Benchmark Customer 07297,benchmark.customer07297@example.test,ACTIVE
600007298,Benchmark Customer 07298,benchmark.customer07298@example.test,ACTIVE
600007299,Benchmark Customer 07299,benchmark.customer07299@example.test,ACTIVE
600007300,Benchmark Customer 07300,benchmark.customer07300@example.test,ACTIVE
600007301,Benchmark Customer 07301,benchmark.customer07301@example.test,ACTIVE
600007302,Benchmark Customer 07302,benchmark.customer07302@example.test,ACTIVE
600007303,Benchmark Customer 07303,benchmark.customer07303@example.test,ACTIVE
600007304,Benchmark Customer 07304,benchmark.customer07304@example.test,ACTIVE
600007305,Benchmark Customer 07305,benchmark.customer07305@example.test,ACTIVE
600007306,Benchmark Customer 07306,benchmark.customer07306@example.test,ACTIVE
600007307,Benchmark Customer 07307,benchmark.customer07307@example.test,ACTIVE
600007308,Benchmark Customer 07308,benchmark.customer07308@example.test,ACTIVE
600007309,Benchmark Customer 07309,benchmark.customer07309@example.test,ACTIVE
600007310,Benchmark Customer 07310,benchmark.customer07310@example.test,ACTIVE
600007311,Benchmark Customer 07311,benchmark.customer07311@example.test,ACTIVE
600007312,Benchmark Customer 07312,benchmark.customer07312@example.test,ACTIVE
600007313,Benchmark Customer 07313,benchmark.customer07313@example.test,ACTIVE
600007314,Benchmark Customer 07314,benchmark.customer07314@example.test,ACTIVE
600007315,Benchmark Customer 07315,benchmark.customer07315@example.test,ACTIVE
600007316,Benchmark Customer 07316,benchmark.customer07316@example.test,ACTIVE
600007317,Benchmark Customer 07317,benchmark.customer07317@example.test,ACTIVE
600007318,Benchmark Customer 07318,benchmark.customer07318@example.test,ACTIVE
600007319,Benchmark Customer 07319,benchmark.customer07319@example.test,ACTIVE
600007320,Benchmark Customer 07320,benchmark.customer07320@example.test,ACTIVE
600007321,Benchmark Customer 07321,benchmark.customer07321@example.test,ACTIVE
600007322,Benchmark Customer 07322,benchmark.customer07322@example.test,ACTIVE
600007323,Benchmark Customer 07323,benchmark.customer07323@example.test,ACTIVE
600007324,Benchmark Customer 07324,benchmark.customer07324@example.test,ACTIVE
600007325,Benchmark Customer 07325,benchmark.customer07325@example.test,ACTIVE
600007326,Benchmark Customer 07326,benchmark.customer07326@example.test,ACTIVE
600007327,Benchmark Customer 07327,benchmark.customer07327@example.test,ACTIVE
600007328,Benchmark Customer 07328,benchmark.customer07328@example.test,ACTIVE
600007329,Benchmark Customer 07329,benchmark.customer07329@example.test,ACTIVE
600007330,Benchmark Customer 07330,benchmark.customer07330@example.test,ACTIVE
600007331,Benchmark Customer 07331,benchmark.customer07331@example.test,ACTIVE
600007332,Benchmark Customer 07332,benchmark.customer07332@example.test,ACTIVE
600007333,Benchmark Customer 07333,benchmark.customer07333@example.test,ACTIVE
600007334,Benchmark Customer 07334,benchmark.customer07334@example.test,ACTIVE
600007335,Benchmark Customer 07335,benchmark.customer07335@example.test,ACTIVE
600007336,Benchmark Customer 07336,benchmark.customer07336@example.test,ACTIVE
600007337,Benchmark Customer 07337,benchmark.customer07337@example.test,ACTIVE
600007338,Benchmark Customer 07338,benchmark.customer07338@example.test,ACTIVE
600007339,Benchmark Customer 07339,benchmark.customer07339@example.test,ACTIVE
600007340,Benchmark Customer 07340,benchmark.customer07340@example.test,ACTIVE
600007341,Benchmark Customer 07341,benchmark.customer07341@example.test,ACTIVE
600007342,Benchmark Customer 07342,benchmark.customer07342@example.test,ACTIVE
600007343,Benchmark Customer 07343,benchmark.customer07343@example.test,ACTIVE
600007344,Benchmark Customer 07344,benchmark.customer07344@example.test,ACTIVE
600007345,Benchmark Customer 07345,benchmark.customer07345@example.test,ACTIVE
600007346,Benchmark Customer 07346,benchmark.customer07346@example.test,ACTIVE
600007347,Benchmark Customer 07347,benchmark.customer07347@example.test,ACTIVE
600007348,Benchmark Customer 07348,benchmark.customer07348@example.test,ACTIVE
600007349,Benchmark Customer 07349,benchmark.customer07349@example.test,ACTIVE
600007350,Benchmark Customer 07350,benchmark.customer07350@example.test,ACTIVE
600007351,Benchmark Customer 07351,benchmark.customer07351@example.test,ACTIVE
600007352,Benchmark Customer 07352,benchmark.customer07352@example.test,ACTIVE
600007353,Benchmark Customer 07353,benchmark.customer07353@example.test,ACTIVE
600007354,Benchmark Customer 07354,benchmark.customer07354@example.test,ACTIVE
600007355,Benchmark Customer 07355,benchmark.customer07355@example.test,ACTIVE
600007356,Benchmark Customer 07356,benchmark.customer07356@example.test,ACTIVE
600007357,Benchmark Customer 07357,benchmark.customer07357@example.test,ACTIVE
600007358,Benchmark Customer 07358,benchmark.customer07358@example.test,ACTIVE
600007359,Benchmark Customer 07359,benchmark.customer07359@example.test,ACTIVE
600007360,Benchmark Customer 07360,benchmark.customer07360@example.test,ACTIVE
600007361,Benchmark Customer 07361,benchmark.customer07361@example.test,ACTIVE
600007362,Benchmark Customer 07362,benchmark.customer07362@example.test,ACTIVE
600007363,Benchmark Customer 07363,benchmark.customer07363@example.test,ACTIVE
600007364,Benchmark Customer 07364,benchmark.customer07364@example.test,ACTIVE
600007365,Benchmark Customer 07365,benchmark.customer07365@example.test,ACTIVE
600007366,Benchmark Customer 07366,benchmark.customer07366@example.test,ACTIVE
600007367,Benchmark Customer 07367,benchmark.customer07367@example.test,ACTIVE
600007368,Benchmark Customer 07368,benchmark.customer07368@example.test,ACTIVE
600007369,Benchmark Customer 07369,benchmark.customer07369@example.test,ACTIVE
600007370,Benchmark Customer 07370,benchmark.customer07370@example.test,ACTIVE
600007371,Benchmark Customer 07371,benchmark.customer07371@example.test,ACTIVE
600007372,Benchmark Customer 07372,benchmark.customer07372@example.test,ACTIVE
600007373,Benchmark Customer 07373,benchmark.customer07373@example.test,ACTIVE
600007374,Benchmark Customer 07374,benchmark.customer07374@example.test,ACTIVE
600007375,Benchmark Customer 07375,benchmark.customer07375@example.test,ACTIVE
600007376,Benchmark Customer 07376,benchmark.customer07376@example.test,ACTIVE
600007377,Benchmark Customer 07377,benchmark.customer07377@example.test,ACTIVE
600007378,Benchmark Customer 07378,benchmark.customer07378@example.test,ACTIVE
600007379,Benchmark Customer 07379,benchmark.customer07379@example.test,ACTIVE
600007380,Benchmark Customer 07380,benchmark.customer07380@example.test,ACTIVE
600007381,Benchmark Customer 07381,benchmark.customer07381@example.test,ACTIVE
600007382,Benchmark Customer 07382,benchmark.customer07382@example.test,ACTIVE
600007383,Benchmark Customer 07383,benchmark.customer07383@example.test,ACTIVE
600007384,Benchmark Customer 07384,benchmark.customer07384@example.test,ACTIVE
600007385,Benchmark Customer 07385,benchmark.customer07385@example.test,ACTIVE
600007386,Benchmark Customer 07386,benchmark.customer07386@example.test,ACTIVE
600007387,Benchmark Customer 07387,benchmark.customer07387@example.test,ACTIVE
600007388,Benchmark Customer 07388,benchmark.customer07388@example.test,ACTIVE
600007389,Benchmark Customer 07389,benchmark.customer07389@example.test,ACTIVE
600007390,Benchmark Customer 07390,benchmark.customer07390@example.test,ACTIVE
600007391,Benchmark Customer 07391,benchmark.customer07391@example.test,ACTIVE
600007392,Benchmark Customer 07392,benchmark.customer07392@example.test,ACTIVE
600007393,Benchmark Customer 07393,benchmark.customer07393@example.test,ACTIVE
600007394,Benchmark Customer 07394,benchmark.customer07394@example.test,ACTIVE
600007395,Benchmark Customer 07395,benchmark.customer07395@example.test,ACTIVE
600007396,Benchmark Customer 07396,benchmark.customer07396@example.test,ACTIVE
600007397,Benchmark Customer 07397,benchmark.customer07397@example.test,ACTIVE
600007398,Benchmark Customer 07398,benchmark.customer07398@example.test,ACTIVE
600007399,Benchmark Customer 07399,benchmark.customer07399@example.test,ACTIVE
600007400,Benchmark Customer 07400,benchmark.customer07400@example.test,ACTIVE
600007401,Benchmark Customer 07401,benchmark.customer07401@example.test,ACTIVE
600007402,Benchmark Customer 07402,benchmark.customer07402@example.test,ACTIVE
600007403,Benchmark Customer 07403,benchmark.customer07403@example.test,ACTIVE
600007404,Benchmark Customer 07404,benchmark.customer07404@example.test,ACTIVE
600007405,Benchmark Customer 07405,benchmark.customer07405@example.test,ACTIVE
600007406,Benchmark Customer 07406,benchmark.customer07406@example.test,ACTIVE
600007407,Benchmark Customer 07407,benchmark.customer07407@example.test,ACTIVE
600007408,Benchmark Customer 07408,benchmark.customer07408@example.test,ACTIVE
600007409,Benchmark Customer 07409,benchmark.customer07409@example.test,ACTIVE
600007410,Benchmark Customer 07410,benchmark.customer07410@example.test,ACTIVE
600007411,Benchmark Customer 07411,benchmark.customer07411@example.test,ACTIVE
600007412,Benchmark Customer 07412,benchmark.customer07412@example.test,ACTIVE
600007413,Benchmark Customer 07413,benchmark.customer07413@example.test,ACTIVE
600007414,Benchmark Customer 07414,benchmark.customer07414@example.test,ACTIVE
600007415,Benchmark Customer 07415,benchmark.customer07415@example.test,ACTIVE
600007416,Benchmark Customer 07416,benchmark.customer07416@example.test,ACTIVE
600007417,Benchmark Customer 07417,benchmark.customer07417@example.test,ACTIVE
600007418,Benchmark Customer 07418,benchmark.customer07418@example.test,ACTIVE
600007419,Benchmark Customer 07419,benchmark.customer07419@example.test,ACTIVE
600007420,Benchmark Customer 07420,benchmark.customer07420@example.test,ACTIVE
600007421,Benchmark Customer 07421,benchmark.customer07421@example.test,ACTIVE
600007422,Benchmark Customer 07422,benchmark.customer07422@example.test,ACTIVE
600007423,Benchmark Customer 07423,benchmark.customer07423@example.test,ACTIVE
600007424,Benchmark Customer 07424,benchmark.customer07424@example.test,ACTIVE
600007425,Benchmark Customer 07425,benchmark.customer07425@example.test,ACTIVE
600007426,Benchmark Customer 07426,benchmark.customer07426@example.test,ACTIVE
600007427,Benchmark Customer 07427,benchmark.customer07427@example.test,ACTIVE
600007428,Benchmark Customer 07428,benchmark.customer07428@example.test,ACTIVE
600007429,Benchmark Customer 07429,benchmark.customer07429@example.test,ACTIVE
600007430,Benchmark Customer 07430,benchmark.customer07430@example.test,ACTIVE
600007431,Benchmark Customer 07431,benchmark.customer07431@example.test,ACTIVE
600007432,Benchmark Customer 07432,benchmark.customer07432@example.test,ACTIVE
600007433,Benchmark Customer 07433,benchmark.customer07433@example.test,ACTIVE
600007434,Benchmark Customer 07434,benchmark.customer07434@example.test,ACTIVE
600007435,Benchmark Customer 07435,benchmark.customer07435@example.test,ACTIVE
600007436,Benchmark Customer 07436,benchmark.customer07436@example.test,ACTIVE
600007437,Benchmark Customer 07437,benchmark.customer07437@example.test,ACTIVE
600007438,Benchmark Customer 07438,benchmark.customer07438@example.test,ACTIVE
600007439,Benchmark Customer 07439,benchmark.customer07439@example.test,ACTIVE
600007440,Benchmark Customer 07440,benchmark.customer07440@example.test,ACTIVE
600007441,Benchmark Customer 07441,benchmark.customer07441@example.test,ACTIVE
600007442,Benchmark Customer 07442,benchmark.customer07442@example.test,ACTIVE
600007443,Benchmark Customer 07443,benchmark.customer07443@example.test,ACTIVE
600007444,Benchmark Customer 07444,benchmark.customer07444@example.test,ACTIVE
600007445,Benchmark Customer 07445,benchmark.customer07445@example.test,ACTIVE
600007446,Benchmark Customer 07446,benchmark.customer07446@example.test,ACTIVE
600007447,Benchmark Customer 07447,benchmark.customer07447@example.test,ACTIVE
600007448,Benchmark Customer 07448,benchmark.customer07448@example.test,ACTIVE
600007449,Benchmark Customer 07449,benchmark.customer07449@example.test,ACTIVE
600007450,Benchmark Customer 07450,benchmark.customer07450@example.test,ACTIVE
600007451,Benchmark Customer 07451,benchmark.customer07451@example.test,ACTIVE
600007452,Benchmark Customer 07452,benchmark.customer07452@example.test,ACTIVE
600007453,Benchmark Customer 07453,benchmark.customer07453@example.test,ACTIVE
600007454,Benchmark Customer 07454,benchmark.customer07454@example.test,ACTIVE
600007455,Benchmark Customer 07455,benchmark.customer07455@example.test,ACTIVE
600007456,Benchmark Customer 07456,benchmark.customer07456@example.test,ACTIVE
600007457,Benchmark Customer 07457,benchmark.customer07457@example.test,ACTIVE
600007458,Benchmark Customer 07458,benchmark.customer07458@example.test,ACTIVE
600007459,Benchmark Customer 07459,benchmark.customer07459@example.test,ACTIVE
600007460,Benchmark Customer 07460,benchmark.customer07460@example.test,ACTIVE
600007461,Benchmark Customer 07461,benchmark.customer07461@example.test,ACTIVE
600007462,Benchmark Customer 07462,benchmark.customer07462@example.test,ACTIVE
600007463,Benchmark Customer 07463,benchmark.customer07463@example.test,ACTIVE
600007464,Benchmark Customer 07464,benchmark.customer07464@example.test,ACTIVE
600007465,Benchmark Customer 07465,benchmark.customer07465@example.test,ACTIVE
600007466,Benchmark Customer 07466,benchmark.customer07466@example.test,ACTIVE
600007467,Benchmark Customer 07467,benchmark.customer07467@example.test,ACTIVE
600007468,Benchmark Customer 07468,benchmark.customer07468@example.test,ACTIVE
600007469,Benchmark Customer 07469,benchmark.customer07469@example.test,ACTIVE
600007470,Benchmark Customer 07470,benchmark.customer07470@example.test,ACTIVE
600007471,Benchmark Customer 07471,benchmark.customer07471@example.test,ACTIVE
600007472,Benchmark Customer 07472,benchmark.customer07472@example.test,ACTIVE
600007473,Benchmark Customer 07473,benchmark.customer07473@example.test,ACTIVE
600007474,Benchmark Customer 07474,benchmark.customer07474@example.test,ACTIVE
600007475,Benchmark Customer 07475,benchmark.customer07475@example.test,ACTIVE
600007476,Benchmark Customer 07476,benchmark.customer07476@example.test,ACTIVE
600007477,Benchmark Customer 07477,benchmark.customer07477@example.test,ACTIVE
600007478,Benchmark Customer 07478,benchmark.customer07478@example.test,ACTIVE
600007479,Benchmark Customer 07479,benchmark.customer07479@example.test,ACTIVE
600007480,Benchmark Customer 07480,benchmark.customer07480@example.test,ACTIVE
600007481,Benchmark Customer 07481,benchmark.customer07481@example.test,ACTIVE
600007482,Benchmark Customer 07482,benchmark.customer07482@example.test,ACTIVE
600007483,Benchmark Customer 07483,benchmark.customer07483@example.test,ACTIVE
600007484,Benchmark Customer 07484,benchmark.customer07484@example.test,ACTIVE
600007485,Benchmark Customer 07485,benchmark.customer07485@example.test,ACTIVE
600007486,Benchmark Customer 07486,benchmark.customer07486@example.test,ACTIVE
600007487,Benchmark Customer 07487,benchmark.customer07487@example.test,ACTIVE
600007488,Benchmark Customer 07488,benchmark.customer07488@example.test,ACTIVE
600007489,Benchmark Customer 07489,benchmark.customer07489@example.test,ACTIVE
600007490,Benchmark Customer 07490,benchmark.customer07490@example.test,ACTIVE
600007491,Benchmark Customer 07491,benchmark.customer07491@example.test,ACTIVE
600007492,Benchmark Customer 07492,benchmark.customer07492@example.test,ACTIVE
600007493,Benchmark Customer 07493,benchmark.customer07493@example.test,ACTIVE
600007494,Benchmark Customer 07494,benchmark.customer07494@example.test,ACTIVE
600007495,Benchmark Customer 07495,benchmark.customer07495@example.test,ACTIVE
600007496,Benchmark Customer 07496,benchmark.customer07496@example.test,ACTIVE
600007497,Benchmark Customer 07497,benchmark.customer07497@example.test,ACTIVE
600007498,Benchmark Customer 07498,benchmark.customer07498@example.test,ACTIVE
600007499,Benchmark Customer 07499,benchmark.customer07499@example.test,ACTIVE
600007500,Benchmark Customer 07500,benchmark.customer07500@example.test,ACTIVE
600007501,Benchmark Customer 07501,benchmark.customer07501@example.test,ACTIVE
600007502,Benchmark Customer 07502,benchmark.customer07502@example.test,ACTIVE
600007503,Benchmark Customer 07503,benchmark.customer07503@example.test,ACTIVE
600007504,Benchmark Customer 07504,benchmark.customer07504@example.test,ACTIVE
600007505,Benchmark Customer 07505,benchmark.customer07505@example.test,ACTIVE
600007506,Benchmark Customer 07506,benchmark.customer07506@example.test,ACTIVE
600007507,Benchmark Customer 07507,benchmark.customer07507@example.test,ACTIVE
600007508,Benchmark Customer 07508,benchmark.customer07508@example.test,ACTIVE
600007509,Benchmark Customer 07509,benchmark.customer07509@example.test,ACTIVE
600007510,Benchmark Customer 07510,benchmark.customer07510@example.test,ACTIVE
600007511,Benchmark Customer 07511,benchmark.customer07511@example.test,ACTIVE
600007512,Benchmark Customer 07512,benchmark.customer07512@example.test,ACTIVE
600007513,Benchmark Customer 07513,benchmark.customer07513@example.test,ACTIVE
600007514,Benchmark Customer 07514,benchmark.customer07514@example.test,ACTIVE
600007515,Benchmark Customer 07515,benchmark.customer07515@example.test,ACTIVE
600007516,Benchmark Customer 07516,benchmark.customer07516@example.test,ACTIVE
600007517,Benchmark Customer 07517,benchmark.customer07517@example.test,ACTIVE
600007518,Benchmark Customer 07518,benchmark.customer07518@example.test,ACTIVE
600007519,Benchmark Customer 07519,benchmark.customer07519@example.test,ACTIVE
600007520,Benchmark Customer 07520,benchmark.customer07520@example.test,ACTIVE
600007521,Benchmark Customer 07521,benchmark.customer07521@example.test,ACTIVE
600007522,Benchmark Customer 07522,benchmark.customer07522@example.test,ACTIVE
600007523,Benchmark Customer 07523,benchmark.customer07523@example.test,ACTIVE
600007524,Benchmark Customer 07524,benchmark.customer07524@example.test,ACTIVE
600007525,Benchmark Customer 07525,benchmark.customer07525@example.test,ACTIVE
600007526,Benchmark Customer 07526,benchmark.customer07526@example.test,ACTIVE
600007527,Benchmark Customer 07527,benchmark.customer07527@example.test,ACTIVE
600007528,Benchmark Customer 07528,benchmark.customer07528@example.test,ACTIVE
600007529,Benchmark Customer 07529,benchmark.customer07529@example.test,ACTIVE
600007530,Benchmark Customer 07530,benchmark.customer07530@example.test,ACTIVE
600007531,Benchmark Customer 07531,benchmark.customer07531@example.test,ACTIVE
600007532,Benchmark Customer 07532,benchmark.customer07532@example.test,ACTIVE
600007533,Benchmark Customer 07533,benchmark.customer07533@example.test,ACTIVE
600007534,Benchmark Customer 07534,benchmark.customer07534@example.test,ACTIVE
600007535,Benchmark Customer 07535,benchmark.customer07535@example.test,ACTIVE
600007536,Benchmark Customer 07536,benchmark.customer07536@example.test,ACTIVE
600007537,Benchmark Customer 07537,benchmark.customer07537@example.test,ACTIVE
600007538,Benchmark Customer 07538,benchmark.customer07538@example.test,ACTIVE
600007539,Benchmark Customer 07539,benchmark.customer07539@example.test,ACTIVE
600007540,Benchmark Customer 07540,benchmark.customer07540@example.test,ACTIVE
600007541,Benchmark Customer 07541,benchmark.customer07541@example.test,ACTIVE
600007542,Benchmark Customer 07542,benchmark.customer07542@example.test,ACTIVE
600007543,Benchmark Customer 07543,benchmark.customer07543@example.test,ACTIVE
600007544,Benchmark Customer 07544,benchmark.customer07544@example.test,ACTIVE
600007545,Benchmark Customer 07545,benchmark.customer07545@example.test,ACTIVE
600007546,Benchmark Customer 07546,benchmark.customer07546@example.test,ACTIVE
600007547,Benchmark Customer 07547,benchmark.customer07547@example.test,ACTIVE
600007548,Benchmark Customer 07548,benchmark.customer07548@example.test,ACTIVE
600007549,Benchmark Customer 07549,benchmark.customer07549@example.test,ACTIVE
600007550,Benchmark Customer 07550,benchmark.customer07550@example.test,ACTIVE
600007551,Benchmark Customer 07551,benchmark.customer07551@example.test,ACTIVE
600007552,Benchmark Customer 07552,benchmark.customer07552@example.test,ACTIVE
600007553,Benchmark Customer 07553,benchmark.customer07553@example.test,ACTIVE
600007554,Benchmark Customer 07554,benchmark.customer07554@example.test,ACTIVE
600007555,Benchmark Customer 07555,benchmark.customer07555@example.test,ACTIVE
600007556,Benchmark Customer 07556,benchmark.customer07556@example.test,ACTIVE
600007557,Benchmark Customer 07557,benchmark.customer07557@example.test,ACTIVE
600007558,Benchmark Customer 07558,benchmark.customer07558@example.test,ACTIVE
600007559,Benchmark Customer 07559,benchmark.customer07559@example.test,ACTIVE
600007560,Benchmark Customer 07560,benchmark.customer07560@example.test,ACTIVE
600007561,Benchmark Customer 07561,benchmark.customer07561@example.test,ACTIVE
600007562,Benchmark Customer 07562,benchmark.customer07562@example.test,ACTIVE
600007563,Benchmark Customer 07563,benchmark.customer07563@example.test,ACTIVE
600007564,Benchmark Customer 07564,benchmark.customer07564@example.test,ACTIVE
600007565,Benchmark Customer 07565,benchmark.customer07565@example.test,ACTIVE
600007566,Benchmark Customer 07566,benchmark.customer07566@example.test,ACTIVE
600007567,Benchmark Customer 07567,benchmark.customer07567@example.test,ACTIVE
600007568,Benchmark Customer 07568,benchmark.customer07568@example.test,ACTIVE
600007569,Benchmark Customer 07569,benchmark.customer07569@example.test,ACTIVE
600007570,Benchmark Customer 07570,benchmark.customer07570@example.test,ACTIVE
600007571,Benchmark Customer 07571,benchmark.customer07571@example.test,ACTIVE
600007572,Benchmark Customer 07572,benchmark.customer07572@example.test,ACTIVE
600007573,Benchmark Customer 07573,benchmark.customer07573@example.test,ACTIVE
600007574,Benchmark Customer 07574,benchmark.customer07574@example.test,ACTIVE
600007575,Benchmark Customer 07575,benchmark.customer07575@example.test,ACTIVE
600007576,Benchmark Customer 07576,benchmark.customer07576@example.test,ACTIVE
600007577,Benchmark Customer 07577,benchmark.customer07577@example.test,ACTIVE
600007578,Benchmark Customer 07578,benchmark.customer07578@example.test,ACTIVE
600007579,Benchmark Customer 07579,benchmark.customer07579@example.test,ACTIVE
600007580,Benchmark Customer 07580,benchmark.customer07580@example.test,ACTIVE
600007581,Benchmark Customer 07581,benchmark.customer07581@example.test,ACTIVE
600007582,Benchmark Customer 07582,benchmark.customer07582@example.test,ACTIVE
600007583,Benchmark Customer 07583,benchmark.customer07583@example.test,ACTIVE
600007584,Benchmark Customer 07584,benchmark.customer07584@example.test,ACTIVE
600007585,Benchmark Customer 07585,benchmark.customer07585@example.test,ACTIVE
600007586,Benchmark Customer 07586,benchmark.customer07586@example.test,ACTIVE
600007587,Benchmark Customer 07587,benchmark.customer07587@example.test,ACTIVE
600007588,Benchmark Customer 07588,benchmark.customer07588@example.test,ACTIVE
600007589,Benchmark Customer 07589,benchmark.customer07589@example.test,ACTIVE
600007590,Benchmark Customer 07590,benchmark.customer07590@example.test,ACTIVE
600007591,Benchmark Customer 07591,benchmark.customer07591@example.test,ACTIVE
600007592,Benchmark Customer 07592,benchmark.customer07592@example.test,ACTIVE
600007593,Benchmark Customer 07593,benchmark.customer07593@example.test,ACTIVE
600007594,Benchmark Customer 07594,benchmark.customer07594@example.test,ACTIVE
600007595,Benchmark Customer 07595,benchmark.customer07595@example.test,ACTIVE
600007596,Benchmark Customer 07596,benchmark.customer07596@example.test,ACTIVE
600007597,Benchmark Customer 07597,benchmark.customer07597@example.test,ACTIVE
600007598,Benchmark Customer 07598,benchmark.customer07598@example.test,ACTIVE
600007599,Benchmark Customer 07599,benchmark.customer07599@example.test,ACTIVE
600007600,Benchmark Customer 07600,benchmark.customer07600@example.test,ACTIVE
600007601,Benchmark Customer 07601,benchmark.customer07601@example.test,ACTIVE
600007602,Benchmark Customer 07602,benchmark.customer07602@example.test,ACTIVE
600007603,Benchmark Customer 07603,benchmark.customer07603@example.test,ACTIVE
600007604,Benchmark Customer 07604,benchmark.customer07604@example.test,ACTIVE
600007605,Benchmark Customer 07605,benchmark.customer07605@example.test,ACTIVE
600007606,Benchmark Customer 07606,benchmark.customer07606@example.test,ACTIVE
600007607,Benchmark Customer 07607,benchmark.customer07607@example.test,ACTIVE
600007608,Benchmark Customer 07608,benchmark.customer07608@example.test,ACTIVE
600007609,Benchmark Customer 07609,benchmark.customer07609@example.test,ACTIVE
600007610,Benchmark Customer 07610,benchmark.customer07610@example.test,ACTIVE
600007611,Benchmark Customer 07611,benchmark.customer07611@example.test,ACTIVE
600007612,Benchmark Customer 07612,benchmark.customer07612@example.test,ACTIVE
600007613,Benchmark Customer 07613,benchmark.customer07613@example.test,ACTIVE
600007614,Benchmark Customer 07614,benchmark.customer07614@example.test,ACTIVE
600007615,Benchmark Customer 07615,benchmark.customer07615@example.test,ACTIVE
600007616,Benchmark Customer 07616,benchmark.customer07616@example.test,ACTIVE
600007617,Benchmark Customer 07617,benchmark.customer07617@example.test,ACTIVE
600007618,Benchmark Customer 07618,benchmark.customer07618@example.test,ACTIVE
600007619,Benchmark Customer 07619,benchmark.customer07619@example.test,ACTIVE
600007620,Benchmark Customer 07620,benchmark.customer07620@example.test,ACTIVE
600007621,Benchmark Customer 07621,benchmark.customer07621@example.test,ACTIVE
600007622,Benchmark Customer 07622,benchmark.customer07622@example.test,ACTIVE
600007623,Benchmark Customer 07623,benchmark.customer07623@example.test,ACTIVE
600007624,Benchmark Customer 07624,benchmark.customer07624@example.test,ACTIVE
600007625,Benchmark Customer 07625,benchmark.customer07625@example.test,ACTIVE
600007626,Benchmark Customer 07626,benchmark.customer07626@example.test,ACTIVE
600007627,Benchmark Customer 07627,benchmark.customer07627@example.test,ACTIVE
600007628,Benchmark Customer 07628,benchmark.customer07628@example.test,ACTIVE
600007629,Benchmark Customer 07629,benchmark.customer07629@example.test,ACTIVE
600007630,Benchmark Customer 07630,benchmark.customer07630@example.test,ACTIVE
600007631,Benchmark Customer 07631,benchmark.customer07631@example.test,ACTIVE
600007632,Benchmark Customer 07632,benchmark.customer07632@example.test,ACTIVE
600007633,Benchmark Customer 07633,benchmark.customer07633@example.test,ACTIVE
600007634,Benchmark Customer 07634,benchmark.customer07634@example.test,ACTIVE
600007635,Benchmark Customer 07635,benchmark.customer07635@example.test,ACTIVE
600007636,Benchmark Customer 07636,benchmark.customer07636@example.test,ACTIVE
600007637,Benchmark Customer 07637,benchmark.customer07637@example.test,ACTIVE
600007638,Benchmark Customer 07638,benchmark.customer07638@example.test,ACTIVE
600007639,Benchmark Customer 07639,benchmark.customer07639@example.test,ACTIVE
600007640,Benchmark Customer 07640,benchmark.customer07640@example.test,ACTIVE
600007641,Benchmark Customer 07641,benchmark.customer07641@example.test,ACTIVE
600007642,Benchmark Customer 07642,benchmark.customer07642@example.test,ACTIVE
600007643,Benchmark Customer 07643,benchmark.customer07643@example.test,ACTIVE
600007644,Benchmark Customer 07644,benchmark.customer07644@example.test,ACTIVE
600007645,Benchmark Customer 07645,benchmark.customer07645@example.test,ACTIVE
600007646,Benchmark Customer 07646,benchmark.customer07646@example.test,ACTIVE
600007647,Benchmark Customer 07647,benchmark.customer07647@example.test,ACTIVE
600007648,Benchmark Customer 07648,benchmark.customer07648@example.test,ACTIVE
600007649,Benchmark Customer 07649,benchmark.customer07649@example.test,ACTIVE
600007650,Benchmark Customer 07650,benchmark.customer07650@example.test,ACTIVE
600007651,Benchmark Customer 07651,benchmark.customer07651@example.test,ACTIVE
600007652,Benchmark Customer 07652,benchmark.customer07652@example.test,ACTIVE
600007653,Benchmark Customer 07653,benchmark.customer07653@example.test,ACTIVE
600007654,Benchmark Customer 07654,benchmark.customer07654@example.test,ACTIVE
600007655,Benchmark Customer 07655,benchmark.customer07655@example.test,ACTIVE
600007656,Benchmark Customer 07656,benchmark.customer07656@example.test,ACTIVE
600007657,Benchmark Customer 07657,benchmark.customer07657@example.test,ACTIVE
600007658,Benchmark Customer 07658,benchmark.customer07658@example.test,ACTIVE
600007659,Benchmark Customer 07659,benchmark.customer07659@example.test,ACTIVE
600007660,Benchmark Customer 07660,benchmark.customer07660@example.test,ACTIVE
600007661,Benchmark Customer 07661,benchmark.customer07661@example.test,ACTIVE
600007662,Benchmark Customer 07662,benchmark.customer07662@example.test,ACTIVE
600007663,Benchmark Customer 07663,benchmark.customer07663@example.test,ACTIVE
600007664,Benchmark Customer 07664,benchmark.customer07664@example.test,ACTIVE
600007665,Benchmark Customer 07665,benchmark.customer07665@example.test,ACTIVE
600007666,Benchmark Customer 07666,benchmark.customer07666@example.test,ACTIVE
600007667,Benchmark Customer 07667,benchmark.customer07667@example.test,ACTIVE
600007668,Benchmark Customer 07668,benchmark.customer07668@example.test,ACTIVE
600007669,Benchmark Customer 07669,benchmark.customer07669@example.test,ACTIVE
600007670,Benchmark Customer 07670,benchmark.customer07670@example.test,ACTIVE
600007671,Benchmark Customer 07671,benchmark.customer07671@example.test,ACTIVE
600007672,Benchmark Customer 07672,benchmark.customer07672@example.test,ACTIVE
600007673,Benchmark Customer 07673,benchmark.customer07673@example.test,ACTIVE
600007674,Benchmark Customer 07674,benchmark.customer07674@example.test,ACTIVE
600007675,Benchmark Customer 07675,benchmark.customer07675@example.test,ACTIVE
600007676,Benchmark Customer 07676,benchmark.customer07676@example.test,ACTIVE
600007677,Benchmark Customer 07677,benchmark.customer07677@example.test,ACTIVE
600007678,Benchmark Customer 07678,benchmark.customer07678@example.test,ACTIVE
600007679,Benchmark Customer 07679,benchmark.customer07679@example.test,ACTIVE
600007680,Benchmark Customer 07680,benchmark.customer07680@example.test,ACTIVE
600007681,Benchmark Customer 07681,benchmark.customer07681@example.test,ACTIVE
600007682,Benchmark Customer 07682,benchmark.customer07682@example.test,ACTIVE
600007683,Benchmark Customer 07683,benchmark.customer07683@example.test,ACTIVE
600007684,Benchmark Customer 07684,benchmark.customer07684@example.test,ACTIVE
600007685,Benchmark Customer 07685,benchmark.customer07685@example.test,ACTIVE
600007686,Benchmark Customer 07686,benchmark.customer07686@example.test,ACTIVE
600007687,Benchmark Customer 07687,benchmark.customer07687@example.test,ACTIVE
600007688,Benchmark Customer 07688,benchmark.customer07688@example.test,ACTIVE
600007689,Benchmark Customer 07689,benchmark.customer07689@example.test,ACTIVE
600007690,Benchmark Customer 07690,benchmark.customer07690@example.test,ACTIVE
600007691,Benchmark Customer 07691,benchmark.customer07691@example.test,ACTIVE
600007692,Benchmark Customer 07692,benchmark.customer07692@example.test,ACTIVE
600007693,Benchmark Customer 07693,benchmark.customer07693@example.test,ACTIVE
600007694,Benchmark Customer 07694,benchmark.customer07694@example.test,ACTIVE
600007695,Benchmark Customer 07695,benchmark.customer07695@example.test,ACTIVE
600007696,Benchmark Customer 07696,benchmark.customer07696@example.test,ACTIVE
600007697,Benchmark Customer 07697,benchmark.customer07697@example.test,ACTIVE
600007698,Benchmark Customer 07698,benchmark.customer07698@example.test,ACTIVE
600007699,Benchmark Customer 07699,benchmark.customer07699@example.test,ACTIVE
600007700,Benchmark Customer 07700,benchmark.customer07700@example.test,ACTIVE
600007701,Benchmark Customer 07701,benchmark.customer07701@example.test,ACTIVE
600007702,Benchmark Customer 07702,benchmark.customer07702@example.test,ACTIVE
600007703,Benchmark Customer 07703,benchmark.customer07703@example.test,ACTIVE
600007704,Benchmark Customer 07704,benchmark.customer07704@example.test,ACTIVE
600007705,Benchmark Customer 07705,benchmark.customer07705@example.test,ACTIVE
600007706,Benchmark Customer 07706,benchmark.customer07706@example.test,ACTIVE
600007707,Benchmark Customer 07707,benchmark.customer07707@example.test,ACTIVE
600007708,Benchmark Customer 07708,benchmark.customer07708@example.test,ACTIVE
600007709,Benchmark Customer 07709,benchmark.customer07709@example.test,ACTIVE
600007710,Benchmark Customer 07710,benchmark.customer07710@example.test,ACTIVE
600007711,Benchmark Customer 07711,benchmark.customer07711@example.test,ACTIVE
600007712,Benchmark Customer 07712,benchmark.customer07712@example.test,ACTIVE
600007713,Benchmark Customer 07713,benchmark.customer07713@example.test,ACTIVE
600007714,Benchmark Customer 07714,benchmark.customer07714@example.test,ACTIVE
600007715,Benchmark Customer 07715,benchmark.customer07715@example.test,ACTIVE
600007716,Benchmark Customer 07716,benchmark.customer07716@example.test,ACTIVE
600007717,Benchmark Customer 07717,benchmark.customer07717@example.test,ACTIVE
600007718,Benchmark Customer 07718,benchmark.customer07718@example.test,ACTIVE
600007719,Benchmark Customer 07719,benchmark.customer07719@example.test,ACTIVE
600007720,Benchmark Customer 07720,benchmark.customer07720@example.test,ACTIVE
600007721,Benchmark Customer 07721,benchmark.customer07721@example.test,ACTIVE
600007722,Benchmark Customer 07722,benchmark.customer07722@example.test,ACTIVE
600007723,Benchmark Customer 07723,benchmark.customer07723@example.test,ACTIVE
600007724,Benchmark Customer 07724,benchmark.customer07724@example.test,ACTIVE
600007725,Benchmark Customer 07725,benchmark.customer07725@example.test,ACTIVE
600007726,Benchmark Customer 07726,benchmark.customer07726@example.test,ACTIVE
600007727,Benchmark Customer 07727,benchmark.customer07727@example.test,ACTIVE
600007728,Benchmark Customer 07728,benchmark.customer07728@example.test,ACTIVE
600007729,Benchmark Customer 07729,benchmark.customer07729@example.test,ACTIVE
600007730,Benchmark Customer 07730,benchmark.customer07730@example.test,ACTIVE
600007731,Benchmark Customer 07731,benchmark.customer07731@example.test,ACTIVE
600007732,Benchmark Customer 07732,benchmark.customer07732@example.test,ACTIVE
600007733,Benchmark Customer 07733,benchmark.customer07733@example.test,ACTIVE
600007734,Benchmark Customer 07734,benchmark.customer07734@example.test,ACTIVE
600007735,Benchmark Customer 07735,benchmark.customer07735@example.test,ACTIVE
600007736,Benchmark Customer 07736,benchmark.customer07736@example.test,ACTIVE
600007737,Benchmark Customer 07737,benchmark.customer07737@example.test,ACTIVE
600007738,Benchmark Customer 07738,benchmark.customer07738@example.test,ACTIVE
600007739,Benchmark Customer 07739,benchmark.customer07739@example.test,ACTIVE
600007740,Benchmark Customer 07740,benchmark.customer07740@example.test,ACTIVE
600007741,Benchmark Customer 07741,benchmark.customer07741@example.test,ACTIVE
600007742,Benchmark Customer 07742,benchmark.customer07742@example.test,ACTIVE
600007743,Benchmark Customer 07743,benchmark.customer07743@example.test,ACTIVE
600007744,Benchmark Customer 07744,benchmark.customer07744@example.test,ACTIVE
600007745,Benchmark Customer 07745,benchmark.customer07745@example.test,ACTIVE
600007746,Benchmark Customer 07746,benchmark.customer07746@example.test,ACTIVE
600007747,Benchmark Customer 07747,benchmark.customer07747@example.test,ACTIVE
600007748,Benchmark Customer 07748,benchmark.customer07748@example.test,ACTIVE
600007749,Benchmark Customer 07749,benchmark.customer07749@example.test,ACTIVE
600007750,Benchmark Customer 07750,benchmark.customer07750@example.test,ACTIVE
600007751,Benchmark Customer 07751,benchmark.customer07751@example.test,ACTIVE
600007752,Benchmark Customer 07752,benchmark.customer07752@example.test,ACTIVE
600007753,Benchmark Customer 07753,benchmark.customer07753@example.test,ACTIVE
600007754,Benchmark Customer 07754,benchmark.customer07754@example.test,ACTIVE
600007755,Benchmark Customer 07755,benchmark.customer07755@example.test,ACTIVE
600007756,Benchmark Customer 07756,benchmark.customer07756@example.test,ACTIVE
600007757,Benchmark Customer 07757,benchmark.customer07757@example.test,ACTIVE
600007758,Benchmark Customer 07758,benchmark.customer07758@example.test,ACTIVE
600007759,Benchmark Customer 07759,benchmark.customer07759@example.test,ACTIVE
600007760,Benchmark Customer 07760,benchmark.customer07760@example.test,ACTIVE
600007761,Benchmark Customer 07761,benchmark.customer07761@example.test,ACTIVE
600007762,Benchmark Customer 07762,benchmark.customer07762@example.test,ACTIVE
600007763,Benchmark Customer 07763,benchmark.customer07763@example.test,ACTIVE
600007764,Benchmark Customer 07764,benchmark.customer07764@example.test,ACTIVE
600007765,Benchmark Customer 07765,benchmark.customer07765@example.test,ACTIVE
600007766,Benchmark Customer 07766,benchmark.customer07766@example.test,ACTIVE
600007767,Benchmark Customer 07767,benchmark.customer07767@example.test,ACTIVE
600007768,Benchmark Customer 07768,benchmark.customer07768@example.test,ACTIVE
600007769,Benchmark Customer 07769,benchmark.customer07769@example.test,ACTIVE
600007770,Benchmark Customer 07770,benchmark.customer07770@example.test,ACTIVE
600007771,Benchmark Customer 07771,benchmark.customer07771@example.test,ACTIVE
600007772,Benchmark Customer 07772,benchmark.customer07772@example.test,ACTIVE
600007773,Benchmark Customer 07773,benchmark.customer07773@example.test,ACTIVE
600007774,Benchmark Customer 07774,benchmark.customer07774@example.test,ACTIVE
600007775,Benchmark Customer 07775,benchmark.customer07775@example.test,ACTIVE
600007776,Benchmark Customer 07776,benchmark.customer07776@example.test,ACTIVE
600007777,Benchmark Customer 07777,benchmark.customer07777@example.test,ACTIVE
600007778,Benchmark Customer 07778,benchmark.customer07778@example.test,ACTIVE
600007779,Benchmark Customer 07779,benchmark.customer07779@example.test,ACTIVE
600007780,Benchmark Customer 07780,benchmark.customer07780@example.test,ACTIVE
600007781,Benchmark Customer 07781,benchmark.customer07781@example.test,ACTIVE
600007782,Benchmark Customer 07782,benchmark.customer07782@example.test,ACTIVE
600007783,Benchmark Customer 07783,benchmark.customer07783@example.test,ACTIVE
600007784,Benchmark Customer 07784,benchmark.customer07784@example.test,ACTIVE
600007785,Benchmark Customer 07785,benchmark.customer07785@example.test,ACTIVE
600007786,Benchmark Customer 07786,benchmark.customer07786@example.test,ACTIVE
600007787,Benchmark Customer 07787,benchmark.customer07787@example.test,ACTIVE
600007788,Benchmark Customer 07788,benchmark.customer07788@example.test,ACTIVE
600007789,Benchmark Customer 07789,benchmark.customer07789@example.test,ACTIVE
600007790,Benchmark Customer 07790,benchmark.customer07790@example.test,ACTIVE
600007791,Benchmark Customer 07791,benchmark.customer07791@example.test,ACTIVE
600007792,Benchmark Customer 07792,benchmark.customer07792@example.test,ACTIVE
600007793,Benchmark Customer 07793,benchmark.customer07793@example.test,ACTIVE
600007794,Benchmark Customer 07794,benchmark.customer07794@example.test,ACTIVE
600007795,Benchmark Customer 07795,benchmark.customer07795@example.test,ACTIVE
600007796,Benchmark Customer 07796,benchmark.customer07796@example.test,ACTIVE
600007797,Benchmark Customer 07797,benchmark.customer07797@example.test,ACTIVE
600007798,Benchmark Customer 07798,benchmark.customer07798@example.test,ACTIVE
600007799,Benchmark Customer 07799,benchmark.customer07799@example.test,ACTIVE
600007800,Benchmark Customer 07800,benchmark.customer07800@example.test,ACTIVE
600007801,Benchmark Customer 07801,benchmark.customer07801@example.test,ACTIVE
600007802,Benchmark Customer 07802,benchmark.customer07802@example.test,ACTIVE
600007803,Benchmark Customer 07803,benchmark.customer07803@example.test,ACTIVE
600007804,Benchmark Customer 07804,benchmark.customer07804@example.test,ACTIVE
600007805,Benchmark Customer 07805,benchmark.customer07805@example.test,ACTIVE
600007806,Benchmark Customer 07806,benchmark.customer07806@example.test,ACTIVE
600007807,Benchmark Customer 07807,benchmark.customer07807@example.test,ACTIVE
600007808,Benchmark Customer 07808,benchmark.customer07808@example.test,ACTIVE
600007809,Benchmark Customer 07809,benchmark.customer07809@example.test,ACTIVE
600007810,Benchmark Customer 07810,benchmark.customer07810@example.test,ACTIVE
600007811,Benchmark Customer 07811,benchmark.customer07811@example.test,ACTIVE
600007812,Benchmark Customer 07812,benchmark.customer07812@example.test,ACTIVE
600007813,Benchmark Customer 07813,benchmark.customer07813@example.test,ACTIVE
600007814,Benchmark Customer 07814,benchmark.customer07814@example.test,ACTIVE
600007815,Benchmark Customer 07815,benchmark.customer07815@example.test,ACTIVE
600007816,Benchmark Customer 07816,benchmark.customer07816@example.test,ACTIVE
600007817,Benchmark Customer 07817,benchmark.customer07817@example.test,ACTIVE
600007818,Benchmark Customer 07818,benchmark.customer07818@example.test,ACTIVE
600007819,Benchmark Customer 07819,benchmark.customer07819@example.test,ACTIVE
600007820,Benchmark Customer 07820,benchmark.customer07820@example.test,ACTIVE
600007821,Benchmark Customer 07821,benchmark.customer07821@example.test,ACTIVE
600007822,Benchmark Customer 07822,benchmark.customer07822@example.test,ACTIVE
600007823,Benchmark Customer 07823,benchmark.customer07823@example.test,ACTIVE
600007824,Benchmark Customer 07824,benchmark.customer07824@example.test,ACTIVE
600007825,Benchmark Customer 07825,benchmark.customer07825@example.test,ACTIVE
600007826,Benchmark Customer 07826,benchmark.customer07826@example.test,ACTIVE
600007827,Benchmark Customer 07827,benchmark.customer07827@example.test,ACTIVE
600007828,Benchmark Customer 07828,benchmark.customer07828@example.test,ACTIVE
600007829,Benchmark Customer 07829,benchmark.customer07829@example.test,ACTIVE
600007830,Benchmark Customer 07830,benchmark.customer07830@example.test,ACTIVE
600007831,Benchmark Customer 07831,benchmark.customer07831@example.test,ACTIVE
600007832,Benchmark Customer 07832,benchmark.customer07832@example.test,ACTIVE
600007833,Benchmark Customer 07833,benchmark.customer07833@example.test,ACTIVE
600007834,Benchmark Customer 07834,benchmark.customer07834@example.test,ACTIVE
600007835,Benchmark Customer 07835,benchmark.customer07835@example.test,ACTIVE
600007836,Benchmark Customer 07836,benchmark.customer07836@example.test,ACTIVE
600007837,Benchmark Customer 07837,benchmark.customer07837@example.test,ACTIVE
600007838,Benchmark Customer 07838,benchmark.customer07838@example.test,ACTIVE
600007839,Benchmark Customer 07839,benchmark.customer07839@example.test,ACTIVE
600007840,Benchmark Customer 07840,benchmark.customer07840@example.test,ACTIVE
600007841,Benchmark Customer 07841,benchmark.customer07841@example.test,ACTIVE
600007842,Benchmark Customer 07842,benchmark.customer07842@example.test,ACTIVE
600007843,Benchmark Customer 07843,benchmark.customer07843@example.test,ACTIVE
600007844,Benchmark Customer 07844,benchmark.customer07844@example.test,ACTIVE
600007845,Benchmark Customer 07845,benchmark.customer07845@example.test,ACTIVE
600007846,Benchmark Customer 07846,benchmark.customer07846@example.test,ACTIVE
600007847,Benchmark Customer 07847,benchmark.customer07847@example.test,ACTIVE
600007848,Benchmark Customer 07848,benchmark.customer07848@example.test,ACTIVE
600007849,Benchmark Customer 07849,benchmark.customer07849@example.test,ACTIVE
600007850,Benchmark Customer 07850,benchmark.customer07850@example.test,ACTIVE
600007851,Benchmark Customer 07851,benchmark.customer07851@example.test,ACTIVE
600007852,Benchmark Customer 07852,benchmark.customer07852@example.test,ACTIVE
600007853,Benchmark Customer 07853,benchmark.customer07853@example.test,ACTIVE
600007854,Benchmark Customer 07854,benchmark.customer07854@example.test,ACTIVE
600007855,Benchmark Customer 07855,benchmark.customer07855@example.test,ACTIVE
600007856,Benchmark Customer 07856,benchmark.customer07856@example.test,ACTIVE
600007857,Benchmark Customer 07857,benchmark.customer07857@example.test,ACTIVE
600007858,Benchmark Customer 07858,benchmark.customer07858@example.test,ACTIVE
600007859,Benchmark Customer 07859,benchmark.customer07859@example.test,ACTIVE
600007860,Benchmark Customer 07860,benchmark.customer07860@example.test,ACTIVE
600007861,Benchmark Customer 07861,benchmark.customer07861@example.test,ACTIVE
600007862,Benchmark Customer 07862,benchmark.customer07862@example.test,ACTIVE
600007863,Benchmark Customer 07863,benchmark.customer07863@example.test,ACTIVE
600007864,Benchmark Customer 07864,benchmark.customer07864@example.test,ACTIVE
600007865,Benchmark Customer 07865,benchmark.customer07865@example.test,ACTIVE
600007866,Benchmark Customer 07866,benchmark.customer07866@example.test,ACTIVE
600007867,Benchmark Customer 07867,benchmark.customer07867@example.test,ACTIVE
600007868,Benchmark Customer 07868,benchmark.customer07868@example.test,ACTIVE
600007869,Benchmark Customer 07869,benchmark.customer07869@example.test,ACTIVE
600007870,Benchmark Customer 07870,benchmark.customer07870@example.test,ACTIVE
600007871,Benchmark Customer 07871,benchmark.customer07871@example.test,ACTIVE
600007872,Benchmark Customer 07872,benchmark.customer07872@example.test,ACTIVE
600007873,Benchmark Customer 07873,benchmark.customer07873@example.test,ACTIVE
600007874,Benchmark Customer 07874,benchmark.customer07874@example.test,ACTIVE
600007875,Benchmark Customer 07875,benchmark.customer07875@example.test,ACTIVE
600007876,Benchmark Customer 07876,benchmark.customer07876@example.test,ACTIVE
600007877,Benchmark Customer 07877,benchmark.customer07877@example.test,ACTIVE
600007878,Benchmark Customer 07878,benchmark.customer07878@example.test,ACTIVE
600007879,Benchmark Customer 07879,benchmark.customer07879@example.test,ACTIVE
600007880,Benchmark Customer 07880,benchmark.customer07880@example.test,ACTIVE
600007881,Benchmark Customer 07881,benchmark.customer07881@example.test,ACTIVE
600007882,Benchmark Customer 07882,benchmark.customer07882@example.test,ACTIVE
600007883,Benchmark Customer 07883,benchmark.customer07883@example.test,ACTIVE
600007884,Benchmark Customer 07884,benchmark.customer07884@example.test,ACTIVE
600007885,Benchmark Customer 07885,benchmark.customer07885@example.test,ACTIVE
600007886,Benchmark Customer 07886,benchmark.customer07886@example.test,ACTIVE
600007887,Benchmark Customer 07887,benchmark.customer07887@example.test,ACTIVE
600007888,Benchmark Customer 07888,benchmark.customer07888@example.test,ACTIVE
600007889,Benchmark Customer 07889,benchmark.customer07889@example.test,ACTIVE
600007890,Benchmark Customer 07890,benchmark.customer07890@example.test,ACTIVE
600007891,Benchmark Customer 07891,benchmark.customer07891@example.test,ACTIVE
600007892,Benchmark Customer 07892,benchmark.customer07892@example.test,ACTIVE
600007893,Benchmark Customer 07893,benchmark.customer07893@example.test,ACTIVE
600007894,Benchmark Customer 07894,benchmark.customer07894@example.test,ACTIVE
600007895,Benchmark Customer 07895,benchmark.customer07895@example.test,ACTIVE
600007896,Benchmark Customer 07896,benchmark.customer07896@example.test,ACTIVE
600007897,Benchmark Customer 07897,benchmark.customer07897@example.test,ACTIVE
600007898,Benchmark Customer 07898,benchmark.customer07898@example.test,ACTIVE
600007899,Benchmark Customer 07899,benchmark.customer07899@example.test,ACTIVE
600007900,Benchmark Customer 07900,benchmark.customer07900@example.test,ACTIVE
600007901,Benchmark Customer 07901,benchmark.customer07901@example.test,ACTIVE
600007902,Benchmark Customer 07902,benchmark.customer07902@example.test,ACTIVE
600007903,Benchmark Customer 07903,benchmark.customer07903@example.test,ACTIVE
600007904,Benchmark Customer 07904,benchmark.customer07904@example.test,ACTIVE
600007905,Benchmark Customer 07905,benchmark.customer07905@example.test,ACTIVE
600007906,Benchmark Customer 07906,benchmark.customer07906@example.test,ACTIVE
600007907,Benchmark Customer 07907,benchmark.customer07907@example.test,ACTIVE
600007908,Benchmark Customer 07908,benchmark.customer07908@example.test,ACTIVE
600007909,Benchmark Customer 07909,benchmark.customer07909@example.test,ACTIVE
600007910,Benchmark Customer 07910,benchmark.customer07910@example.test,ACTIVE
600007911,Benchmark Customer 07911,benchmark.customer07911@example.test,ACTIVE
600007912,Benchmark Customer 07912,benchmark.customer07912@example.test,ACTIVE
600007913,Benchmark Customer 07913,benchmark.customer07913@example.test,ACTIVE
600007914,Benchmark Customer 07914,benchmark.customer07914@example.test,ACTIVE
600007915,Benchmark Customer 07915,benchmark.customer07915@example.test,ACTIVE
600007916,Benchmark Customer 07916,benchmark.customer07916@example.test,ACTIVE
600007917,Benchmark Customer 07917,benchmark.customer07917@example.test,ACTIVE
600007918,Benchmark Customer 07918,benchmark.customer07918@example.test,ACTIVE
600007919,Benchmark Customer 07919,benchmark.customer07919@example.test,ACTIVE
600007920,Benchmark Customer 07920,benchmark.customer07920@example.test,ACTIVE
600007921,Benchmark Customer 07921,benchmark.customer07921@example.test,ACTIVE
600007922,Benchmark Customer 07922,benchmark.customer07922@example.test,ACTIVE
600007923,Benchmark Customer 07923,benchmark.customer07923@example.test,ACTIVE
600007924,Benchmark Customer 07924,benchmark.customer07924@example.test,ACTIVE
600007925,Benchmark Customer 07925,benchmark.customer07925@example.test,ACTIVE
600007926,Benchmark Customer 07926,benchmark.customer07926@example.test,ACTIVE
600007927,Benchmark Customer 07927,benchmark.customer07927@example.test,ACTIVE
600007928,Benchmark Customer 07928,benchmark.customer07928@example.test,ACTIVE
600007929,Benchmark Customer 07929,benchmark.customer07929@example.test,ACTIVE
600007930,Benchmark Customer 07930,benchmark.customer07930@example.test,ACTIVE
600007931,Benchmark Customer 07931,benchmark.customer07931@example.test,ACTIVE
600007932,Benchmark Customer 07932,benchmark.customer07932@example.test,ACTIVE
600007933,Benchmark Customer 07933,benchmark.customer07933@example.test,ACTIVE
600007934,Benchmark Customer 07934,benchmark.customer07934@example.test,ACTIVE
600007935,Benchmark Customer 07935,benchmark.customer07935@example.test,ACTIVE
600007936,Benchmark Customer 07936,benchmark.customer07936@example.test,ACTIVE
600007937,Benchmark Customer 07937,benchmark.customer07937@example.test,ACTIVE
600007938,Benchmark Customer 07938,benchmark.customer07938@example.test,ACTIVE
600007939,Benchmark Customer 07939,benchmark.customer07939@example.test,ACTIVE
600007940,Benchmark Customer 07940,benchmark.customer07940@example.test,ACTIVE
600007941,Benchmark Customer 07941,benchmark.customer07941@example.test,ACTIVE
600007942,Benchmark Customer 07942,benchmark.customer07942@example.test,ACTIVE
600007943,Benchmark Customer 07943,benchmark.customer07943@example.test,ACTIVE
600007944,Benchmark Customer 07944,benchmark.customer07944@example.test,ACTIVE
600007945,Benchmark Customer 07945,benchmark.customer07945@example.test,ACTIVE
600007946,Benchmark Customer 07946,benchmark.customer07946@example.test,ACTIVE
600007947,Benchmark Customer 07947,benchmark.customer07947@example.test,ACTIVE
600007948,Benchmark Customer 07948,benchmark.customer07948@example.test,ACTIVE
600007949,Benchmark Customer 07949,benchmark.customer07949@example.test,ACTIVE
600007950,Benchmark Customer 07950,benchmark.customer07950@example.test,ACTIVE
600007951,Benchmark Customer 07951,benchmark.customer07951@example.test,ACTIVE
600007952,Benchmark Customer 07952,benchmark.customer07952@example.test,ACTIVE
600007953,Benchmark Customer 07953,benchmark.customer07953@example.test,ACTIVE
600007954,Benchmark Customer 07954,benchmark.customer07954@example.test,ACTIVE
600007955,Benchmark Customer 07955,benchmark.customer07955@example.test,ACTIVE
600007956,Benchmark Customer 07956,benchmark.customer07956@example.test,ACTIVE
600007957,Benchmark Customer 07957,benchmark.customer07957@example.test,ACTIVE
600007958,Benchmark Customer 07958,benchmark.customer07958@example.test,ACTIVE
600007959,Benchmark Customer 07959,benchmark.customer07959@example.test,ACTIVE
600007960,Benchmark Customer 07960,benchmark.customer07960@example.test,ACTIVE
600007961,Benchmark Customer 07961,benchmark.customer07961@example.test,ACTIVE
600007962,Benchmark Customer 07962,benchmark.customer07962@example.test,ACTIVE
600007963,Benchmark Customer 07963,benchmark.customer07963@example.test,ACTIVE
600007964,Benchmark Customer 07964,benchmark.customer07964@example.test,ACTIVE
600007965,Benchmark Customer 07965,benchmark.customer07965@example.test,ACTIVE
600007966,Benchmark Customer 07966,benchmark.customer07966@example.test,ACTIVE
600007967,Benchmark Customer 07967,benchmark.customer07967@example.test,ACTIVE
600007968,Benchmark Customer 07968,benchmark.customer07968@example.test,ACTIVE
600007969,Benchmark Customer 07969,benchmark.customer07969@example.test,ACTIVE
600007970,Benchmark Customer 07970,benchmark.customer07970@example.test,ACTIVE
600007971,Benchmark Customer 07971,benchmark.customer07971@example.test,ACTIVE
600007972,Benchmark Customer 07972,benchmark.customer07972@example.test,ACTIVE
600007973,Benchmark Customer 07973,benchmark.customer07973@example.test,ACTIVE
600007974,Benchmark Customer 07974,benchmark.customer07974@example.test,ACTIVE
600007975,Benchmark Customer 07975,benchmark.customer07975@example.test,ACTIVE
600007976,Benchmark Customer 07976,benchmark.customer07976@example.test,ACTIVE
600007977,Benchmark Customer 07977,benchmark.customer07977@example.test,ACTIVE
600007978,Benchmark Customer 07978,benchmark.customer07978@example.test,ACTIVE
600007979,Benchmark Customer 07979,benchmark.customer07979@example.test,ACTIVE
600007980,Benchmark Customer 07980,benchmark.customer07980@example.test,ACTIVE
600007981,Benchmark Customer 07981,benchmark.customer07981@example.test,ACTIVE
600007982,Benchmark Customer 07982,benchmark.customer07982@example.test,ACTIVE
600007983,Benchmark Customer 07983,benchmark.customer07983@example.test,ACTIVE
600007984,Benchmark Customer 07984,benchmark.customer07984@example.test,ACTIVE
600007985,Benchmark Customer 07985,benchmark.customer07985@example.test,ACTIVE
600007986,Benchmark Customer 07986,benchmark.customer07986@example.test,ACTIVE
600007987,Benchmark Customer 07987,benchmark.customer07987@example.test,ACTIVE
600007988,Benchmark Customer 07988,benchmark.customer07988@example.test,ACTIVE
600007989,Benchmark Customer 07989,benchmark.customer07989@example.test,ACTIVE
600007990,Benchmark Customer 07990,benchmark.customer07990@example.test,ACTIVE
600007991,Benchmark Customer 07991,benchmark.customer07991@example.test,ACTIVE
600007992,Benchmark Customer 07992,benchmark.customer07992@example.test,ACTIVE
600007993,Benchmark Customer 07993,benchmark.customer07993@example.test,ACTIVE
600007994,Benchmark Customer 07994,benchmark.customer07994@example.test,ACTIVE
600007995,Benchmark Customer 07995,benchmark.customer07995@example.test,ACTIVE
600007996,Benchmark Customer 07996,benchmark.customer07996@example.test,ACTIVE
600007997,Benchmark Customer 07997,benchmark.customer07997@example.test,ACTIVE
600007998,Benchmark Customer 07998,benchmark.customer07998@example.test,ACTIVE
600007999,Benchmark Customer 07999,benchmark.customer07999@example.test,ACTIVE
600008000,Benchmark Customer 08000,benchmark.customer08000@example.test,ACTIVE
600008001,Benchmark Customer 08001,benchmark.customer08001@example.test,ACTIVE
600008002,Benchmark Customer 08002,benchmark.customer08002@example.test,ACTIVE
600008003,Benchmark Customer 08003,benchmark.customer08003@example.test,ACTIVE
600008004,Benchmark Customer 08004,benchmark.customer08004@example.test,ACTIVE
600008005,Benchmark Customer 08005,benchmark.customer08005@example.test,ACTIVE
600008006,Benchmark Customer 08006,benchmark.customer08006@example.test,ACTIVE
600008007,Benchmark Customer 08007,benchmark.customer08007@example.test,ACTIVE
600008008,Benchmark Customer 08008,benchmark.customer08008@example.test,ACTIVE
600008009,Benchmark Customer 08009,benchmark.customer08009@example.test,ACTIVE
600008010,Benchmark Customer 08010,benchmark.customer08010@example.test,ACTIVE
600008011,Benchmark Customer 08011,benchmark.customer08011@example.test,ACTIVE
600008012,Benchmark Customer 08012,benchmark.customer08012@example.test,ACTIVE
600008013,Benchmark Customer 08013,benchmark.customer08013@example.test,ACTIVE
600008014,Benchmark Customer 08014,benchmark.customer08014@example.test,ACTIVE
600008015,Benchmark Customer 08015,benchmark.customer08015@example.test,ACTIVE
600008016,Benchmark Customer 08016,benchmark.customer08016@example.test,ACTIVE
600008017,Benchmark Customer 08017,benchmark.customer08017@example.test,ACTIVE
600008018,Benchmark Customer 08018,benchmark.customer08018@example.test,ACTIVE
600008019,Benchmark Customer 08019,benchmark.customer08019@example.test,ACTIVE
600008020,Benchmark Customer 08020,benchmark.customer08020@example.test,ACTIVE
600008021,Benchmark Customer 08021,benchmark.customer08021@example.test,ACTIVE
600008022,Benchmark Customer 08022,benchmark.customer08022@example.test,ACTIVE
600008023,Benchmark Customer 08023,benchmark.customer08023@example.test,ACTIVE
600008024,Benchmark Customer 08024,benchmark.customer08024@example.test,ACTIVE
600008025,Benchmark Customer 08025,benchmark.customer08025@example.test,ACTIVE
600008026,Benchmark Customer 08026,benchmark.customer08026@example.test,ACTIVE
600008027,Benchmark Customer 08027,benchmark.customer08027@example.test,ACTIVE
600008028,Benchmark Customer 08028,benchmark.customer08028@example.test,ACTIVE
600008029,Benchmark Customer 08029,benchmark.customer08029@example.test,ACTIVE
600008030,Benchmark Customer 08030,benchmark.customer08030@example.test,ACTIVE
600008031,Benchmark Customer 08031,benchmark.customer08031@example.test,ACTIVE
600008032,Benchmark Customer 08032,benchmark.customer08032@example.test,ACTIVE
600008033,Benchmark Customer 08033,benchmark.customer08033@example.test,ACTIVE
600008034,Benchmark Customer 08034,benchmark.customer08034@example.test,ACTIVE
600008035,Benchmark Customer 08035,benchmark.customer08035@example.test,ACTIVE
600008036,Benchmark Customer 08036,benchmark.customer08036@example.test,ACTIVE
600008037,Benchmark Customer 08037,benchmark.customer08037@example.test,ACTIVE
600008038,Benchmark Customer 08038,benchmark.customer08038@example.test,ACTIVE
600008039,Benchmark Customer 08039,benchmark.customer08039@example.test,ACTIVE
600008040,Benchmark Customer 08040,benchmark.customer08040@example.test,ACTIVE
600008041,Benchmark Customer 08041,benchmark.customer08041@example.test,ACTIVE
600008042,Benchmark Customer 08042,benchmark.customer08042@example.test,ACTIVE
600008043,Benchmark Customer 08043,benchmark.customer08043@example.test,ACTIVE
600008044,Benchmark Customer 08044,benchmark.customer08044@example.test,ACTIVE
600008045,Benchmark Customer 08045,benchmark.customer08045@example.test,ACTIVE
600008046,Benchmark Customer 08046,benchmark.customer08046@example.test,ACTIVE
600008047,Benchmark Customer 08047,benchmark.customer08047@example.test,ACTIVE
600008048,Benchmark Customer 08048,benchmark.customer08048@example.test,ACTIVE
600008049,Benchmark Customer 08049,benchmark.customer08049@example.test,ACTIVE
600008050,Benchmark Customer 08050,benchmark.customer08050@example.test,ACTIVE
600008051,Benchmark Customer 08051,benchmark.customer08051@example.test,ACTIVE
600008052,Benchmark Customer 08052,benchmark.customer08052@example.test,ACTIVE
600008053,Benchmark Customer 08053,benchmark.customer08053@example.test,ACTIVE
600008054,Benchmark Customer 08054,benchmark.customer08054@example.test,ACTIVE
600008055,Benchmark Customer 08055,benchmark.customer08055@example.test,ACTIVE
600008056,Benchmark Customer 08056,benchmark.customer08056@example.test,ACTIVE
600008057,Benchmark Customer 08057,benchmark.customer08057@example.test,ACTIVE
600008058,Benchmark Customer 08058,benchmark.customer08058@example.test,ACTIVE
600008059,Benchmark Customer 08059,benchmark.customer08059@example.test,ACTIVE
600008060,Benchmark Customer 08060,benchmark.customer08060@example.test,ACTIVE
600008061,Benchmark Customer 08061,benchmark.customer08061@example.test,ACTIVE
600008062,Benchmark Customer 08062,benchmark.customer08062@example.test,ACTIVE
600008063,Benchmark Customer 08063,benchmark.customer08063@example.test,ACTIVE
600008064,Benchmark Customer 08064,benchmark.customer08064@example.test,ACTIVE
600008065,Benchmark Customer 08065,benchmark.customer08065@example.test,ACTIVE
600008066,Benchmark Customer 08066,benchmark.customer08066@example.test,ACTIVE
600008067,Benchmark Customer 08067,benchmark.customer08067@example.test,ACTIVE
600008068,Benchmark Customer 08068,benchmark.customer08068@example.test,ACTIVE
600008069,Benchmark Customer 08069,benchmark.customer08069@example.test,ACTIVE
600008070,Benchmark Customer 08070,benchmark.customer08070@example.test,ACTIVE
600008071,Benchmark Customer 08071,benchmark.customer08071@example.test,ACTIVE
600008072,Benchmark Customer 08072,benchmark.customer08072@example.test,ACTIVE
600008073,Benchmark Customer 08073,benchmark.customer08073@example.test,ACTIVE
600008074,Benchmark Customer 08074,benchmark.customer08074@example.test,ACTIVE
600008075,Benchmark Customer 08075,benchmark.customer08075@example.test,ACTIVE
600008076,Benchmark Customer 08076,benchmark.customer08076@example.test,ACTIVE
600008077,Benchmark Customer 08077,benchmark.customer08077@example.test,ACTIVE
600008078,Benchmark Customer 08078,benchmark.customer08078@example.test,ACTIVE
600008079,Benchmark Customer 08079,benchmark.customer08079@example.test,ACTIVE
600008080,Benchmark Customer 08080,benchmark.customer08080@example.test,ACTIVE
600008081,Benchmark Customer 08081,benchmark.customer08081@example.test,ACTIVE
600008082,Benchmark Customer 08082,benchmark.customer08082@example.test,ACTIVE
600008083,Benchmark Customer 08083,benchmark.customer08083@example.test,ACTIVE
600008084,Benchmark Customer 08084,benchmark.customer08084@example.test,ACTIVE
600008085,Benchmark Customer 08085,benchmark.customer08085@example.test,ACTIVE
600008086,Benchmark Customer 08086,benchmark.customer08086@example.test,ACTIVE
600008087,Benchmark Customer 08087,benchmark.customer08087@example.test,ACTIVE
600008088,Benchmark Customer 08088,benchmark.customer08088@example.test,ACTIVE
600008089,Benchmark Customer 08089,benchmark.customer08089@example.test,ACTIVE
600008090,Benchmark Customer 08090,benchmark.customer08090@example.test,ACTIVE
600008091,Benchmark Customer 08091,benchmark.customer08091@example.test,ACTIVE
600008092,Benchmark Customer 08092,benchmark.customer08092@example.test,ACTIVE
600008093,Benchmark Customer 08093,benchmark.customer08093@example.test,ACTIVE
600008094,Benchmark Customer 08094,benchmark.customer08094@example.test,ACTIVE
600008095,Benchmark Customer 08095,benchmark.customer08095@example.test,ACTIVE
600008096,Benchmark Customer 08096,benchmark.customer08096@example.test,ACTIVE
600008097,Benchmark Customer 08097,benchmark.customer08097@example.test,ACTIVE
600008098,Benchmark Customer 08098,benchmark.customer08098@example.test,ACTIVE
600008099,Benchmark Customer 08099,benchmark.customer08099@example.test,ACTIVE
600008100,Benchmark Customer 08100,benchmark.customer08100@example.test,ACTIVE
600008101,Benchmark Customer 08101,benchmark.customer08101@example.test,ACTIVE
600008102,Benchmark Customer 08102,benchmark.customer08102@example.test,ACTIVE
600008103,Benchmark Customer 08103,benchmark.customer08103@example.test,ACTIVE
600008104,Benchmark Customer 08104,benchmark.customer08104@example.test,ACTIVE
600008105,Benchmark Customer 08105,benchmark.customer08105@example.test,ACTIVE
600008106,Benchmark Customer 08106,benchmark.customer08106@example.test,ACTIVE
600008107,Benchmark Customer 08107,benchmark.customer08107@example.test,ACTIVE
600008108,Benchmark Customer 08108,benchmark.customer08108@example.test,ACTIVE
600008109,Benchmark Customer 08109,benchmark.customer08109@example.test,ACTIVE
600008110,Benchmark Customer 08110,benchmark.customer08110@example.test,ACTIVE
600008111,Benchmark Customer 08111,benchmark.customer08111@example.test,ACTIVE
600008112,Benchmark Customer 08112,benchmark.customer08112@example.test,ACTIVE
600008113,Benchmark Customer 08113,benchmark.customer08113@example.test,ACTIVE
600008114,Benchmark Customer 08114,benchmark.customer08114@example.test,ACTIVE
600008115,Benchmark Customer 08115,benchmark.customer08115@example.test,ACTIVE
600008116,Benchmark Customer 08116,benchmark.customer08116@example.test,ACTIVE
600008117,Benchmark Customer 08117,benchmark.customer08117@example.test,ACTIVE
600008118,Benchmark Customer 08118,benchmark.customer08118@example.test,ACTIVE
600008119,Benchmark Customer 08119,benchmark.customer08119@example.test,ACTIVE
600008120,Benchmark Customer 08120,benchmark.customer08120@example.test,ACTIVE
600008121,Benchmark Customer 08121,benchmark.customer08121@example.test,ACTIVE
600008122,Benchmark Customer 08122,benchmark.customer08122@example.test,ACTIVE
600008123,Benchmark Customer 08123,benchmark.customer08123@example.test,ACTIVE
600008124,Benchmark Customer 08124,benchmark.customer08124@example.test,ACTIVE
600008125,Benchmark Customer 08125,benchmark.customer08125@example.test,ACTIVE
600008126,Benchmark Customer 08126,benchmark.customer08126@example.test,ACTIVE
600008127,Benchmark Customer 08127,benchmark.customer08127@example.test,ACTIVE
600008128,Benchmark Customer 08128,benchmark.customer08128@example.test,ACTIVE
600008129,Benchmark Customer 08129,benchmark.customer08129@example.test,ACTIVE
600008130,Benchmark Customer 08130,benchmark.customer08130@example.test,ACTIVE
600008131,Benchmark Customer 08131,benchmark.customer08131@example.test,ACTIVE
600008132,Benchmark Customer 08132,benchmark.customer08132@example.test,ACTIVE
600008133,Benchmark Customer 08133,benchmark.customer08133@example.test,ACTIVE
600008134,Benchmark Customer 08134,benchmark.customer08134@example.test,ACTIVE
600008135,Benchmark Customer 08135,benchmark.customer08135@example.test,ACTIVE
600008136,Benchmark Customer 08136,benchmark.customer08136@example.test,ACTIVE
600008137,Benchmark Customer 08137,benchmark.customer08137@example.test,ACTIVE
600008138,Benchmark Customer 08138,benchmark.customer08138@example.test,ACTIVE
600008139,Benchmark Customer 08139,benchmark.customer08139@example.test,ACTIVE
600008140,Benchmark Customer 08140,benchmark.customer08140@example.test,ACTIVE
600008141,Benchmark Customer 08141,benchmark.customer08141@example.test,ACTIVE
600008142,Benchmark Customer 08142,benchmark.customer08142@example.test,ACTIVE
600008143,Benchmark Customer 08143,benchmark.customer08143@example.test,ACTIVE
600008144,Benchmark Customer 08144,benchmark.customer08144@example.test,ACTIVE
600008145,Benchmark Customer 08145,benchmark.customer08145@example.test,ACTIVE
600008146,Benchmark Customer 08146,benchmark.customer08146@example.test,ACTIVE
600008147,Benchmark Customer 08147,benchmark.customer08147@example.test,ACTIVE
600008148,Benchmark Customer 08148,benchmark.customer08148@example.test,ACTIVE
600008149,Benchmark Customer 08149,benchmark.customer08149@example.test,ACTIVE
600008150,Benchmark Customer 08150,benchmark.customer08150@example.test,ACTIVE
600008151,Benchmark Customer 08151,benchmark.customer08151@example.test,ACTIVE
600008152,Benchmark Customer 08152,benchmark.customer08152@example.test,ACTIVE
600008153,Benchmark Customer 08153,benchmark.customer08153@example.test,ACTIVE
600008154,Benchmark Customer 08154,benchmark.customer08154@example.test,ACTIVE
600008155,Benchmark Customer 08155,benchmark.customer08155@example.test,ACTIVE
600008156,Benchmark Customer 08156,benchmark.customer08156@example.test,ACTIVE
600008157,Benchmark Customer 08157,benchmark.customer08157@example.test,ACTIVE
600008158,Benchmark Customer 08158,benchmark.customer08158@example.test,ACTIVE
600008159,Benchmark Customer 08159,benchmark.customer08159@example.test,ACTIVE
600008160,Benchmark Customer 08160,benchmark.customer08160@example.test,ACTIVE
600008161,Benchmark Customer 08161,benchmark.customer08161@example.test,ACTIVE
600008162,Benchmark Customer 08162,benchmark.customer08162@example.test,ACTIVE
600008163,Benchmark Customer 08163,benchmark.customer08163@example.test,ACTIVE
600008164,Benchmark Customer 08164,benchmark.customer08164@example.test,ACTIVE
600008165,Benchmark Customer 08165,benchmark.customer08165@example.test,ACTIVE
600008166,Benchmark Customer 08166,benchmark.customer08166@example.test,ACTIVE
600008167,Benchmark Customer 08167,benchmark.customer08167@example.test,ACTIVE
600008168,Benchmark Customer 08168,benchmark.customer08168@example.test,ACTIVE
600008169,Benchmark Customer 08169,benchmark.customer08169@example.test,ACTIVE
600008170,Benchmark Customer 08170,benchmark.customer08170@example.test,ACTIVE
600008171,Benchmark Customer 08171,benchmark.customer08171@example.test,ACTIVE
600008172,Benchmark Customer 08172,benchmark.customer08172@example.test,ACTIVE
600008173,Benchmark Customer 08173,benchmark.customer08173@example.test,ACTIVE
600008174,Benchmark Customer 08174,benchmark.customer08174@example.test,ACTIVE
600008175,Benchmark Customer 08175,benchmark.customer08175@example.test,ACTIVE
600008176,Benchmark Customer 08176,benchmark.customer08176@example.test,ACTIVE
600008177,Benchmark Customer 08177,benchmark.customer08177@example.test,ACTIVE
600008178,Benchmark Customer 08178,benchmark.customer08178@example.test,ACTIVE
600008179,Benchmark Customer 08179,benchmark.customer08179@example.test,ACTIVE
600008180,Benchmark Customer 08180,benchmark.customer08180@example.test,ACTIVE
600008181,Benchmark Customer 08181,benchmark.customer08181@example.test,ACTIVE
600008182,Benchmark Customer 08182,benchmark.customer08182@example.test,ACTIVE
600008183,Benchmark Customer 08183,benchmark.customer08183@example.test,ACTIVE
600008184,Benchmark Customer 08184,benchmark.customer08184@example.test,ACTIVE
600008185,Benchmark Customer 08185,benchmark.customer08185@example.test,ACTIVE
600008186,Benchmark Customer 08186,benchmark.customer08186@example.test,ACTIVE
600008187,Benchmark Customer 08187,benchmark.customer08187@example.test,ACTIVE
600008188,Benchmark Customer 08188,benchmark.customer08188@example.test,ACTIVE
600008189,Benchmark Customer 08189,benchmark.customer08189@example.test,ACTIVE
600008190,Benchmark Customer 08190,benchmark.customer08190@example.test,ACTIVE
600008191,Benchmark Customer 08191,benchmark.customer08191@example.test,ACTIVE
600008192,Benchmark Customer 08192,benchmark.customer08192@example.test,ACTIVE
600008193,Benchmark Customer 08193,benchmark.customer08193@example.test,ACTIVE
600008194,Benchmark Customer 08194,benchmark.customer08194@example.test,ACTIVE
600008195,Benchmark Customer 08195,benchmark.customer08195@example.test,ACTIVE
600008196,Benchmark Customer 08196,benchmark.customer08196@example.test,ACTIVE
600008197,Benchmark Customer 08197,benchmark.customer08197@example.test,ACTIVE
600008198,Benchmark Customer 08198,benchmark.customer08198@example.test,ACTIVE
600008199,Benchmark Customer 08199,benchmark.customer08199@example.test,ACTIVE
600008200,Benchmark Customer 08200,benchmark.customer08200@example.test,ACTIVE
600008201,Benchmark Customer 08201,benchmark.customer08201@example.test,ACTIVE
600008202,Benchmark Customer 08202,benchmark.customer08202@example.test,ACTIVE
600008203,Benchmark Customer 08203,benchmark.customer08203@example.test,ACTIVE
600008204,Benchmark Customer 08204,benchmark.customer08204@example.test,ACTIVE
600008205,Benchmark Customer 08205,benchmark.customer08205@example.test,ACTIVE
600008206,Benchmark Customer 08206,benchmark.customer08206@example.test,ACTIVE
600008207,Benchmark Customer 08207,benchmark.customer08207@example.test,ACTIVE
600008208,Benchmark Customer 08208,benchmark.customer08208@example.test,ACTIVE
600008209,Benchmark Customer 08209,benchmark.customer08209@example.test,ACTIVE
600008210,Benchmark Customer 08210,benchmark.customer08210@example.test,ACTIVE
600008211,Benchmark Customer 08211,benchmark.customer08211@example.test,ACTIVE
600008212,Benchmark Customer 08212,benchmark.customer08212@example.test,ACTIVE
600008213,Benchmark Customer 08213,benchmark.customer08213@example.test,ACTIVE
600008214,Benchmark Customer 08214,benchmark.customer08214@example.test,ACTIVE
600008215,Benchmark Customer 08215,benchmark.customer08215@example.test,ACTIVE
600008216,Benchmark Customer 08216,benchmark.customer08216@example.test,ACTIVE
600008217,Benchmark Customer 08217,benchmark.customer08217@example.test,ACTIVE
600008218,Benchmark Customer 08218,benchmark.customer08218@example.test,ACTIVE
600008219,Benchmark Customer 08219,benchmark.customer08219@example.test,ACTIVE
600008220,Benchmark Customer 08220,benchmark.customer08220@example.test,ACTIVE
600008221,Benchmark Customer 08221,benchmark.customer08221@example.test,ACTIVE
600008222,Benchmark Customer 08222,benchmark.customer08222@example.test,ACTIVE
600008223,Benchmark Customer 08223,benchmark.customer08223@example.test,ACTIVE
600008224,Benchmark Customer 08224,benchmark.customer08224@example.test,ACTIVE
600008225,Benchmark Customer 08225,benchmark.customer08225@example.test,ACTIVE
600008226,Benchmark Customer 08226,benchmark.customer08226@example.test,ACTIVE
600008227,Benchmark Customer 08227,benchmark.customer08227@example.test,ACTIVE
600008228,Benchmark Customer 08228,benchmark.customer08228@example.test,ACTIVE
600008229,Benchmark Customer 08229,benchmark.customer08229@example.test,ACTIVE
600008230,Benchmark Customer 08230,benchmark.customer08230@example.test,ACTIVE
600008231,Benchmark Customer 08231,benchmark.customer08231@example.test,ACTIVE
600008232,Benchmark Customer 08232,benchmark.customer08232@example.test,ACTIVE
600008233,Benchmark Customer 08233,benchmark.customer08233@example.test,ACTIVE
600008234,Benchmark Customer 08234,benchmark.customer08234@example.test,ACTIVE
600008235,Benchmark Customer 08235,benchmark.customer08235@example.test,ACTIVE
600008236,Benchmark Customer 08236,benchmark.customer08236@example.test,ACTIVE
600008237,Benchmark Customer 08237,benchmark.customer08237@example.test,ACTIVE
600008238,Benchmark Customer 08238,benchmark.customer08238@example.test,ACTIVE
600008239,Benchmark Customer 08239,benchmark.customer08239@example.test,ACTIVE
600008240,Benchmark Customer 08240,benchmark.customer08240@example.test,ACTIVE
600008241,Benchmark Customer 08241,benchmark.customer08241@example.test,ACTIVE
600008242,Benchmark Customer 08242,benchmark.customer08242@example.test,ACTIVE
600008243,Benchmark Customer 08243,benchmark.customer08243@example.test,ACTIVE
600008244,Benchmark Customer 08244,benchmark.customer08244@example.test,ACTIVE
600008245,Benchmark Customer 08245,benchmark.customer08245@example.test,ACTIVE
600008246,Benchmark Customer 08246,benchmark.customer08246@example.test,ACTIVE
600008247,Benchmark Customer 08247,benchmark.customer08247@example.test,ACTIVE
600008248,Benchmark Customer 08248,benchmark.customer08248@example.test,ACTIVE
600008249,Benchmark Customer 08249,benchmark.customer08249@example.test,ACTIVE
600008250,Benchmark Customer 08250,benchmark.customer08250@example.test,ACTIVE
600008251,Benchmark Customer 08251,benchmark.customer08251@example.test,ACTIVE
600008252,Benchmark Customer 08252,benchmark.customer08252@example.test,ACTIVE
600008253,Benchmark Customer 08253,benchmark.customer08253@example.test,ACTIVE
600008254,Benchmark Customer 08254,benchmark.customer08254@example.test,ACTIVE
600008255,Benchmark Customer 08255,benchmark.customer08255@example.test,ACTIVE
600008256,Benchmark Customer 08256,benchmark.customer08256@example.test,ACTIVE
600008257,Benchmark Customer 08257,benchmark.customer08257@example.test,ACTIVE
600008258,Benchmark Customer 08258,benchmark.customer08258@example.test,ACTIVE
600008259,Benchmark Customer 08259,benchmark.customer08259@example.test,ACTIVE
600008260,Benchmark Customer 08260,benchmark.customer08260@example.test,ACTIVE
600008261,Benchmark Customer 08261,benchmark.customer08261@example.test,ACTIVE
600008262,Benchmark Customer 08262,benchmark.customer08262@example.test,ACTIVE
600008263,Benchmark Customer 08263,benchmark.customer08263@example.test,ACTIVE
600008264,Benchmark Customer 08264,benchmark.customer08264@example.test,ACTIVE
600008265,Benchmark Customer 08265,benchmark.customer08265@example.test,ACTIVE
600008266,Benchmark Customer 08266,benchmark.customer08266@example.test,ACTIVE
600008267,Benchmark Customer 08267,benchmark.customer08267@example.test,ACTIVE
600008268,Benchmark Customer 08268,benchmark.customer08268@example.test,ACTIVE
600008269,Benchmark Customer 08269,benchmark.customer08269@example.test,ACTIVE
600008270,Benchmark Customer 08270,benchmark.customer08270@example.test,ACTIVE
600008271,Benchmark Customer 08271,benchmark.customer08271@example.test,ACTIVE
600008272,Benchmark Customer 08272,benchmark.customer08272@example.test,ACTIVE
600008273,Benchmark Customer 08273,benchmark.customer08273@example.test,ACTIVE
600008274,Benchmark Customer 08274,benchmark.customer08274@example.test,ACTIVE
600008275,Benchmark Customer 08275,benchmark.customer08275@example.test,ACTIVE
600008276,Benchmark Customer 08276,benchmark.customer08276@example.test,ACTIVE
600008277,Benchmark Customer 08277,benchmark.customer08277@example.test,ACTIVE
600008278,Benchmark Customer 08278,benchmark.customer08278@example.test,ACTIVE
600008279,Benchmark Customer 08279,benchmark.customer08279@example.test,ACTIVE
600008280,Benchmark Customer 08280,benchmark.customer08280@example.test,ACTIVE
600008281,Benchmark Customer 08281,benchmark.customer08281@example.test,ACTIVE
600008282,Benchmark Customer 08282,benchmark.customer08282@example.test,ACTIVE
600008283,Benchmark Customer 08283,benchmark.customer08283@example.test,ACTIVE
600008284,Benchmark Customer 08284,benchmark.customer08284@example.test,ACTIVE
600008285,Benchmark Customer 08285,benchmark.customer08285@example.test,ACTIVE
600008286,Benchmark Customer 08286,benchmark.customer08286@example.test,ACTIVE
600008287,Benchmark Customer 08287,benchmark.customer08287@example.test,ACTIVE
600008288,Benchmark Customer 08288,benchmark.customer08288@example.test,ACTIVE
600008289,Benchmark Customer 08289,benchmark.customer08289@example.test,ACTIVE
600008290,Benchmark Customer 08290,benchmark.customer08290@example.test,ACTIVE
600008291,Benchmark Customer 08291,benchmark.customer08291@example.test,ACTIVE
600008292,Benchmark Customer 08292,benchmark.customer08292@example.test,ACTIVE
600008293,Benchmark Customer 08293,benchmark.customer08293@example.test,ACTIVE
600008294,Benchmark Customer 08294,benchmark.customer08294@example.test,ACTIVE
600008295,Benchmark Customer 08295,benchmark.customer08295@example.test,ACTIVE
600008296,Benchmark Customer 08296,benchmark.customer08296@example.test,ACTIVE
600008297,Benchmark Customer 08297,benchmark.customer08297@example.test,ACTIVE
600008298,Benchmark Customer 08298,benchmark.customer08298@example.test,ACTIVE
600008299,Benchmark Customer 08299,benchmark.customer08299@example.test,ACTIVE
600008300,Benchmark Customer 08300,benchmark.customer08300@example.test,ACTIVE
600008301,Benchmark Customer 08301,benchmark.customer08301@example.test,ACTIVE
600008302,Benchmark Customer 08302,benchmark.customer08302@example.test,ACTIVE
600008303,Benchmark Customer 08303,benchmark.customer08303@example.test,ACTIVE
600008304,Benchmark Customer 08304,benchmark.customer08304@example.test,ACTIVE
600008305,Benchmark Customer 08305,benchmark.customer08305@example.test,ACTIVE
600008306,Benchmark Customer 08306,benchmark.customer08306@example.test,ACTIVE
600008307,Benchmark Customer 08307,benchmark.customer08307@example.test,ACTIVE
600008308,Benchmark Customer 08308,benchmark.customer08308@example.test,ACTIVE
600008309,Benchmark Customer 08309,benchmark.customer08309@example.test,ACTIVE
600008310,Benchmark Customer 08310,benchmark.customer08310@example.test,ACTIVE
600008311,Benchmark Customer 08311,benchmark.customer08311@example.test,ACTIVE
600008312,Benchmark Customer 08312,benchmark.customer08312@example.test,ACTIVE
600008313,Benchmark Customer 08313,benchmark.customer08313@example.test,ACTIVE
600008314,Benchmark Customer 08314,benchmark.customer08314@example.test,ACTIVE
600008315,Benchmark Customer 08315,benchmark.customer08315@example.test,ACTIVE
600008316,Benchmark Customer 08316,benchmark.customer08316@example.test,ACTIVE
600008317,Benchmark Customer 08317,benchmark.customer08317@example.test,ACTIVE
600008318,Benchmark Customer 08318,benchmark.customer08318@example.test,ACTIVE
600008319,Benchmark Customer 08319,benchmark.customer08319@example.test,ACTIVE
600008320,Benchmark Customer 08320,benchmark.customer08320@example.test,ACTIVE
600008321,Benchmark Customer 08321,benchmark.customer08321@example.test,ACTIVE
600008322,Benchmark Customer 08322,benchmark.customer08322@example.test,ACTIVE
600008323,Benchmark Customer 08323,benchmark.customer08323@example.test,ACTIVE
600008324,Benchmark Customer 08324,benchmark.customer08324@example.test,ACTIVE
600008325,Benchmark Customer 08325,benchmark.customer08325@example.test,ACTIVE
600008326,Benchmark Customer 08326,benchmark.customer08326@example.test,ACTIVE
600008327,Benchmark Customer 08327,benchmark.customer08327@example.test,ACTIVE
600008328,Benchmark Customer 08328,benchmark.customer08328@example.test,ACTIVE
600008329,Benchmark Customer 08329,benchmark.customer08329@example.test,ACTIVE
600008330,Benchmark Customer 08330,benchmark.customer08330@example.test,ACTIVE
600008331,Benchmark Customer 08331,benchmark.customer08331@example.test,ACTIVE
600008332,Benchmark Customer 08332,benchmark.customer08332@example.test,ACTIVE
600008333,Benchmark Customer 08333,benchmark.customer08333@example.test,ACTIVE
600008334,Benchmark Customer 08334,benchmark.customer08334@example.test,ACTIVE
600008335,Benchmark Customer 08335,benchmark.customer08335@example.test,ACTIVE
600008336,Benchmark Customer 08336,benchmark.customer08336@example.test,ACTIVE
600008337,Benchmark Customer 08337,benchmark.customer08337@example.test,ACTIVE
600008338,Benchmark Customer 08338,benchmark.customer08338@example.test,ACTIVE
600008339,Benchmark Customer 08339,benchmark.customer08339@example.test,ACTIVE
600008340,Benchmark Customer 08340,benchmark.customer08340@example.test,ACTIVE
600008341,Benchmark Customer 08341,benchmark.customer08341@example.test,ACTIVE
600008342,Benchmark Customer 08342,benchmark.customer08342@example.test,ACTIVE
600008343,Benchmark Customer 08343,benchmark.customer08343@example.test,ACTIVE
600008344,Benchmark Customer 08344,benchmark.customer08344@example.test,ACTIVE
600008345,Benchmark Customer 08345,benchmark.customer08345@example.test,ACTIVE
600008346,Benchmark Customer 08346,benchmark.customer08346@example.test,ACTIVE
600008347,Benchmark Customer 08347,benchmark.customer08347@example.test,ACTIVE
600008348,Benchmark Customer 08348,benchmark.customer08348@example.test,ACTIVE
600008349,Benchmark Customer 08349,benchmark.customer08349@example.test,ACTIVE
600008350,Benchmark Customer 08350,benchmark.customer08350@example.test,ACTIVE
600008351,Benchmark Customer 08351,benchmark.customer08351@example.test,ACTIVE
600008352,Benchmark Customer 08352,benchmark.customer08352@example.test,ACTIVE
600008353,Benchmark Customer 08353,benchmark.customer08353@example.test,ACTIVE
600008354,Benchmark Customer 08354,benchmark.customer08354@example.test,ACTIVE
600008355,Benchmark Customer 08355,benchmark.customer08355@example.test,ACTIVE
600008356,Benchmark Customer 08356,benchmark.customer08356@example.test,ACTIVE
600008357,Benchmark Customer 08357,benchmark.customer08357@example.test,ACTIVE
600008358,Benchmark Customer 08358,benchmark.customer08358@example.test,ACTIVE
600008359,Benchmark Customer 08359,benchmark.customer08359@example.test,ACTIVE
600008360,Benchmark Customer 08360,benchmark.customer08360@example.test,ACTIVE
600008361,Benchmark Customer 08361,benchmark.customer08361@example.test,ACTIVE
600008362,Benchmark Customer 08362,benchmark.customer08362@example.test,ACTIVE
600008363,Benchmark Customer 08363,benchmark.customer08363@example.test,ACTIVE
600008364,Benchmark Customer 08364,benchmark.customer08364@example.test,ACTIVE
600008365,Benchmark Customer 08365,benchmark.customer08365@example.test,ACTIVE
600008366,Benchmark Customer 08366,benchmark.customer08366@example.test,ACTIVE
600008367,Benchmark Customer 08367,benchmark.customer08367@example.test,ACTIVE
600008368,Benchmark Customer 08368,benchmark.customer08368@example.test,ACTIVE
600008369,Benchmark Customer 08369,benchmark.customer08369@example.test,ACTIVE
600008370,Benchmark Customer 08370,benchmark.customer08370@example.test,ACTIVE
600008371,Benchmark Customer 08371,benchmark.customer08371@example.test,ACTIVE
600008372,Benchmark Customer 08372,benchmark.customer08372@example.test,ACTIVE
600008373,Benchmark Customer 08373,benchmark.customer08373@example.test,ACTIVE
600008374,Benchmark Customer 08374,benchmark.customer08374@example.test,ACTIVE
600008375,Benchmark Customer 08375,benchmark.customer08375@example.test,ACTIVE
600008376,Benchmark Customer 08376,benchmark.customer08376@example.test,ACTIVE
600008377,Benchmark Customer 08377,benchmark.customer08377@example.test,ACTIVE
600008378,Benchmark Customer 08378,benchmark.customer08378@example.test,ACTIVE
600008379,Benchmark Customer 08379,benchmark.customer08379@example.test,ACTIVE
600008380,Benchmark Customer 08380,benchmark.customer08380@example.test,ACTIVE
600008381,Benchmark Customer 08381,benchmark.customer08381@example.test,ACTIVE
600008382,Benchmark Customer 08382,benchmark.customer08382@example.test,ACTIVE
600008383,Benchmark Customer 08383,benchmark.customer08383@example.test,ACTIVE
600008384,Benchmark Customer 08384,benchmark.customer08384@example.test,ACTIVE
600008385,Benchmark Customer 08385,benchmark.customer08385@example.test,ACTIVE
600008386,Benchmark Customer 08386,benchmark.customer08386@example.test,ACTIVE
600008387,Benchmark Customer 08387,benchmark.customer08387@example.test,ACTIVE
600008388,Benchmark Customer 08388,benchmark.customer08388@example.test,ACTIVE
600008389,Benchmark Customer 08389,benchmark.customer08389@example.test,ACTIVE
600008390,Benchmark Customer 08390,benchmark.customer08390@example.test,ACTIVE
600008391,Benchmark Customer 08391,benchmark.customer08391@example.test,ACTIVE
600008392,Benchmark Customer 08392,benchmark.customer08392@example.test,ACTIVE
600008393,Benchmark Customer 08393,benchmark.customer08393@example.test,ACTIVE
600008394,Benchmark Customer 08394,benchmark.customer08394@example.test,ACTIVE
600008395,Benchmark Customer 08395,benchmark.customer08395@example.test,ACTIVE
600008396,Benchmark Customer 08396,benchmark.customer08396@example.test,ACTIVE
600008397,Benchmark Customer 08397,benchmark.customer08397@example.test,ACTIVE
600008398,Benchmark Customer 08398,benchmark.customer08398@example.test,ACTIVE
600008399,Benchmark Customer 08399,benchmark.customer08399@example.test,ACTIVE
600008400,Benchmark Customer 08400,benchmark.customer08400@example.test,ACTIVE
600008401,Benchmark Customer 08401,benchmark.customer08401@example.test,ACTIVE
600008402,Benchmark Customer 08402,benchmark.customer08402@example.test,ACTIVE
600008403,Benchmark Customer 08403,benchmark.customer08403@example.test,ACTIVE
600008404,Benchmark Customer 08404,benchmark.customer08404@example.test,ACTIVE
600008405,Benchmark Customer 08405,benchmark.customer08405@example.test,ACTIVE
600008406,Benchmark Customer 08406,benchmark.customer08406@example.test,ACTIVE
600008407,Benchmark Customer 08407,benchmark.customer08407@example.test,ACTIVE
600008408,Benchmark Customer 08408,benchmark.customer08408@example.test,ACTIVE
600008409,Benchmark Customer 08409,benchmark.customer08409@example.test,ACTIVE
600008410,Benchmark Customer 08410,benchmark.customer08410@example.test,ACTIVE
600008411,Benchmark Customer 08411,benchmark.customer08411@example.test,ACTIVE
600008412,Benchmark Customer 08412,benchmark.customer08412@example.test,ACTIVE
600008413,Benchmark Customer 08413,benchmark.customer08413@example.test,ACTIVE
600008414,Benchmark Customer 08414,benchmark.customer08414@example.test,ACTIVE
600008415,Benchmark Customer 08415,benchmark.customer08415@example.test,ACTIVE
600008416,Benchmark Customer 08416,benchmark.customer08416@example.test,ACTIVE
600008417,Benchmark Customer 08417,benchmark.customer08417@example.test,ACTIVE
600008418,Benchmark Customer 08418,benchmark.customer08418@example.test,ACTIVE
600008419,Benchmark Customer 08419,benchmark.customer08419@example.test,ACTIVE
600008420,Benchmark Customer 08420,benchmark.customer08420@example.test,ACTIVE
600008421,Benchmark Customer 08421,benchmark.customer08421@example.test,ACTIVE
600008422,Benchmark Customer 08422,benchmark.customer08422@example.test,ACTIVE
600008423,Benchmark Customer 08423,benchmark.customer08423@example.test,ACTIVE
600008424,Benchmark Customer 08424,benchmark.customer08424@example.test,ACTIVE
600008425,Benchmark Customer 08425,benchmark.customer08425@example.test,ACTIVE
600008426,Benchmark Customer 08426,benchmark.customer08426@example.test,ACTIVE
600008427,Benchmark Customer 08427,benchmark.customer08427@example.test,ACTIVE
600008428,Benchmark Customer 08428,benchmark.customer08428@example.test,ACTIVE
600008429,Benchmark Customer 08429,benchmark.customer08429@example.test,ACTIVE
600008430,Benchmark Customer 08430,benchmark.customer08430@example.test,ACTIVE
600008431,Benchmark Customer 08431,benchmark.customer08431@example.test,ACTIVE
600008432,Benchmark Customer 08432,benchmark.customer08432@example.test,ACTIVE
600008433,Benchmark Customer 08433,benchmark.customer08433@example.test,ACTIVE
600008434,Benchmark Customer 08434,benchmark.customer08434@example.test,ACTIVE
600008435,Benchmark Customer 08435,benchmark.customer08435@example.test,ACTIVE
600008436,Benchmark Customer 08436,benchmark.customer08436@example.test,ACTIVE
600008437,Benchmark Customer 08437,benchmark.customer08437@example.test,ACTIVE
600008438,Benchmark Customer 08438,benchmark.customer08438@example.test,ACTIVE
600008439,Benchmark Customer 08439,benchmark.customer08439@example.test,ACTIVE
600008440,Benchmark Customer 08440,benchmark.customer08440@example.test,ACTIVE
600008441,Benchmark Customer 08441,benchmark.customer08441@example.test,ACTIVE
600008442,Benchmark Customer 08442,benchmark.customer08442@example.test,ACTIVE
600008443,Benchmark Customer 08443,benchmark.customer08443@example.test,ACTIVE
600008444,Benchmark Customer 08444,benchmark.customer08444@example.test,ACTIVE
600008445,Benchmark Customer 08445,benchmark.customer08445@example.test,ACTIVE
600008446,Benchmark Customer 08446,benchmark.customer08446@example.test,ACTIVE
600008447,Benchmark Customer 08447,benchmark.customer08447@example.test,ACTIVE
600008448,Benchmark Customer 08448,benchmark.customer08448@example.test,ACTIVE
600008449,Benchmark Customer 08449,benchmark.customer08449@example.test,ACTIVE
600008450,Benchmark Customer 08450,benchmark.customer08450@example.test,ACTIVE
600008451,Benchmark Customer 08451,benchmark.customer08451@example.test,ACTIVE
600008452,Benchmark Customer 08452,benchmark.customer08452@example.test,ACTIVE
600008453,Benchmark Customer 08453,benchmark.customer08453@example.test,ACTIVE
600008454,Benchmark Customer 08454,benchmark.customer08454@example.test,ACTIVE
600008455,Benchmark Customer 08455,benchmark.customer08455@example.test,ACTIVE
600008456,Benchmark Customer 08456,benchmark.customer08456@example.test,ACTIVE
600008457,Benchmark Customer 08457,benchmark.customer08457@example.test,ACTIVE
600008458,Benchmark Customer 08458,benchmark.customer08458@example.test,ACTIVE
600008459,Benchmark Customer 08459,benchmark.customer08459@example.test,ACTIVE
600008460,Benchmark Customer 08460,benchmark.customer08460@example.test,ACTIVE
600008461,Benchmark Customer 08461,benchmark.customer08461@example.test,ACTIVE
600008462,Benchmark Customer 08462,benchmark.customer08462@example.test,ACTIVE
600008463,Benchmark Customer 08463,benchmark.customer08463@example.test,ACTIVE
600008464,Benchmark Customer 08464,benchmark.customer08464@example.test,ACTIVE
600008465,Benchmark Customer 08465,benchmark.customer08465@example.test,ACTIVE
600008466,Benchmark Customer 08466,benchmark.customer08466@example.test,ACTIVE
600008467,Benchmark Customer 08467,benchmark.customer08467@example.test,ACTIVE
600008468,Benchmark Customer 08468,benchmark.customer08468@example.test,ACTIVE
600008469,Benchmark Customer 08469,benchmark.customer08469@example.test,ACTIVE
600008470,Benchmark Customer 08470,benchmark.customer08470@example.test,ACTIVE
600008471,Benchmark Customer 08471,benchmark.customer08471@example.test,ACTIVE
600008472,Benchmark Customer 08472,benchmark.customer08472@example.test,ACTIVE
600008473,Benchmark Customer 08473,benchmark.customer08473@example.test,ACTIVE
600008474,Benchmark Customer 08474,benchmark.customer08474@example.test,ACTIVE
600008475,Benchmark Customer 08475,benchmark.customer08475@example.test,ACTIVE
600008476,Benchmark Customer 08476,benchmark.customer08476@example.test,ACTIVE
600008477,Benchmark Customer 08477,benchmark.customer08477@example.test,ACTIVE
600008478,Benchmark Customer 08478,benchmark.customer08478@example.test,ACTIVE
600008479,Benchmark Customer 08479,benchmark.customer08479@example.test,ACTIVE
600008480,Benchmark Customer 08480,benchmark.customer08480@example.test,ACTIVE
600008481,Benchmark Customer 08481,benchmark.customer08481@example.test,ACTIVE
600008482,Benchmark Customer 08482,benchmark.customer08482@example.test,ACTIVE
600008483,Benchmark Customer 08483,benchmark.customer08483@example.test,ACTIVE
600008484,Benchmark Customer 08484,benchmark.customer08484@example.test,ACTIVE
600008485,Benchmark Customer 08485,benchmark.customer08485@example.test,ACTIVE
600008486,Benchmark Customer 08486,benchmark.customer08486@example.test,ACTIVE
600008487,Benchmark Customer 08487,benchmark.customer08487@example.test,ACTIVE
600008488,Benchmark Customer 08488,benchmark.customer08488@example.test,ACTIVE
600008489,Benchmark Customer 08489,benchmark.customer08489@example.test,ACTIVE
600008490,Benchmark Customer 08490,benchmark.customer08490@example.test,ACTIVE
600008491,Benchmark Customer 08491,benchmark.customer08491@example.test,ACTIVE
600008492,Benchmark Customer 08492,benchmark.customer08492@example.test,ACTIVE
600008493,Benchmark Customer 08493,benchmark.customer08493@example.test,ACTIVE
600008494,Benchmark Customer 08494,benchmark.customer08494@example.test,ACTIVE
600008495,Benchmark Customer 08495,benchmark.customer08495@example.test,ACTIVE
600008496,Benchmark Customer 08496,benchmark.customer08496@example.test,ACTIVE
600008497,Benchmark Customer 08497,benchmark.customer08497@example.test,ACTIVE
600008498,Benchmark Customer 08498,benchmark.customer08498@example.test,ACTIVE
600008499,Benchmark Customer 08499,benchmark.customer08499@example.test,ACTIVE
600008500,Benchmark Customer 08500,benchmark.customer08500@example.test,ACTIVE
600008501,Benchmark Customer 08501,benchmark.customer08501@example.test,ACTIVE
600008502,Benchmark Customer 08502,benchmark.customer08502@example.test,ACTIVE
600008503,Benchmark Customer 08503,benchmark.customer08503@example.test,ACTIVE
600008504,Benchmark Customer 08504,benchmark.customer08504@example.test,ACTIVE
600008505,Benchmark Customer 08505,benchmark.customer08505@example.test,ACTIVE
600008506,Benchmark Customer 08506,benchmark.customer08506@example.test,ACTIVE
600008507,Benchmark Customer 08507,benchmark.customer08507@example.test,ACTIVE
600008508,Benchmark Customer 08508,benchmark.customer08508@example.test,ACTIVE
600008509,Benchmark Customer 08509,benchmark.customer08509@example.test,ACTIVE
600008510,Benchmark Customer 08510,benchmark.customer08510@example.test,ACTIVE
600008511,Benchmark Customer 08511,benchmark.customer08511@example.test,ACTIVE
600008512,Benchmark Customer 08512,benchmark.customer08512@example.test,ACTIVE
600008513,Benchmark Customer 08513,benchmark.customer08513@example.test,ACTIVE
600008514,Benchmark Customer 08514,benchmark.customer08514@example.test,ACTIVE
600008515,Benchmark Customer 08515,benchmark.customer08515@example.test,ACTIVE
600008516,Benchmark Customer 08516,benchmark.customer08516@example.test,ACTIVE
600008517,Benchmark Customer 08517,benchmark.customer08517@example.test,ACTIVE
600008518,Benchmark Customer 08518,benchmark.customer08518@example.test,ACTIVE
600008519,Benchmark Customer 08519,benchmark.customer08519@example.test,ACTIVE
600008520,Benchmark Customer 08520,benchmark.customer08520@example.test,ACTIVE
600008521,Benchmark Customer 08521,benchmark.customer08521@example.test,ACTIVE
600008522,Benchmark Customer 08522,benchmark.customer08522@example.test,ACTIVE
600008523,Benchmark Customer 08523,benchmark.customer08523@example.test,ACTIVE
600008524,Benchmark Customer 08524,benchmark.customer08524@example.test,ACTIVE
600008525,Benchmark Customer 08525,benchmark.customer08525@example.test,ACTIVE
600008526,Benchmark Customer 08526,benchmark.customer08526@example.test,ACTIVE
600008527,Benchmark Customer 08527,benchmark.customer08527@example.test,ACTIVE
600008528,Benchmark Customer 08528,benchmark.customer08528@example.test,ACTIVE
600008529,Benchmark Customer 08529,benchmark.customer08529@example.test,ACTIVE
600008530,Benchmark Customer 08530,benchmark.customer08530@example.test,ACTIVE
600008531,Benchmark Customer 08531,benchmark.customer08531@example.test,ACTIVE
600008532,Benchmark Customer 08532,benchmark.customer08532@example.test,ACTIVE
600008533,Benchmark Customer 08533,benchmark.customer08533@example.test,ACTIVE
600008534,Benchmark Customer 08534,benchmark.customer08534@example.test,ACTIVE
600008535,Benchmark Customer 08535,benchmark.customer08535@example.test,ACTIVE
600008536,Benchmark Customer 08536,benchmark.customer08536@example.test,ACTIVE
600008537,Benchmark Customer 08537,benchmark.customer08537@example.test,ACTIVE
600008538,Benchmark Customer 08538,benchmark.customer08538@example.test,ACTIVE
600008539,Benchmark Customer 08539,benchmark.customer08539@example.test,ACTIVE
600008540,Benchmark Customer 08540,benchmark.customer08540@example.test,ACTIVE
600008541,Benchmark Customer 08541,benchmark.customer08541@example.test,ACTIVE
600008542,Benchmark Customer 08542,benchmark.customer08542@example.test,ACTIVE
600008543,Benchmark Customer 08543,benchmark.customer08543@example.test,ACTIVE
600008544,Benchmark Customer 08544,benchmark.customer08544@example.test,ACTIVE
600008545,Benchmark Customer 08545,benchmark.customer08545@example.test,ACTIVE
600008546,Benchmark Customer 08546,benchmark.customer08546@example.test,ACTIVE
600008547,Benchmark Customer 08547,benchmark.customer08547@example.test,ACTIVE
600008548,Benchmark Customer 08548,benchmark.customer08548@example.test,ACTIVE
600008549,Benchmark Customer 08549,benchmark.customer08549@example.test,ACTIVE
600008550,Benchmark Customer 08550,benchmark.customer08550@example.test,ACTIVE
600008551,Benchmark Customer 08551,benchmark.customer08551@example.test,ACTIVE
600008552,Benchmark Customer 08552,benchmark.customer08552@example.test,ACTIVE
600008553,Benchmark Customer 08553,benchmark.customer08553@example.test,ACTIVE
600008554,Benchmark Customer 08554,benchmark.customer08554@example.test,ACTIVE
600008555,Benchmark Customer 08555,benchmark.customer08555@example.test,ACTIVE
600008556,Benchmark Customer 08556,benchmark.customer08556@example.test,ACTIVE
600008557,Benchmark Customer 08557,benchmark.customer08557@example.test,ACTIVE
600008558,Benchmark Customer 08558,benchmark.customer08558@example.test,ACTIVE
600008559,Benchmark Customer 08559,benchmark.customer08559@example.test,ACTIVE
600008560,Benchmark Customer 08560,benchmark.customer08560@example.test,ACTIVE
600008561,Benchmark Customer 08561,benchmark.customer08561@example.test,ACTIVE
600008562,Benchmark Customer 08562,benchmark.customer08562@example.test,ACTIVE
600008563,Benchmark Customer 08563,benchmark.customer08563@example.test,ACTIVE
600008564,Benchmark Customer 08564,benchmark.customer08564@example.test,ACTIVE
600008565,Benchmark Customer 08565,benchmark.customer08565@example.test,ACTIVE
600008566,Benchmark Customer 08566,benchmark.customer08566@example.test,ACTIVE
600008567,Benchmark Customer 08567,benchmark.customer08567@example.test,ACTIVE
600008568,Benchmark Customer 08568,benchmark.customer08568@example.test,ACTIVE
600008569,Benchmark Customer 08569,benchmark.customer08569@example.test,ACTIVE
600008570,Benchmark Customer 08570,benchmark.customer08570@example.test,ACTIVE
600008571,Benchmark Customer 08571,benchmark.customer08571@example.test,ACTIVE
600008572,Benchmark Customer 08572,benchmark.customer08572@example.test,ACTIVE
600008573,Benchmark Customer 08573,benchmark.customer08573@example.test,ACTIVE
600008574,Benchmark Customer 08574,benchmark.customer08574@example.test,ACTIVE
600008575,Benchmark Customer 08575,benchmark.customer08575@example.test,ACTIVE
600008576,Benchmark Customer 08576,benchmark.customer08576@example.test,ACTIVE
600008577,Benchmark Customer 08577,benchmark.customer08577@example.test,ACTIVE
600008578,Benchmark Customer 08578,benchmark.customer08578@example.test,ACTIVE
600008579,Benchmark Customer 08579,benchmark.customer08579@example.test,ACTIVE
600008580,Benchmark Customer 08580,benchmark.customer08580@example.test,ACTIVE
600008581,Benchmark Customer 08581,benchmark.customer08581@example.test,ACTIVE
600008582,Benchmark Customer 08582,benchmark.customer08582@example.test,ACTIVE
600008583,Benchmark Customer 08583,benchmark.customer08583@example.test,ACTIVE
600008584,Benchmark Customer 08584,benchmark.customer08584@example.test,ACTIVE
600008585,Benchmark Customer 08585,benchmark.customer08585@example.test,ACTIVE
600008586,Benchmark Customer 08586,benchmark.customer08586@example.test,ACTIVE
600008587,Benchmark Customer 08587,benchmark.customer08587@example.test,ACTIVE
600008588,Benchmark Customer 08588,benchmark.customer08588@example.test,ACTIVE
600008589,Benchmark Customer 08589,benchmark.customer08589@example.test,ACTIVE
600008590,Benchmark Customer 08590,benchmark.customer08590@example.test,ACTIVE
600008591,Benchmark Customer 08591,benchmark.customer08591@example.test,ACTIVE
600008592,Benchmark Customer 08592,benchmark.customer08592@example.test,ACTIVE
600008593,Benchmark Customer 08593,benchmark.customer08593@example.test,ACTIVE
600008594,Benchmark Customer 08594,benchmark.customer08594@example.test,ACTIVE
600008595,Benchmark Customer 08595,benchmark.customer08595@example.test,ACTIVE
600008596,Benchmark Customer 08596,benchmark.customer08596@example.test,ACTIVE
600008597,Benchmark Customer 08597,benchmark.customer08597@example.test,ACTIVE
600008598,Benchmark Customer 08598,benchmark.customer08598@example.test,ACTIVE
600008599,Benchmark Customer 08599,benchmark.customer08599@example.test,ACTIVE
600008600,Benchmark Customer 08600,benchmark.customer08600@example.test,ACTIVE
600008601,Benchmark Customer 08601,benchmark.customer08601@example.test,ACTIVE
600008602,Benchmark Customer 08602,benchmark.customer08602@example.test,ACTIVE
600008603,Benchmark Customer 08603,benchmark.customer08603@example.test,ACTIVE
600008604,Benchmark Customer 08604,benchmark.customer08604@example.test,ACTIVE
600008605,Benchmark Customer 08605,benchmark.customer08605@example.test,ACTIVE
600008606,Benchmark Customer 08606,benchmark.customer08606@example.test,ACTIVE
600008607,Benchmark Customer 08607,benchmark.customer08607@example.test,ACTIVE
600008608,Benchmark Customer 08608,benchmark.customer08608@example.test,ACTIVE
600008609,Benchmark Customer 08609,benchmark.customer08609@example.test,ACTIVE
600008610,Benchmark Customer 08610,benchmark.customer08610@example.test,ACTIVE
600008611,Benchmark Customer 08611,benchmark.customer08611@example.test,ACTIVE
600008612,Benchmark Customer 08612,benchmark.customer08612@example.test,ACTIVE
600008613,Benchmark Customer 08613,benchmark.customer08613@example.test,ACTIVE
600008614,Benchmark Customer 08614,benchmark.customer08614@example.test,ACTIVE
600008615,Benchmark Customer 08615,benchmark.customer08615@example.test,ACTIVE
600008616,Benchmark Customer 08616,benchmark.customer08616@example.test,ACTIVE
600008617,Benchmark Customer 08617,benchmark.customer08617@example.test,ACTIVE
600008618,Benchmark Customer 08618,benchmark.customer08618@example.test,ACTIVE
600008619,Benchmark Customer 08619,benchmark.customer08619@example.test,ACTIVE
600008620,Benchmark Customer 08620,benchmark.customer08620@example.test,ACTIVE
600008621,Benchmark Customer 08621,benchmark.customer08621@example.test,ACTIVE
600008622,Benchmark Customer 08622,benchmark.customer08622@example.test,ACTIVE
600008623,Benchmark Customer 08623,benchmark.customer08623@example.test,ACTIVE
600008624,Benchmark Customer 08624,benchmark.customer08624@example.test,ACTIVE
600008625,Benchmark Customer 08625,benchmark.customer08625@example.test,ACTIVE
600008626,Benchmark Customer 08626,benchmark.customer08626@example.test,ACTIVE
600008627,Benchmark Customer 08627,benchmark.customer08627@example.test,ACTIVE
600008628,Benchmark Customer 08628,benchmark.customer08628@example.test,ACTIVE
600008629,Benchmark Customer 08629,benchmark.customer08629@example.test,ACTIVE
600008630,Benchmark Customer 08630,benchmark.customer08630@example.test,ACTIVE
600008631,Benchmark Customer 08631,benchmark.customer08631@example.test,ACTIVE
600008632,Benchmark Customer 08632,benchmark.customer08632@example.test,ACTIVE
600008633,Benchmark Customer 08633,benchmark.customer08633@example.test,ACTIVE
600008634,Benchmark Customer 08634,benchmark.customer08634@example.test,ACTIVE
600008635,Benchmark Customer 08635,benchmark.customer08635@example.test,ACTIVE
600008636,Benchmark Customer 08636,benchmark.customer08636@example.test,ACTIVE
600008637,Benchmark Customer 08637,benchmark.customer08637@example.test,ACTIVE
600008638,Benchmark Customer 08638,benchmark.customer08638@example.test,ACTIVE
600008639,Benchmark Customer 08639,benchmark.customer08639@example.test,ACTIVE
600008640,Benchmark Customer 08640,benchmark.customer08640@example.test,ACTIVE
600008641,Benchmark Customer 08641,benchmark.customer08641@example.test,ACTIVE
600008642,Benchmark Customer 08642,benchmark.customer08642@example.test,ACTIVE
600008643,Benchmark Customer 08643,benchmark.customer08643@example.test,ACTIVE
600008644,Benchmark Customer 08644,benchmark.customer08644@example.test,ACTIVE
600008645,Benchmark Customer 08645,benchmark.customer08645@example.test,ACTIVE
600008646,Benchmark Customer 08646,benchmark.customer08646@example.test,ACTIVE
600008647,Benchmark Customer 08647,benchmark.customer08647@example.test,ACTIVE
600008648,Benchmark Customer 08648,benchmark.customer08648@example.test,ACTIVE
600008649,Benchmark Customer 08649,benchmark.customer08649@example.test,ACTIVE
600008650,Benchmark Customer 08650,benchmark.customer08650@example.test,ACTIVE
600008651,Benchmark Customer 08651,benchmark.customer08651@example.test,ACTIVE
600008652,Benchmark Customer 08652,benchmark.customer08652@example.test,ACTIVE
600008653,Benchmark Customer 08653,benchmark.customer08653@example.test,ACTIVE
600008654,Benchmark Customer 08654,benchmark.customer08654@example.test,ACTIVE
600008655,Benchmark Customer 08655,benchmark.customer08655@example.test,ACTIVE
600008656,Benchmark Customer 08656,benchmark.customer08656@example.test,ACTIVE
600008657,Benchmark Customer 08657,benchmark.customer08657@example.test,ACTIVE
600008658,Benchmark Customer 08658,benchmark.customer08658@example.test,ACTIVE
600008659,Benchmark Customer 08659,benchmark.customer08659@example.test,ACTIVE
600008660,Benchmark Customer 08660,benchmark.customer08660@example.test,ACTIVE
600008661,Benchmark Customer 08661,benchmark.customer08661@example.test,ACTIVE
600008662,Benchmark Customer 08662,benchmark.customer08662@example.test,ACTIVE
600008663,Benchmark Customer 08663,benchmark.customer08663@example.test,ACTIVE
600008664,Benchmark Customer 08664,benchmark.customer08664@example.test,ACTIVE
600008665,Benchmark Customer 08665,benchmark.customer08665@example.test,ACTIVE
600008666,Benchmark Customer 08666,benchmark.customer08666@example.test,ACTIVE
600008667,Benchmark Customer 08667,benchmark.customer08667@example.test,ACTIVE
600008668,Benchmark Customer 08668,benchmark.customer08668@example.test,ACTIVE
600008669,Benchmark Customer 08669,benchmark.customer08669@example.test,ACTIVE
600008670,Benchmark Customer 08670,benchmark.customer08670@example.test,ACTIVE
600008671,Benchmark Customer 08671,benchmark.customer08671@example.test,ACTIVE
600008672,Benchmark Customer 08672,benchmark.customer08672@example.test,ACTIVE
600008673,Benchmark Customer 08673,benchmark.customer08673@example.test,ACTIVE
600008674,Benchmark Customer 08674,benchmark.customer08674@example.test,ACTIVE
600008675,Benchmark Customer 08675,benchmark.customer08675@example.test,ACTIVE
600008676,Benchmark Customer 08676,benchmark.customer08676@example.test,ACTIVE
600008677,Benchmark Customer 08677,benchmark.customer08677@example.test,ACTIVE
600008678,Benchmark Customer 08678,benchmark.customer08678@example.test,ACTIVE
600008679,Benchmark Customer 08679,benchmark.customer08679@example.test,ACTIVE
600008680,Benchmark Customer 08680,benchmark.customer08680@example.test,ACTIVE
600008681,Benchmark Customer 08681,benchmark.customer08681@example.test,ACTIVE
600008682,Benchmark Customer 08682,benchmark.customer08682@example.test,ACTIVE
600008683,Benchmark Customer 08683,benchmark.customer08683@example.test,ACTIVE
600008684,Benchmark Customer 08684,benchmark.customer08684@example.test,ACTIVE
600008685,Benchmark Customer 08685,benchmark.customer08685@example.test,ACTIVE
600008686,Benchmark Customer 08686,benchmark.customer08686@example.test,ACTIVE
600008687,Benchmark Customer 08687,benchmark.customer08687@example.test,ACTIVE
600008688,Benchmark Customer 08688,benchmark.customer08688@example.test,ACTIVE
600008689,Benchmark Customer 08689,benchmark.customer08689@example.test,ACTIVE
600008690,Benchmark Customer 08690,benchmark.customer08690@example.test,ACTIVE
600008691,Benchmark Customer 08691,benchmark.customer08691@example.test,ACTIVE
600008692,Benchmark Customer 08692,benchmark.customer08692@example.test,ACTIVE
600008693,Benchmark Customer 08693,benchmark.customer08693@example.test,ACTIVE
600008694,Benchmark Customer 08694,benchmark.customer08694@example.test,ACTIVE
600008695,Benchmark Customer 08695,benchmark.customer08695@example.test,ACTIVE
600008696,Benchmark Customer 08696,benchmark.customer08696@example.test,ACTIVE
600008697,Benchmark Customer 08697,benchmark.customer08697@example.test,ACTIVE
600008698,Benchmark Customer 08698,benchmark.customer08698@example.test,ACTIVE
600008699,Benchmark Customer 08699,benchmark.customer08699@example.test,ACTIVE
600008700,Benchmark Customer 08700,benchmark.customer08700@example.test,ACTIVE
600008701,Benchmark Customer 08701,benchmark.customer08701@example.test,ACTIVE
600008702,Benchmark Customer 08702,benchmark.customer08702@example.test,ACTIVE
600008703,Benchmark Customer 08703,benchmark.customer08703@example.test,ACTIVE
600008704,Benchmark Customer 08704,benchmark.customer08704@example.test,ACTIVE
600008705,Benchmark Customer 08705,benchmark.customer08705@example.test,ACTIVE
600008706,Benchmark Customer 08706,benchmark.customer08706@example.test,ACTIVE
600008707,Benchmark Customer 08707,benchmark.customer08707@example.test,ACTIVE
600008708,Benchmark Customer 08708,benchmark.customer08708@example.test,ACTIVE
600008709,Benchmark Customer 08709,benchmark.customer08709@example.test,ACTIVE
600008710,Benchmark Customer 08710,benchmark.customer08710@example.test,ACTIVE
600008711,Benchmark Customer 08711,benchmark.customer08711@example.test,ACTIVE
600008712,Benchmark Customer 08712,benchmark.customer08712@example.test,ACTIVE
600008713,Benchmark Customer 08713,benchmark.customer08713@example.test,ACTIVE
600008714,Benchmark Customer 08714,benchmark.customer08714@example.test,ACTIVE
600008715,Benchmark Customer 08715,benchmark.customer08715@example.test,ACTIVE
600008716,Benchmark Customer 08716,benchmark.customer08716@example.test,ACTIVE
600008717,Benchmark Customer 08717,benchmark.customer08717@example.test,ACTIVE
600008718,Benchmark Customer 08718,benchmark.customer08718@example.test,ACTIVE
600008719,Benchmark Customer 08719,benchmark.customer08719@example.test,ACTIVE
600008720,Benchmark Customer 08720,benchmark.customer08720@example.test,ACTIVE
600008721,Benchmark Customer 08721,benchmark.customer08721@example.test,ACTIVE
600008722,Benchmark Customer 08722,benchmark.customer08722@example.test,ACTIVE
600008723,Benchmark Customer 08723,benchmark.customer08723@example.test,ACTIVE
600008724,Benchmark Customer 08724,benchmark.customer08724@example.test,ACTIVE
600008725,Benchmark Customer 08725,benchmark.customer08725@example.test,ACTIVE
600008726,Benchmark Customer 08726,benchmark.customer08726@example.test,ACTIVE
600008727,Benchmark Customer 08727,benchmark.customer08727@example.test,ACTIVE
600008728,Benchmark Customer 08728,benchmark.customer08728@example.test,ACTIVE
600008729,Benchmark Customer 08729,benchmark.customer08729@example.test,ACTIVE
600008730,Benchmark Customer 08730,benchmark.customer08730@example.test,ACTIVE
600008731,Benchmark Customer 08731,benchmark.customer08731@example.test,ACTIVE
600008732,Benchmark Customer 08732,benchmark.customer08732@example.test,ACTIVE
600008733,Benchmark Customer 08733,benchmark.customer08733@example.test,ACTIVE
600008734,Benchmark Customer 08734,benchmark.customer08734@example.test,ACTIVE
600008735,Benchmark Customer 08735,benchmark.customer08735@example.test,ACTIVE
600008736,Benchmark Customer 08736,benchmark.customer08736@example.test,ACTIVE
600008737,Benchmark Customer 08737,benchmark.customer08737@example.test,ACTIVE
600008738,Benchmark Customer 08738,benchmark.customer08738@example.test,ACTIVE
600008739,Benchmark Customer 08739,benchmark.customer08739@example.test,ACTIVE
600008740,Benchmark Customer 08740,benchmark.customer08740@example.test,ACTIVE
600008741,Benchmark Customer 08741,benchmark.customer08741@example.test,ACTIVE
600008742,Benchmark Customer 08742,benchmark.customer08742@example.test,ACTIVE
600008743,Benchmark Customer 08743,benchmark.customer08743@example.test,ACTIVE
600008744,Benchmark Customer 08744,benchmark.customer08744@example.test,ACTIVE
600008745,Benchmark Customer 08745,benchmark.customer08745@example.test,ACTIVE
600008746,Benchmark Customer 08746,benchmark.customer08746@example.test,ACTIVE
600008747,Benchmark Customer 08747,benchmark.customer08747@example.test,ACTIVE
600008748,Benchmark Customer 08748,benchmark.customer08748@example.test,ACTIVE
600008749,Benchmark Customer 08749,benchmark.customer08749@example.test,ACTIVE
600008750,Benchmark Customer 08750,benchmark.customer08750@example.test,ACTIVE
600008751,Benchmark Customer 08751,benchmark.customer08751@example.test,ACTIVE
600008752,Benchmark Customer 08752,benchmark.customer08752@example.test,ACTIVE
600008753,Benchmark Customer 08753,benchmark.customer08753@example.test,ACTIVE
600008754,Benchmark Customer 08754,benchmark.customer08754@example.test,ACTIVE
600008755,Benchmark Customer 08755,benchmark.customer08755@example.test,ACTIVE
600008756,Benchmark Customer 08756,benchmark.customer08756@example.test,ACTIVE
600008757,Benchmark Customer 08757,benchmark.customer08757@example.test,ACTIVE
600008758,Benchmark Customer 08758,benchmark.customer08758@example.test,ACTIVE
600008759,Benchmark Customer 08759,benchmark.customer08759@example.test,ACTIVE
600008760,Benchmark Customer 08760,benchmark.customer08760@example.test,ACTIVE
600008761,Benchmark Customer 08761,benchmark.customer08761@example.test,ACTIVE
600008762,Benchmark Customer 08762,benchmark.customer08762@example.test,ACTIVE
600008763,Benchmark Customer 08763,benchmark.customer08763@example.test,ACTIVE
600008764,Benchmark Customer 08764,benchmark.customer08764@example.test,ACTIVE
600008765,Benchmark Customer 08765,benchmark.customer08765@example.test,ACTIVE
600008766,Benchmark Customer 08766,benchmark.customer08766@example.test,ACTIVE
600008767,Benchmark Customer 08767,benchmark.customer08767@example.test,ACTIVE
600008768,Benchmark Customer 08768,benchmark.customer08768@example.test,ACTIVE
600008769,Benchmark Customer 08769,benchmark.customer08769@example.test,ACTIVE
600008770,Benchmark Customer 08770,benchmark.customer08770@example.test,ACTIVE
600008771,Benchmark Customer 08771,benchmark.customer08771@example.test,ACTIVE
600008772,Benchmark Customer 08772,benchmark.customer08772@example.test,ACTIVE
600008773,Benchmark Customer 08773,benchmark.customer08773@example.test,ACTIVE
600008774,Benchmark Customer 08774,benchmark.customer08774@example.test,ACTIVE
600008775,Benchmark Customer 08775,benchmark.customer08775@example.test,ACTIVE
600008776,Benchmark Customer 08776,benchmark.customer08776@example.test,ACTIVE
600008777,Benchmark Customer 08777,benchmark.customer08777@example.test,ACTIVE
600008778,Benchmark Customer 08778,benchmark.customer08778@example.test,ACTIVE
600008779,Benchmark Customer 08779,benchmark.customer08779@example.test,ACTIVE
600008780,Benchmark Customer 08780,benchmark.customer08780@example.test,ACTIVE
600008781,Benchmark Customer 08781,benchmark.customer08781@example.test,ACTIVE
600008782,Benchmark Customer 08782,benchmark.customer08782@example.test,ACTIVE
600008783,Benchmark Customer 08783,benchmark.customer08783@example.test,ACTIVE
600008784,Benchmark Customer 08784,benchmark.customer08784@example.test,ACTIVE
600008785,Benchmark Customer 08785,benchmark.customer08785@example.test,ACTIVE
600008786,Benchmark Customer 08786,benchmark.customer08786@example.test,ACTIVE
600008787,Benchmark Customer 08787,benchmark.customer08787@example.test,ACTIVE
600008788,Benchmark Customer 08788,benchmark.customer08788@example.test,ACTIVE
600008789,Benchmark Customer 08789,benchmark.customer08789@example.test,ACTIVE
600008790,Benchmark Customer 08790,benchmark.customer08790@example.test,ACTIVE
600008791,Benchmark Customer 08791,benchmark.customer08791@example.test,ACTIVE
600008792,Benchmark Customer 08792,benchmark.customer08792@example.test,ACTIVE
600008793,Benchmark Customer 08793,benchmark.customer08793@example.test,ACTIVE
600008794,Benchmark Customer 08794,benchmark.customer08794@example.test,ACTIVE
600008795,Benchmark Customer 08795,benchmark.customer08795@example.test,ACTIVE
600008796,Benchmark Customer 08796,benchmark.customer08796@example.test,ACTIVE
600008797,Benchmark Customer 08797,benchmark.customer08797@example.test,ACTIVE
600008798,Benchmark Customer 08798,benchmark.customer08798@example.test,ACTIVE
600008799,Benchmark Customer 08799,benchmark.customer08799@example.test,ACTIVE
600008800,Benchmark Customer 08800,benchmark.customer08800@example.test,ACTIVE
600008801,Benchmark Customer 08801,benchmark.customer08801@example.test,ACTIVE
600008802,Benchmark Customer 08802,benchmark.customer08802@example.test,ACTIVE
600008803,Benchmark Customer 08803,benchmark.customer08803@example.test,ACTIVE
600008804,Benchmark Customer 08804,benchmark.customer08804@example.test,ACTIVE
600008805,Benchmark Customer 08805,benchmark.customer08805@example.test,ACTIVE
600008806,Benchmark Customer 08806,benchmark.customer08806@example.test,ACTIVE
600008807,Benchmark Customer 08807,benchmark.customer08807@example.test,ACTIVE
600008808,Benchmark Customer 08808,benchmark.customer08808@example.test,ACTIVE
600008809,Benchmark Customer 08809,benchmark.customer08809@example.test,ACTIVE
600008810,Benchmark Customer 08810,benchmark.customer08810@example.test,ACTIVE
600008811,Benchmark Customer 08811,benchmark.customer08811@example.test,ACTIVE
600008812,Benchmark Customer 08812,benchmark.customer08812@example.test,ACTIVE
600008813,Benchmark Customer 08813,benchmark.customer08813@example.test,ACTIVE
600008814,Benchmark Customer 08814,benchmark.customer08814@example.test,ACTIVE
600008815,Benchmark Customer 08815,benchmark.customer08815@example.test,ACTIVE
600008816,Benchmark Customer 08816,benchmark.customer08816@example.test,ACTIVE
600008817,Benchmark Customer 08817,benchmark.customer08817@example.test,ACTIVE
600008818,Benchmark Customer 08818,benchmark.customer08818@example.test,ACTIVE
600008819,Benchmark Customer 08819,benchmark.customer08819@example.test,ACTIVE
600008820,Benchmark Customer 08820,benchmark.customer08820@example.test,ACTIVE
600008821,Benchmark Customer 08821,benchmark.customer08821@example.test,ACTIVE
600008822,Benchmark Customer 08822,benchmark.customer08822@example.test,ACTIVE
600008823,Benchmark Customer 08823,benchmark.customer08823@example.test,ACTIVE
600008824,Benchmark Customer 08824,benchmark.customer08824@example.test,ACTIVE
600008825,Benchmark Customer 08825,benchmark.customer08825@example.test,ACTIVE
600008826,Benchmark Customer 08826,benchmark.customer08826@example.test,ACTIVE
600008827,Benchmark Customer 08827,benchmark.customer08827@example.test,ACTIVE
600008828,Benchmark Customer 08828,benchmark.customer08828@example.test,ACTIVE
600008829,Benchmark Customer 08829,benchmark.customer08829@example.test,ACTIVE
600008830,Benchmark Customer 08830,benchmark.customer08830@example.test,ACTIVE
600008831,Benchmark Customer 08831,benchmark.customer08831@example.test,ACTIVE
600008832,Benchmark Customer 08832,benchmark.customer08832@example.test,ACTIVE
600008833,Benchmark Customer 08833,benchmark.customer08833@example.test,ACTIVE
600008834,Benchmark Customer 08834,benchmark.customer08834@example.test,ACTIVE
600008835,Benchmark Customer 08835,benchmark.customer08835@example.test,ACTIVE
600008836,Benchmark Customer 08836,benchmark.customer08836@example.test,ACTIVE
600008837,Benchmark Customer 08837,benchmark.customer08837@example.test,ACTIVE
600008838,Benchmark Customer 08838,benchmark.customer08838@example.test,ACTIVE
600008839,Benchmark Customer 08839,benchmark.customer08839@example.test,ACTIVE
600008840,Benchmark Customer 08840,benchmark.customer08840@example.test,ACTIVE
600008841,Benchmark Customer 08841,benchmark.customer08841@example.test,ACTIVE
600008842,Benchmark Customer 08842,benchmark.customer08842@example.test,ACTIVE
600008843,Benchmark Customer 08843,benchmark.customer08843@example.test,ACTIVE
600008844,Benchmark Customer 08844,benchmark.customer08844@example.test,ACTIVE
600008845,Benchmark Customer 08845,benchmark.customer08845@example.test,ACTIVE
600008846,Benchmark Customer 08846,benchmark.customer08846@example.test,ACTIVE
600008847,Benchmark Customer 08847,benchmark.customer08847@example.test,ACTIVE
600008848,Benchmark Customer 08848,benchmark.customer08848@example.test,ACTIVE
600008849,Benchmark Customer 08849,benchmark.customer08849@example.test,ACTIVE
600008850,Benchmark Customer 08850,benchmark.customer08850@example.test,ACTIVE
600008851,Benchmark Customer 08851,benchmark.customer08851@example.test,ACTIVE
600008852,Benchmark Customer 08852,benchmark.customer08852@example.test,ACTIVE
600008853,Benchmark Customer 08853,benchmark.customer08853@example.test,ACTIVE
600008854,Benchmark Customer 08854,benchmark.customer08854@example.test,ACTIVE
600008855,Benchmark Customer 08855,benchmark.customer08855@example.test,ACTIVE
600008856,Benchmark Customer 08856,benchmark.customer08856@example.test,ACTIVE
600008857,Benchmark Customer 08857,benchmark.customer08857@example.test,ACTIVE
600008858,Benchmark Customer 08858,benchmark.customer08858@example.test,ACTIVE
600008859,Benchmark Customer 08859,benchmark.customer08859@example.test,ACTIVE
600008860,Benchmark Customer 08860,benchmark.customer08860@example.test,ACTIVE
600008861,Benchmark Customer 08861,benchmark.customer08861@example.test,ACTIVE
600008862,Benchmark Customer 08862,benchmark.customer08862@example.test,ACTIVE
600008863,Benchmark Customer 08863,benchmark.customer08863@example.test,ACTIVE
600008864,Benchmark Customer 08864,benchmark.customer08864@example.test,ACTIVE
600008865,Benchmark Customer 08865,benchmark.customer08865@example.test,ACTIVE
600008866,Benchmark Customer 08866,benchmark.customer08866@example.test,ACTIVE
600008867,Benchmark Customer 08867,benchmark.customer08867@example.test,ACTIVE
600008868,Benchmark Customer 08868,benchmark.customer08868@example.test,ACTIVE
600008869,Benchmark Customer 08869,benchmark.customer08869@example.test,ACTIVE
600008870,Benchmark Customer 08870,benchmark.customer08870@example.test,ACTIVE
600008871,Benchmark Customer 08871,benchmark.customer08871@example.test,ACTIVE
600008872,Benchmark Customer 08872,benchmark.customer08872@example.test,ACTIVE
600008873,Benchmark Customer 08873,benchmark.customer08873@example.test,ACTIVE
600008874,Benchmark Customer 08874,benchmark.customer08874@example.test,ACTIVE
600008875,Benchmark Customer 08875,benchmark.customer08875@example.test,ACTIVE
600008876,Benchmark Customer 08876,benchmark.customer08876@example.test,ACTIVE
600008877,Benchmark Customer 08877,benchmark.customer08877@example.test,ACTIVE
600008878,Benchmark Customer 08878,benchmark.customer08878@example.test,ACTIVE
600008879,Benchmark Customer 08879,benchmark.customer08879@example.test,ACTIVE
600008880,Benchmark Customer 08880,benchmark.customer08880@example.test,ACTIVE
600008881,Benchmark Customer 08881,benchmark.customer08881@example.test,ACTIVE
600008882,Benchmark Customer 08882,benchmark.customer08882@example.test,ACTIVE
600008883,Benchmark Customer 08883,benchmark.customer08883@example.test,ACTIVE
600008884,Benchmark Customer 08884,benchmark.customer08884@example.test,ACTIVE
600008885,Benchmark Customer 08885,benchmark.customer08885@example.test,ACTIVE
600008886,Benchmark Customer 08886,benchmark.customer08886@example.test,ACTIVE
600008887,Benchmark Customer 08887,benchmark.customer08887@example.test,ACTIVE
600008888,Benchmark Customer 08888,benchmark.customer08888@example.test,ACTIVE
600008889,Benchmark Customer 08889,benchmark.customer08889@example.test,ACTIVE
600008890,Benchmark Customer 08890,benchmark.customer08890@example.test,ACTIVE
600008891,Benchmark Customer 08891,benchmark.customer08891@example.test,ACTIVE
600008892,Benchmark Customer 08892,benchmark.customer08892@example.test,ACTIVE
600008893,Benchmark Customer 08893,benchmark.customer08893@example.test,ACTIVE
600008894,Benchmark Customer 08894,benchmark.customer08894@example.test,ACTIVE
600008895,Benchmark Customer 08895,benchmark.customer08895@example.test,ACTIVE
600008896,Benchmark Customer 08896,benchmark.customer08896@example.test,ACTIVE
600008897,Benchmark Customer 08897,benchmark.customer08897@example.test,ACTIVE
600008898,Benchmark Customer 08898,benchmark.customer08898@example.test,ACTIVE
600008899,Benchmark Customer 08899,benchmark.customer08899@example.test,ACTIVE
600008900,Benchmark Customer 08900,benchmark.customer08900@example.test,ACTIVE
600008901,Benchmark Customer 08901,benchmark.customer08901@example.test,ACTIVE
600008902,Benchmark Customer 08902,benchmark.customer08902@example.test,ACTIVE
600008903,Benchmark Customer 08903,benchmark.customer08903@example.test,ACTIVE
600008904,Benchmark Customer 08904,benchmark.customer08904@example.test,ACTIVE
600008905,Benchmark Customer 08905,benchmark.customer08905@example.test,ACTIVE
600008906,Benchmark Customer 08906,benchmark.customer08906@example.test,ACTIVE
600008907,Benchmark Customer 08907,benchmark.customer08907@example.test,ACTIVE
600008908,Benchmark Customer 08908,benchmark.customer08908@example.test,ACTIVE
600008909,Benchmark Customer 08909,benchmark.customer08909@example.test,ACTIVE
600008910,Benchmark Customer 08910,benchmark.customer08910@example.test,ACTIVE
600008911,Benchmark Customer 08911,benchmark.customer08911@example.test,ACTIVE
600008912,Benchmark Customer 08912,benchmark.customer08912@example.test,ACTIVE
600008913,Benchmark Customer 08913,benchmark.customer08913@example.test,ACTIVE
600008914,Benchmark Customer 08914,benchmark.customer08914@example.test,ACTIVE
600008915,Benchmark Customer 08915,benchmark.customer08915@example.test,ACTIVE
600008916,Benchmark Customer 08916,benchmark.customer08916@example.test,ACTIVE
600008917,Benchmark Customer 08917,benchmark.customer08917@example.test,ACTIVE
600008918,Benchmark Customer 08918,benchmark.customer08918@example.test,ACTIVE
600008919,Benchmark Customer 08919,benchmark.customer08919@example.test,ACTIVE
600008920,Benchmark Customer 08920,benchmark.customer08920@example.test,ACTIVE
600008921,Benchmark Customer 08921,benchmark.customer08921@example.test,ACTIVE
600008922,Benchmark Customer 08922,benchmark.customer08922@example.test,ACTIVE
600008923,Benchmark Customer 08923,benchmark.customer08923@example.test,ACTIVE
600008924,Benchmark Customer 08924,benchmark.customer08924@example.test,ACTIVE
600008925,Benchmark Customer 08925,benchmark.customer08925@example.test,ACTIVE
600008926,Benchmark Customer 08926,benchmark.customer08926@example.test,ACTIVE
600008927,Benchmark Customer 08927,benchmark.customer08927@example.test,ACTIVE
600008928,Benchmark Customer 08928,benchmark.customer08928@example.test,ACTIVE
600008929,Benchmark Customer 08929,benchmark.customer08929@example.test,ACTIVE
600008930,Benchmark Customer 08930,benchmark.customer08930@example.test,ACTIVE
600008931,Benchmark Customer 08931,benchmark.customer08931@example.test,ACTIVE
600008932,Benchmark Customer 08932,benchmark.customer08932@example.test,ACTIVE
600008933,Benchmark Customer 08933,benchmark.customer08933@example.test,ACTIVE
600008934,Benchmark Customer 08934,benchmark.customer08934@example.test,ACTIVE
600008935,Benchmark Customer 08935,benchmark.customer08935@example.test,ACTIVE
600008936,Benchmark Customer 08936,benchmark.customer08936@example.test,ACTIVE
600008937,Benchmark Customer 08937,benchmark.customer08937@example.test,ACTIVE
600008938,Benchmark Customer 08938,benchmark.customer08938@example.test,ACTIVE
600008939,Benchmark Customer 08939,benchmark.customer08939@example.test,ACTIVE
600008940,Benchmark Customer 08940,benchmark.customer08940@example.test,ACTIVE
600008941,Benchmark Customer 08941,benchmark.customer08941@example.test,ACTIVE
600008942,Benchmark Customer 08942,benchmark.customer08942@example.test,ACTIVE
600008943,Benchmark Customer 08943,benchmark.customer08943@example.test,ACTIVE
600008944,Benchmark Customer 08944,benchmark.customer08944@example.test,ACTIVE
600008945,Benchmark Customer 08945,benchmark.customer08945@example.test,ACTIVE
600008946,Benchmark Customer 08946,benchmark.customer08946@example.test,ACTIVE
600008947,Benchmark Customer 08947,benchmark.customer08947@example.test,ACTIVE
600008948,Benchmark Customer 08948,benchmark.customer08948@example.test,ACTIVE
600008949,Benchmark Customer 08949,benchmark.customer08949@example.test,ACTIVE
600008950,Benchmark Customer 08950,benchmark.customer08950@example.test,ACTIVE
600008951,Benchmark Customer 08951,benchmark.customer08951@example.test,ACTIVE
600008952,Benchmark Customer 08952,benchmark.customer08952@example.test,ACTIVE
600008953,Benchmark Customer 08953,benchmark.customer08953@example.test,ACTIVE
600008954,Benchmark Customer 08954,benchmark.customer08954@example.test,ACTIVE
600008955,Benchmark Customer 08955,benchmark.customer08955@example.test,ACTIVE
600008956,Benchmark Customer 08956,benchmark.customer08956@example.test,ACTIVE
600008957,Benchmark Customer 08957,benchmark.customer08957@example.test,ACTIVE
600008958,Benchmark Customer 08958,benchmark.customer08958@example.test,ACTIVE
600008959,Benchmark Customer 08959,benchmark.customer08959@example.test,ACTIVE
600008960,Benchmark Customer 08960,benchmark.customer08960@example.test,ACTIVE
600008961,Benchmark Customer 08961,benchmark.customer08961@example.test,ACTIVE
600008962,Benchmark Customer 08962,benchmark.customer08962@example.test,ACTIVE
600008963,Benchmark Customer 08963,benchmark.customer08963@example.test,ACTIVE
600008964,Benchmark Customer 08964,benchmark.customer08964@example.test,ACTIVE
600008965,Benchmark Customer 08965,benchmark.customer08965@example.test,ACTIVE
600008966,Benchmark Customer 08966,benchmark.customer08966@example.test,ACTIVE
600008967,Benchmark Customer 08967,benchmark.customer08967@example.test,ACTIVE
600008968,Benchmark Customer 08968,benchmark.customer08968@example.test,ACTIVE
600008969,Benchmark Customer 08969,benchmark.customer08969@example.test,ACTIVE
600008970,Benchmark Customer 08970,benchmark.customer08970@example.test,ACTIVE
600008971,Benchmark Customer 08971,benchmark.customer08971@example.test,ACTIVE
600008972,Benchmark Customer 08972,benchmark.customer08972@example.test,ACTIVE
600008973,Benchmark Customer 08973,benchmark.customer08973@example.test,ACTIVE
600008974,Benchmark Customer 08974,benchmark.customer08974@example.test,ACTIVE
600008975,Benchmark Customer 08975,benchmark.customer08975@example.test,ACTIVE
600008976,Benchmark Customer 08976,benchmark.customer08976@example.test,ACTIVE
600008977,Benchmark Customer 08977,benchmark.customer08977@example.test,ACTIVE
600008978,Benchmark Customer 08978,benchmark.customer08978@example.test,ACTIVE
600008979,Benchmark Customer 08979,benchmark.customer08979@example.test,ACTIVE
600008980,Benchmark Customer 08980,benchmark.customer08980@example.test,ACTIVE
600008981,Benchmark Customer 08981,benchmark.customer08981@example.test,ACTIVE
600008982,Benchmark Customer 08982,benchmark.customer08982@example.test,ACTIVE
600008983,Benchmark Customer 08983,benchmark.customer08983@example.test,ACTIVE
600008984,Benchmark Customer 08984,benchmark.customer08984@example.test,ACTIVE
600008985,Benchmark Customer 08985,benchmark.customer08985@example.test,ACTIVE
600008986,Benchmark Customer 08986,benchmark.customer08986@example.test,ACTIVE
600008987,Benchmark Customer 08987,benchmark.customer08987@example.test,ACTIVE
600008988,Benchmark Customer 08988,benchmark.customer08988@example.test,ACTIVE
600008989,Benchmark Customer 08989,benchmark.customer08989@example.test,ACTIVE
600008990,Benchmark Customer 08990,benchmark.customer08990@example.test,ACTIVE
600008991,Benchmark Customer 08991,benchmark.customer08991@example.test,ACTIVE
600008992,Benchmark Customer 08992,benchmark.customer08992@example.test,ACTIVE
600008993,Benchmark Customer 08993,benchmark.customer08993@example.test,ACTIVE
600008994,Benchmark Customer 08994,benchmark.customer08994@example.test,ACTIVE
600008995,Benchmark Customer 08995,benchmark.customer08995@example.test,ACTIVE
600008996,Benchmark Customer 08996,benchmark.customer08996@example.test,ACTIVE
600008997,Benchmark Customer 08997,benchmark.customer08997@example.test,ACTIVE
600008998,Benchmark Customer 08998,benchmark.customer08998@example.test,ACTIVE
600008999,Benchmark Customer 08999,benchmark.customer08999@example.test,ACTIVE
600009000,Benchmark Customer 09000,benchmark.customer09000@example.test,ACTIVE
600009001,Benchmark Customer 09001,benchmark.customer09001@example.test,ACTIVE
600009002,Benchmark Customer 09002,benchmark.customer09002@example.test,ACTIVE
600009003,Benchmark Customer 09003,benchmark.customer09003@example.test,ACTIVE
600009004,Benchmark Customer 09004,benchmark.customer09004@example.test,ACTIVE
600009005,Benchmark Customer 09005,benchmark.customer09005@example.test,ACTIVE
600009006,Benchmark Customer 09006,benchmark.customer09006@example.test,ACTIVE
600009007,Benchmark Customer 09007,benchmark.customer09007@example.test,ACTIVE
600009008,Benchmark Customer 09008,benchmark.customer09008@example.test,ACTIVE
600009009,Benchmark Customer 09009,benchmark.customer09009@example.test,ACTIVE
600009010,Benchmark Customer 09010,benchmark.customer09010@example.test,ACTIVE
600009011,Benchmark Customer 09011,benchmark.customer09011@example.test,ACTIVE
600009012,Benchmark Customer 09012,benchmark.customer09012@example.test,ACTIVE
600009013,Benchmark Customer 09013,benchmark.customer09013@example.test,ACTIVE
600009014,Benchmark Customer 09014,benchmark.customer09014@example.test,ACTIVE
600009015,Benchmark Customer 09015,benchmark.customer09015@example.test,ACTIVE
600009016,Benchmark Customer 09016,benchmark.customer09016@example.test,ACTIVE
600009017,Benchmark Customer 09017,benchmark.customer09017@example.test,ACTIVE
600009018,Benchmark Customer 09018,benchmark.customer09018@example.test,ACTIVE
600009019,Benchmark Customer 09019,benchmark.customer09019@example.test,ACTIVE
600009020,Benchmark Customer 09020,benchmark.customer09020@example.test,ACTIVE
600009021,Benchmark Customer 09021,benchmark.customer09021@example.test,ACTIVE
600009022,Benchmark Customer 09022,benchmark.customer09022@example.test,ACTIVE
600009023,Benchmark Customer 09023,benchmark.customer09023@example.test,ACTIVE
600009024,Benchmark Customer 09024,benchmark.customer09024@example.test,ACTIVE
600009025,Benchmark Customer 09025,benchmark.customer09025@example.test,ACTIVE
600009026,Benchmark Customer 09026,benchmark.customer09026@example.test,ACTIVE
600009027,Benchmark Customer 09027,benchmark.customer09027@example.test,ACTIVE
600009028,Benchmark Customer 09028,benchmark.customer09028@example.test,ACTIVE
600009029,Benchmark Customer 09029,benchmark.customer09029@example.test,ACTIVE
600009030,Benchmark Customer 09030,benchmark.customer09030@example.test,ACTIVE
600009031,Benchmark Customer 09031,benchmark.customer09031@example.test,ACTIVE
600009032,Benchmark Customer 09032,benchmark.customer09032@example.test,ACTIVE
600009033,Benchmark Customer 09033,benchmark.customer09033@example.test,ACTIVE
600009034,Benchmark Customer 09034,benchmark.customer09034@example.test,ACTIVE
600009035,Benchmark Customer 09035,benchmark.customer09035@example.test,ACTIVE
600009036,Benchmark Customer 09036,benchmark.customer09036@example.test,ACTIVE
600009037,Benchmark Customer 09037,benchmark.customer09037@example.test,ACTIVE
600009038,Benchmark Customer 09038,benchmark.customer09038@example.test,ACTIVE
600009039,Benchmark Customer 09039,benchmark.customer09039@example.test,ACTIVE
600009040,Benchmark Customer 09040,benchmark.customer09040@example.test,ACTIVE
600009041,Benchmark Customer 09041,benchmark.customer09041@example.test,ACTIVE
600009042,Benchmark Customer 09042,benchmark.customer09042@example.test,ACTIVE
600009043,Benchmark Customer 09043,benchmark.customer09043@example.test,ACTIVE
600009044,Benchmark Customer 09044,benchmark.customer09044@example.test,ACTIVE
600009045,Benchmark Customer 09045,benchmark.customer09045@example.test,ACTIVE
600009046,Benchmark Customer 09046,benchmark.customer09046@example.test,ACTIVE
600009047,Benchmark Customer 09047,benchmark.customer09047@example.test,ACTIVE
600009048,Benchmark Customer 09048,benchmark.customer09048@example.test,ACTIVE
600009049,Benchmark Customer 09049,benchmark.customer09049@example.test,ACTIVE
600009050,Benchmark Customer 09050,benchmark.customer09050@example.test,ACTIVE
600009051,Benchmark Customer 09051,benchmark.customer09051@example.test,ACTIVE
600009052,Benchmark Customer 09052,benchmark.customer09052@example.test,ACTIVE
600009053,Benchmark Customer 09053,benchmark.customer09053@example.test,ACTIVE
600009054,Benchmark Customer 09054,benchmark.customer09054@example.test,ACTIVE
600009055,Benchmark Customer 09055,benchmark.customer09055@example.test,ACTIVE
600009056,Benchmark Customer 09056,benchmark.customer09056@example.test,ACTIVE
600009057,Benchmark Customer 09057,benchmark.customer09057@example.test,ACTIVE
600009058,Benchmark Customer 09058,benchmark.customer09058@example.test,ACTIVE
600009059,Benchmark Customer 09059,benchmark.customer09059@example.test,ACTIVE
600009060,Benchmark Customer 09060,benchmark.customer09060@example.test,ACTIVE
600009061,Benchmark Customer 09061,benchmark.customer09061@example.test,ACTIVE
600009062,Benchmark Customer 09062,benchmark.customer09062@example.test,ACTIVE
600009063,Benchmark Customer 09063,benchmark.customer09063@example.test,ACTIVE
600009064,Benchmark Customer 09064,benchmark.customer09064@example.test,ACTIVE
600009065,Benchmark Customer 09065,benchmark.customer09065@example.test,ACTIVE
600009066,Benchmark Customer 09066,benchmark.customer09066@example.test,ACTIVE
600009067,Benchmark Customer 09067,benchmark.customer09067@example.test,ACTIVE
600009068,Benchmark Customer 09068,benchmark.customer09068@example.test,ACTIVE
600009069,Benchmark Customer 09069,benchmark.customer09069@example.test,ACTIVE
600009070,Benchmark Customer 09070,benchmark.customer09070@example.test,ACTIVE
600009071,Benchmark Customer 09071,benchmark.customer09071@example.test,ACTIVE
600009072,Benchmark Customer 09072,benchmark.customer09072@example.test,ACTIVE
600009073,Benchmark Customer 09073,benchmark.customer09073@example.test,ACTIVE
600009074,Benchmark Customer 09074,benchmark.customer09074@example.test,ACTIVE
600009075,Benchmark Customer 09075,benchmark.customer09075@example.test,ACTIVE
600009076,Benchmark Customer 09076,benchmark.customer09076@example.test,ACTIVE
600009077,Benchmark Customer 09077,benchmark.customer09077@example.test,ACTIVE
600009078,Benchmark Customer 09078,benchmark.customer09078@example.test,ACTIVE
600009079,Benchmark Customer 09079,benchmark.customer09079@example.test,ACTIVE
600009080,Benchmark Customer 09080,benchmark.customer09080@example.test,ACTIVE
600009081,Benchmark Customer 09081,benchmark.customer09081@example.test,ACTIVE
600009082,Benchmark Customer 09082,benchmark.customer09082@example.test,ACTIVE
600009083,Benchmark Customer 09083,benchmark.customer09083@example.test,ACTIVE
600009084,Benchmark Customer 09084,benchmark.customer09084@example.test,ACTIVE
600009085,Benchmark Customer 09085,benchmark.customer09085@example.test,ACTIVE
600009086,Benchmark Customer 09086,benchmark.customer09086@example.test,ACTIVE
600009087,Benchmark Customer 09087,benchmark.customer09087@example.test,ACTIVE
600009088,Benchmark Customer 09088,benchmark.customer09088@example.test,ACTIVE
600009089,Benchmark Customer 09089,benchmark.customer09089@example.test,ACTIVE
600009090,Benchmark Customer 09090,benchmark.customer09090@example.test,ACTIVE
600009091,Benchmark Customer 09091,benchmark.customer09091@example.test,ACTIVE
600009092,Benchmark Customer 09092,benchmark.customer09092@example.test,ACTIVE
600009093,Benchmark Customer 09093,benchmark.customer09093@example.test,ACTIVE
600009094,Benchmark Customer 09094,benchmark.customer09094@example.test,ACTIVE
600009095,Benchmark Customer 09095,benchmark.customer09095@example.test,ACTIVE
600009096,Benchmark Customer 09096,benchmark.customer09096@example.test,ACTIVE
600009097,Benchmark Customer 09097,benchmark.customer09097@example.test,ACTIVE
600009098,Benchmark Customer 09098,benchmark.customer09098@example.test,ACTIVE
600009099,Benchmark Customer 09099,benchmark.customer09099@example.test,ACTIVE
600009100,Benchmark Customer 09100,benchmark.customer09100@example.test,ACTIVE
600009101,Benchmark Customer 09101,benchmark.customer09101@example.test,ACTIVE
600009102,Benchmark Customer 09102,benchmark.customer09102@example.test,ACTIVE
600009103,Benchmark Customer 09103,benchmark.customer09103@example.test,ACTIVE
600009104,Benchmark Customer 09104,benchmark.customer09104@example.test,ACTIVE
600009105,Benchmark Customer 09105,benchmark.customer09105@example.test,ACTIVE
600009106,Benchmark Customer 09106,benchmark.customer09106@example.test,ACTIVE
600009107,Benchmark Customer 09107,benchmark.customer09107@example.test,ACTIVE
600009108,Benchmark Customer 09108,benchmark.customer09108@example.test,ACTIVE
600009109,Benchmark Customer 09109,benchmark.customer09109@example.test,ACTIVE
600009110,Benchmark Customer 09110,benchmark.customer09110@example.test,ACTIVE
600009111,Benchmark Customer 09111,benchmark.customer09111@example.test,ACTIVE
600009112,Benchmark Customer 09112,benchmark.customer09112@example.test,ACTIVE
600009113,Benchmark Customer 09113,benchmark.customer09113@example.test,ACTIVE
600009114,Benchmark Customer 09114,benchmark.customer09114@example.test,ACTIVE
600009115,Benchmark Customer 09115,benchmark.customer09115@example.test,ACTIVE
600009116,Benchmark Customer 09116,benchmark.customer09116@example.test,ACTIVE
600009117,Benchmark Customer 09117,benchmark.customer09117@example.test,ACTIVE
600009118,Benchmark Customer 09118,benchmark.customer09118@example.test,ACTIVE
600009119,Benchmark Customer 09119,benchmark.customer09119@example.test,ACTIVE
600009120,Benchmark Customer 09120,benchmark.customer09120@example.test,ACTIVE
600009121,Benchmark Customer 09121,benchmark.customer09121@example.test,ACTIVE
600009122,Benchmark Customer 09122,benchmark.customer09122@example.test,ACTIVE
600009123,Benchmark Customer 09123,benchmark.customer09123@example.test,ACTIVE
600009124,Benchmark Customer 09124,benchmark.customer09124@example.test,ACTIVE
600009125,Benchmark Customer 09125,benchmark.customer09125@example.test,ACTIVE
600009126,Benchmark Customer 09126,benchmark.customer09126@example.test,ACTIVE
600009127,Benchmark Customer 09127,benchmark.customer09127@example.test,ACTIVE
600009128,Benchmark Customer 09128,benchmark.customer09128@example.test,ACTIVE
600009129,Benchmark Customer 09129,benchmark.customer09129@example.test,ACTIVE
600009130,Benchmark Customer 09130,benchmark.customer09130@example.test,ACTIVE
600009131,Benchmark Customer 09131,benchmark.customer09131@example.test,ACTIVE
600009132,Benchmark Customer 09132,benchmark.customer09132@example.test,ACTIVE
600009133,Benchmark Customer 09133,benchmark.customer09133@example.test,ACTIVE
600009134,Benchmark Customer 09134,benchmark.customer09134@example.test,ACTIVE
600009135,Benchmark Customer 09135,benchmark.customer09135@example.test,ACTIVE
600009136,Benchmark Customer 09136,benchmark.customer09136@example.test,ACTIVE
600009137,Benchmark Customer 09137,benchmark.customer09137@example.test,ACTIVE
600009138,Benchmark Customer 09138,benchmark.customer09138@example.test,ACTIVE
600009139,Benchmark Customer 09139,benchmark.customer09139@example.test,ACTIVE
600009140,Benchmark Customer 09140,benchmark.customer09140@example.test,ACTIVE
600009141,Benchmark Customer 09141,benchmark.customer09141@example.test,ACTIVE
600009142,Benchmark Customer 09142,benchmark.customer09142@example.test,ACTIVE
600009143,Benchmark Customer 09143,benchmark.customer09143@example.test,ACTIVE
600009144,Benchmark Customer 09144,benchmark.customer09144@example.test,ACTIVE
600009145,Benchmark Customer 09145,benchmark.customer09145@example.test,ACTIVE
600009146,Benchmark Customer 09146,benchmark.customer09146@example.test,ACTIVE
600009147,Benchmark Customer 09147,benchmark.customer09147@example.test,ACTIVE
600009148,Benchmark Customer 09148,benchmark.customer09148@example.test,ACTIVE
600009149,Benchmark Customer 09149,benchmark.customer09149@example.test,ACTIVE
600009150,Benchmark Customer 09150,benchmark.customer09150@example.test,ACTIVE
600009151,Benchmark Customer 09151,benchmark.customer09151@example.test,ACTIVE
600009152,Benchmark Customer 09152,benchmark.customer09152@example.test,ACTIVE
600009153,Benchmark Customer 09153,benchmark.customer09153@example.test,ACTIVE
600009154,Benchmark Customer 09154,benchmark.customer09154@example.test,ACTIVE
600009155,Benchmark Customer 09155,benchmark.customer09155@example.test,ACTIVE
600009156,Benchmark Customer 09156,benchmark.customer09156@example.test,ACTIVE
600009157,Benchmark Customer 09157,benchmark.customer09157@example.test,ACTIVE
600009158,Benchmark Customer 09158,benchmark.customer09158@example.test,ACTIVE
600009159,Benchmark Customer 09159,benchmark.customer09159@example.test,ACTIVE
600009160,Benchmark Customer 09160,benchmark.customer09160@example.test,ACTIVE
600009161,Benchmark Customer 09161,benchmark.customer09161@example.test,ACTIVE
600009162,Benchmark Customer 09162,benchmark.customer09162@example.test,ACTIVE
600009163,Benchmark Customer 09163,benchmark.customer09163@example.test,ACTIVE
600009164,Benchmark Customer 09164,benchmark.customer09164@example.test,ACTIVE
600009165,Benchmark Customer 09165,benchmark.customer09165@example.test,ACTIVE
600009166,Benchmark Customer 09166,benchmark.customer09166@example.test,ACTIVE
600009167,Benchmark Customer 09167,benchmark.customer09167@example.test,ACTIVE
600009168,Benchmark Customer 09168,benchmark.customer09168@example.test,ACTIVE
600009169,Benchmark Customer 09169,benchmark.customer09169@example.test,ACTIVE
600009170,Benchmark Customer 09170,benchmark.customer09170@example.test,ACTIVE
600009171,Benchmark Customer 09171,benchmark.customer09171@example.test,ACTIVE
600009172,Benchmark Customer 09172,benchmark.customer09172@example.test,ACTIVE
600009173,Benchmark Customer 09173,benchmark.customer09173@example.test,ACTIVE
600009174,Benchmark Customer 09174,benchmark.customer09174@example.test,ACTIVE
600009175,Benchmark Customer 09175,benchmark.customer09175@example.test,ACTIVE
600009176,Benchmark Customer 09176,benchmark.customer09176@example.test,ACTIVE
600009177,Benchmark Customer 09177,benchmark.customer09177@example.test,ACTIVE
600009178,Benchmark Customer 09178,benchmark.customer09178@example.test,ACTIVE
600009179,Benchmark Customer 09179,benchmark.customer09179@example.test,ACTIVE
600009180,Benchmark Customer 09180,benchmark.customer09180@example.test,ACTIVE
600009181,Benchmark Customer 09181,benchmark.customer09181@example.test,ACTIVE
600009182,Benchmark Customer 09182,benchmark.customer09182@example.test,ACTIVE
600009183,Benchmark Customer 09183,benchmark.customer09183@example.test,ACTIVE
600009184,Benchmark Customer 09184,benchmark.customer09184@example.test,ACTIVE
600009185,Benchmark Customer 09185,benchmark.customer09185@example.test,ACTIVE
600009186,Benchmark Customer 09186,benchmark.customer09186@example.test,ACTIVE
600009187,Benchmark Customer 09187,benchmark.customer09187@example.test,ACTIVE
600009188,Benchmark Customer 09188,benchmark.customer09188@example.test,ACTIVE
600009189,Benchmark Customer 09189,benchmark.customer09189@example.test,ACTIVE
600009190,Benchmark Customer 09190,benchmark.customer09190@example.test,ACTIVE
600009191,Benchmark Customer 09191,benchmark.customer09191@example.test,ACTIVE
600009192,Benchmark Customer 09192,benchmark.customer09192@example.test,ACTIVE
600009193,Benchmark Customer 09193,benchmark.customer09193@example.test,ACTIVE
600009194,Benchmark Customer 09194,benchmark.customer09194@example.test,ACTIVE
600009195,Benchmark Customer 09195,benchmark.customer09195@example.test,ACTIVE
600009196,Benchmark Customer 09196,benchmark.customer09196@example.test,ACTIVE
600009197,Benchmark Customer 09197,benchmark.customer09197@example.test,ACTIVE
600009198,Benchmark Customer 09198,benchmark.customer09198@example.test,ACTIVE
600009199,Benchmark Customer 09199,benchmark.customer09199@example.test,ACTIVE
600009200,Benchmark Customer 09200,benchmark.customer09200@example.test,ACTIVE
600009201,Benchmark Customer 09201,benchmark.customer09201@example.test,ACTIVE
600009202,Benchmark Customer 09202,benchmark.customer09202@example.test,ACTIVE
600009203,Benchmark Customer 09203,benchmark.customer09203@example.test,ACTIVE
600009204,Benchmark Customer 09204,benchmark.customer09204@example.test,ACTIVE
600009205,Benchmark Customer 09205,benchmark.customer09205@example.test,ACTIVE
600009206,Benchmark Customer 09206,benchmark.customer09206@example.test,ACTIVE
600009207,Benchmark Customer 09207,benchmark.customer09207@example.test,ACTIVE
600009208,Benchmark Customer 09208,benchmark.customer09208@example.test,ACTIVE
600009209,Benchmark Customer 09209,benchmark.customer09209@example.test,ACTIVE
600009210,Benchmark Customer 09210,benchmark.customer09210@example.test,ACTIVE
600009211,Benchmark Customer 09211,benchmark.customer09211@example.test,ACTIVE
600009212,Benchmark Customer 09212,benchmark.customer09212@example.test,ACTIVE
600009213,Benchmark Customer 09213,benchmark.customer09213@example.test,ACTIVE
600009214,Benchmark Customer 09214,benchmark.customer09214@example.test,ACTIVE
600009215,Benchmark Customer 09215,benchmark.customer09215@example.test,ACTIVE
600009216,Benchmark Customer 09216,benchmark.customer09216@example.test,ACTIVE
600009217,Benchmark Customer 09217,benchmark.customer09217@example.test,ACTIVE
600009218,Benchmark Customer 09218,benchmark.customer09218@example.test,ACTIVE
600009219,Benchmark Customer 09219,benchmark.customer09219@example.test,ACTIVE
600009220,Benchmark Customer 09220,benchmark.customer09220@example.test,ACTIVE
600009221,Benchmark Customer 09221,benchmark.customer09221@example.test,ACTIVE
600009222,Benchmark Customer 09222,benchmark.customer09222@example.test,ACTIVE
600009223,Benchmark Customer 09223,benchmark.customer09223@example.test,ACTIVE
600009224,Benchmark Customer 09224,benchmark.customer09224@example.test,ACTIVE
600009225,Benchmark Customer 09225,benchmark.customer09225@example.test,ACTIVE
600009226,Benchmark Customer 09226,benchmark.customer09226@example.test,ACTIVE
600009227,Benchmark Customer 09227,benchmark.customer09227@example.test,ACTIVE
600009228,Benchmark Customer 09228,benchmark.customer09228@example.test,ACTIVE
600009229,Benchmark Customer 09229,benchmark.customer09229@example.test,ACTIVE
600009230,Benchmark Customer 09230,benchmark.customer09230@example.test,ACTIVE
600009231,Benchmark Customer 09231,benchmark.customer09231@example.test,ACTIVE
600009232,Benchmark Customer 09232,benchmark.customer09232@example.test,ACTIVE
600009233,Benchmark Customer 09233,benchmark.customer09233@example.test,ACTIVE
600009234,Benchmark Customer 09234,benchmark.customer09234@example.test,ACTIVE
600009235,Benchmark Customer 09235,benchmark.customer09235@example.test,ACTIVE
600009236,Benchmark Customer 09236,benchmark.customer09236@example.test,ACTIVE
600009237,Benchmark Customer 09237,benchmark.customer09237@example.test,ACTIVE
600009238,Benchmark Customer 09238,benchmark.customer09238@example.test,ACTIVE
600009239,Benchmark Customer 09239,benchmark.customer09239@example.test,ACTIVE
600009240,Benchmark Customer 09240,benchmark.customer09240@example.test,ACTIVE
600009241,Benchmark Customer 09241,benchmark.customer09241@example.test,ACTIVE
600009242,Benchmark Customer 09242,benchmark.customer09242@example.test,ACTIVE
600009243,Benchmark Customer 09243,benchmark.customer09243@example.test,ACTIVE
600009244,Benchmark Customer 09244,benchmark.customer09244@example.test,ACTIVE
600009245,Benchmark Customer 09245,benchmark.customer09245@example.test,ACTIVE
600009246,Benchmark Customer 09246,benchmark.customer09246@example.test,ACTIVE
600009247,Benchmark Customer 09247,benchmark.customer09247@example.test,ACTIVE
600009248,Benchmark Customer 09248,benchmark.customer09248@example.test,ACTIVE
600009249,Benchmark Customer 09249,benchmark.customer09249@example.test,ACTIVE
600009250,Benchmark Customer 09250,benchmark.customer09250@example.test,ACTIVE
600009251,Benchmark Customer 09251,benchmark.customer09251@example.test,ACTIVE
600009252,Benchmark Customer 09252,benchmark.customer09252@example.test,ACTIVE
600009253,Benchmark Customer 09253,benchmark.customer09253@example.test,ACTIVE
600009254,Benchmark Customer 09254,benchmark.customer09254@example.test,ACTIVE
600009255,Benchmark Customer 09255,benchmark.customer09255@example.test,ACTIVE
600009256,Benchmark Customer 09256,benchmark.customer09256@example.test,ACTIVE
600009257,Benchmark Customer 09257,benchmark.customer09257@example.test,ACTIVE
600009258,Benchmark Customer 09258,benchmark.customer09258@example.test,ACTIVE
600009259,Benchmark Customer 09259,benchmark.customer09259@example.test,ACTIVE
600009260,Benchmark Customer 09260,benchmark.customer09260@example.test,ACTIVE
600009261,Benchmark Customer 09261,benchmark.customer09261@example.test,ACTIVE
600009262,Benchmark Customer 09262,benchmark.customer09262@example.test,ACTIVE
600009263,Benchmark Customer 09263,benchmark.customer09263@example.test,ACTIVE
600009264,Benchmark Customer 09264,benchmark.customer09264@example.test,ACTIVE
600009265,Benchmark Customer 09265,benchmark.customer09265@example.test,ACTIVE
600009266,Benchmark Customer 09266,benchmark.customer09266@example.test,ACTIVE
600009267,Benchmark Customer 09267,benchmark.customer09267@example.test,ACTIVE
600009268,Benchmark Customer 09268,benchmark.customer09268@example.test,ACTIVE
600009269,Benchmark Customer 09269,benchmark.customer09269@example.test,ACTIVE
600009270,Benchmark Customer 09270,benchmark.customer09270@example.test,ACTIVE
600009271,Benchmark Customer 09271,benchmark.customer09271@example.test,ACTIVE
600009272,Benchmark Customer 09272,benchmark.customer09272@example.test,ACTIVE
600009273,Benchmark Customer 09273,benchmark.customer09273@example.test,ACTIVE
600009274,Benchmark Customer 09274,benchmark.customer09274@example.test,ACTIVE
600009275,Benchmark Customer 09275,benchmark.customer09275@example.test,ACTIVE
600009276,Benchmark Customer 09276,benchmark.customer09276@example.test,ACTIVE
600009277,Benchmark Customer 09277,benchmark.customer09277@example.test,ACTIVE
600009278,Benchmark Customer 09278,benchmark.customer09278@example.test,ACTIVE
600009279,Benchmark Customer 09279,benchmark.customer09279@example.test,ACTIVE
600009280,Benchmark Customer 09280,benchmark.customer09280@example.test,ACTIVE
600009281,Benchmark Customer 09281,benchmark.customer09281@example.test,ACTIVE
600009282,Benchmark Customer 09282,benchmark.customer09282@example.test,ACTIVE
600009283,Benchmark Customer 09283,benchmark.customer09283@example.test,ACTIVE
600009284,Benchmark Customer 09284,benchmark.customer09284@example.test,ACTIVE
600009285,Benchmark Customer 09285,benchmark.customer09285@example.test,ACTIVE
600009286,Benchmark Customer 09286,benchmark.customer09286@example.test,ACTIVE
600009287,Benchmark Customer 09287,benchmark.customer09287@example.test,ACTIVE
600009288,Benchmark Customer 09288,benchmark.customer09288@example.test,ACTIVE
600009289,Benchmark Customer 09289,benchmark.customer09289@example.test,ACTIVE
600009290,Benchmark Customer 09290,benchmark.customer09290@example.test,ACTIVE
600009291,Benchmark Customer 09291,benchmark.customer09291@example.test,ACTIVE
600009292,Benchmark Customer 09292,benchmark.customer09292@example.test,ACTIVE
600009293,Benchmark Customer 09293,benchmark.customer09293@example.test,ACTIVE
600009294,Benchmark Customer 09294,benchmark.customer09294@example.test,ACTIVE
600009295,Benchmark Customer 09295,benchmark.customer09295@example.test,ACTIVE
600009296,Benchmark Customer 09296,benchmark.customer09296@example.test,ACTIVE
600009297,Benchmark Customer 09297,benchmark.customer09297@example.test,ACTIVE
600009298,Benchmark Customer 09298,benchmark.customer09298@example.test,ACTIVE
600009299,Benchmark Customer 09299,benchmark.customer09299@example.test,ACTIVE
600009300,Benchmark Customer 09300,benchmark.customer09300@example.test,ACTIVE
600009301,Benchmark Customer 09301,benchmark.customer09301@example.test,ACTIVE
600009302,Benchmark Customer 09302,benchmark.customer09302@example.test,ACTIVE
600009303,Benchmark Customer 09303,benchmark.customer09303@example.test,ACTIVE
600009304,Benchmark Customer 09304,benchmark.customer09304@example.test,ACTIVE
600009305,Benchmark Customer 09305,benchmark.customer09305@example.test,ACTIVE
600009306,Benchmark Customer 09306,benchmark.customer09306@example.test,ACTIVE
600009307,Benchmark Customer 09307,benchmark.customer09307@example.test,ACTIVE
600009308,Benchmark Customer 09308,benchmark.customer09308@example.test,ACTIVE
600009309,Benchmark Customer 09309,benchmark.customer09309@example.test,ACTIVE
600009310,Benchmark Customer 09310,benchmark.customer09310@example.test,ACTIVE
600009311,Benchmark Customer 09311,benchmark.customer09311@example.test,ACTIVE
600009312,Benchmark Customer 09312,benchmark.customer09312@example.test,ACTIVE
600009313,Benchmark Customer 09313,benchmark.customer09313@example.test,ACTIVE
600009314,Benchmark Customer 09314,benchmark.customer09314@example.test,ACTIVE
600009315,Benchmark Customer 09315,benchmark.customer09315@example.test,ACTIVE
600009316,Benchmark Customer 09316,benchmark.customer09316@example.test,ACTIVE
600009317,Benchmark Customer 09317,benchmark.customer09317@example.test,ACTIVE
600009318,Benchmark Customer 09318,benchmark.customer09318@example.test,ACTIVE
600009319,Benchmark Customer 09319,benchmark.customer09319@example.test,ACTIVE
600009320,Benchmark Customer 09320,benchmark.customer09320@example.test,ACTIVE
600009321,Benchmark Customer 09321,benchmark.customer09321@example.test,ACTIVE
600009322,Benchmark Customer 09322,benchmark.customer09322@example.test,ACTIVE
600009323,Benchmark Customer 09323,benchmark.customer09323@example.test,ACTIVE
600009324,Benchmark Customer 09324,benchmark.customer09324@example.test,ACTIVE
600009325,Benchmark Customer 09325,benchmark.customer09325@example.test,ACTIVE
600009326,Benchmark Customer 09326,benchmark.customer09326@example.test,ACTIVE
600009327,Benchmark Customer 09327,benchmark.customer09327@example.test,ACTIVE
600009328,Benchmark Customer 09328,benchmark.customer09328@example.test,ACTIVE
600009329,Benchmark Customer 09329,benchmark.customer09329@example.test,ACTIVE
600009330,Benchmark Customer 09330,benchmark.customer09330@example.test,ACTIVE
600009331,Benchmark Customer 09331,benchmark.customer09331@example.test,ACTIVE
600009332,Benchmark Customer 09332,benchmark.customer09332@example.test,ACTIVE
600009333,Benchmark Customer 09333,benchmark.customer09333@example.test,ACTIVE
600009334,Benchmark Customer 09334,benchmark.customer09334@example.test,ACTIVE
600009335,Benchmark Customer 09335,benchmark.customer09335@example.test,ACTIVE
600009336,Benchmark Customer 09336,benchmark.customer09336@example.test,ACTIVE
600009337,Benchmark Customer 09337,benchmark.customer09337@example.test,ACTIVE
600009338,Benchmark Customer 09338,benchmark.customer09338@example.test,ACTIVE
600009339,Benchmark Customer 09339,benchmark.customer09339@example.test,ACTIVE
600009340,Benchmark Customer 09340,benchmark.customer09340@example.test,ACTIVE
600009341,Benchmark Customer 09341,benchmark.customer09341@example.test,ACTIVE
600009342,Benchmark Customer 09342,benchmark.customer09342@example.test,ACTIVE
600009343,Benchmark Customer 09343,benchmark.customer09343@example.test,ACTIVE
600009344,Benchmark Customer 09344,benchmark.customer09344@example.test,ACTIVE
600009345,Benchmark Customer 09345,benchmark.customer09345@example.test,ACTIVE
600009346,Benchmark Customer 09346,benchmark.customer09346@example.test,ACTIVE
600009347,Benchmark Customer 09347,benchmark.customer09347@example.test,ACTIVE
600009348,Benchmark Customer 09348,benchmark.customer09348@example.test,ACTIVE
600009349,Benchmark Customer 09349,benchmark.customer09349@example.test,ACTIVE
600009350,Benchmark Customer 09350,benchmark.customer09350@example.test,ACTIVE
600009351,Benchmark Customer 09351,benchmark.customer09351@example.test,ACTIVE
600009352,Benchmark Customer 09352,benchmark.customer09352@example.test,ACTIVE
600009353,Benchmark Customer 09353,benchmark.customer09353@example.test,ACTIVE
600009354,Benchmark Customer 09354,benchmark.customer09354@example.test,ACTIVE
600009355,Benchmark Customer 09355,benchmark.customer09355@example.test,ACTIVE
600009356,Benchmark Customer 09356,benchmark.customer09356@example.test,ACTIVE
600009357,Benchmark Customer 09357,benchmark.customer09357@example.test,ACTIVE
600009358,Benchmark Customer 09358,benchmark.customer09358@example.test,ACTIVE
600009359,Benchmark Customer 09359,benchmark.customer09359@example.test,ACTIVE
600009360,Benchmark Customer 09360,benchmark.customer09360@example.test,ACTIVE
600009361,Benchmark Customer 09361,benchmark.customer09361@example.test,ACTIVE
600009362,Benchmark Customer 09362,benchmark.customer09362@example.test,ACTIVE
600009363,Benchmark Customer 09363,benchmark.customer09363@example.test,ACTIVE
600009364,Benchmark Customer 09364,benchmark.customer09364@example.test,ACTIVE
600009365,Benchmark Customer 09365,benchmark.customer09365@example.test,ACTIVE
600009366,Benchmark Customer 09366,benchmark.customer09366@example.test,ACTIVE
600009367,Benchmark Customer 09367,benchmark.customer09367@example.test,ACTIVE
600009368,Benchmark Customer 09368,benchmark.customer09368@example.test,ACTIVE
600009369,Benchmark Customer 09369,benchmark.customer09369@example.test,ACTIVE
600009370,Benchmark Customer 09370,benchmark.customer09370@example.test,ACTIVE
600009371,Benchmark Customer 09371,benchmark.customer09371@example.test,ACTIVE
600009372,Benchmark Customer 09372,benchmark.customer09372@example.test,ACTIVE
600009373,Benchmark Customer 09373,benchmark.customer09373@example.test,ACTIVE
600009374,Benchmark Customer 09374,benchmark.customer09374@example.test,ACTIVE
600009375,Benchmark Customer 09375,benchmark.customer09375@example.test,ACTIVE
600009376,Benchmark Customer 09376,benchmark.customer09376@example.test,ACTIVE
600009377,Benchmark Customer 09377,benchmark.customer09377@example.test,ACTIVE
600009378,Benchmark Customer 09378,benchmark.customer09378@example.test,ACTIVE
600009379,Benchmark Customer 09379,benchmark.customer09379@example.test,ACTIVE
600009380,Benchmark Customer 09380,benchmark.customer09380@example.test,ACTIVE
600009381,Benchmark Customer 09381,benchmark.customer09381@example.test,ACTIVE
600009382,Benchmark Customer 09382,benchmark.customer09382@example.test,ACTIVE
600009383,Benchmark Customer 09383,benchmark.customer09383@example.test,ACTIVE
600009384,Benchmark Customer 09384,benchmark.customer09384@example.test,ACTIVE
600009385,Benchmark Customer 09385,benchmark.customer09385@example.test,ACTIVE
600009386,Benchmark Customer 09386,benchmark.customer09386@example.test,ACTIVE
600009387,Benchmark Customer 09387,benchmark.customer09387@example.test,ACTIVE
600009388,Benchmark Customer 09388,benchmark.customer09388@example.test,ACTIVE
600009389,Benchmark Customer 09389,benchmark.customer09389@example.test,ACTIVE
600009390,Benchmark Customer 09390,benchmark.customer09390@example.test,ACTIVE
600009391,Benchmark Customer 09391,benchmark.customer09391@example.test,ACTIVE
600009392,Benchmark Customer 09392,benchmark.customer09392@example.test,ACTIVE
600009393,Benchmark Customer 09393,benchmark.customer09393@example.test,ACTIVE
600009394,Benchmark Customer 09394,benchmark.customer09394@example.test,ACTIVE
600009395,Benchmark Customer 09395,benchmark.customer09395@example.test,ACTIVE
600009396,Benchmark Customer 09396,benchmark.customer09396@example.test,ACTIVE
600009397,Benchmark Customer 09397,benchmark.customer09397@example.test,ACTIVE
600009398,Benchmark Customer 09398,benchmark.customer09398@example.test,ACTIVE
600009399,Benchmark Customer 09399,benchmark.customer09399@example.test,ACTIVE
600009400,Benchmark Customer 09400,benchmark.customer09400@example.test,ACTIVE
600009401,Benchmark Customer 09401,benchmark.customer09401@example.test,ACTIVE
600009402,Benchmark Customer 09402,benchmark.customer09402@example.test,ACTIVE
600009403,Benchmark Customer 09403,benchmark.customer09403@example.test,ACTIVE
600009404,Benchmark Customer 09404,benchmark.customer09404@example.test,ACTIVE
600009405,Benchmark Customer 09405,benchmark.customer09405@example.test,ACTIVE
600009406,Benchmark Customer 09406,benchmark.customer09406@example.test,ACTIVE
600009407,Benchmark Customer 09407,benchmark.customer09407@example.test,ACTIVE
600009408,Benchmark Customer 09408,benchmark.customer09408@example.test,ACTIVE
600009409,Benchmark Customer 09409,benchmark.customer09409@example.test,ACTIVE
600009410,Benchmark Customer 09410,benchmark.customer09410@example.test,ACTIVE
600009411,Benchmark Customer 09411,benchmark.customer09411@example.test,ACTIVE
600009412,Benchmark Customer 09412,benchmark.customer09412@example.test,ACTIVE
600009413,Benchmark Customer 09413,benchmark.customer09413@example.test,ACTIVE
600009414,Benchmark Customer 09414,benchmark.customer09414@example.test,ACTIVE
600009415,Benchmark Customer 09415,benchmark.customer09415@example.test,ACTIVE
600009416,Benchmark Customer 09416,benchmark.customer09416@example.test,ACTIVE
600009417,Benchmark Customer 09417,benchmark.customer09417@example.test,ACTIVE
600009418,Benchmark Customer 09418,benchmark.customer09418@example.test,ACTIVE
600009419,Benchmark Customer 09419,benchmark.customer09419@example.test,ACTIVE
600009420,Benchmark Customer 09420,benchmark.customer09420@example.test,ACTIVE
600009421,Benchmark Customer 09421,benchmark.customer09421@example.test,ACTIVE
600009422,Benchmark Customer 09422,benchmark.customer09422@example.test,ACTIVE
600009423,Benchmark Customer 09423,benchmark.customer09423@example.test,ACTIVE
600009424,Benchmark Customer 09424,benchmark.customer09424@example.test,ACTIVE
600009425,Benchmark Customer 09425,benchmark.customer09425@example.test,ACTIVE
600009426,Benchmark Customer 09426,benchmark.customer09426@example.test,ACTIVE
600009427,Benchmark Customer 09427,benchmark.customer09427@example.test,ACTIVE
600009428,Benchmark Customer 09428,benchmark.customer09428@example.test,ACTIVE
600009429,Benchmark Customer 09429,benchmark.customer09429@example.test,ACTIVE
600009430,Benchmark Customer 09430,benchmark.customer09430@example.test,ACTIVE
600009431,Benchmark Customer 09431,benchmark.customer09431@example.test,ACTIVE
600009432,Benchmark Customer 09432,benchmark.customer09432@example.test,ACTIVE
600009433,Benchmark Customer 09433,benchmark.customer09433@example.test,ACTIVE
600009434,Benchmark Customer 09434,benchmark.customer09434@example.test,ACTIVE
600009435,Benchmark Customer 09435,benchmark.customer09435@example.test,ACTIVE
600009436,Benchmark Customer 09436,benchmark.customer09436@example.test,ACTIVE
600009437,Benchmark Customer 09437,benchmark.customer09437@example.test,ACTIVE
600009438,Benchmark Customer 09438,benchmark.customer09438@example.test,ACTIVE
600009439,Benchmark Customer 09439,benchmark.customer09439@example.test,ACTIVE
600009440,Benchmark Customer 09440,benchmark.customer09440@example.test,ACTIVE
600009441,Benchmark Customer 09441,benchmark.customer09441@example.test,ACTIVE
600009442,Benchmark Customer 09442,benchmark.customer09442@example.test,ACTIVE
600009443,Benchmark Customer 09443,benchmark.customer09443@example.test,ACTIVE
600009444,Benchmark Customer 09444,benchmark.customer09444@example.test,ACTIVE
600009445,Benchmark Customer 09445,benchmark.customer09445@example.test,ACTIVE
600009446,Benchmark Customer 09446,benchmark.customer09446@example.test,ACTIVE
600009447,Benchmark Customer 09447,benchmark.customer09447@example.test,ACTIVE
600009448,Benchmark Customer 09448,benchmark.customer09448@example.test,ACTIVE
600009449,Benchmark Customer 09449,benchmark.customer09449@example.test,ACTIVE
600009450,Benchmark Customer 09450,benchmark.customer09450@example.test,ACTIVE
600009451,Benchmark Customer 09451,benchmark.customer09451@example.test,ACTIVE
600009452,Benchmark Customer 09452,benchmark.customer09452@example.test,ACTIVE
600009453,Benchmark Customer 09453,benchmark.customer09453@example.test,ACTIVE
600009454,Benchmark Customer 09454,benchmark.customer09454@example.test,ACTIVE
600009455,Benchmark Customer 09455,benchmark.customer09455@example.test,ACTIVE
600009456,Benchmark Customer 09456,benchmark.customer09456@example.test,ACTIVE
600009457,Benchmark Customer 09457,benchmark.customer09457@example.test,ACTIVE
600009458,Benchmark Customer 09458,benchmark.customer09458@example.test,ACTIVE
600009459,Benchmark Customer 09459,benchmark.customer09459@example.test,ACTIVE
600009460,Benchmark Customer 09460,benchmark.customer09460@example.test,ACTIVE
600009461,Benchmark Customer 09461,benchmark.customer09461@example.test,ACTIVE
600009462,Benchmark Customer 09462,benchmark.customer09462@example.test,ACTIVE
600009463,Benchmark Customer 09463,benchmark.customer09463@example.test,ACTIVE
600009464,Benchmark Customer 09464,benchmark.customer09464@example.test,ACTIVE
600009465,Benchmark Customer 09465,benchmark.customer09465@example.test,ACTIVE
600009466,Benchmark Customer 09466,benchmark.customer09466@example.test,ACTIVE
600009467,Benchmark Customer 09467,benchmark.customer09467@example.test,ACTIVE
600009468,Benchmark Customer 09468,benchmark.customer09468@example.test,ACTIVE
600009469,Benchmark Customer 09469,benchmark.customer09469@example.test,ACTIVE
600009470,Benchmark Customer 09470,benchmark.customer09470@example.test,ACTIVE
600009471,Benchmark Customer 09471,benchmark.customer09471@example.test,ACTIVE
600009472,Benchmark Customer 09472,benchmark.customer09472@example.test,ACTIVE
600009473,Benchmark Customer 09473,benchmark.customer09473@example.test,ACTIVE
600009474,Benchmark Customer 09474,benchmark.customer09474@example.test,ACTIVE
600009475,Benchmark Customer 09475,benchmark.customer09475@example.test,ACTIVE
600009476,Benchmark Customer 09476,benchmark.customer09476@example.test,ACTIVE
600009477,Benchmark Customer 09477,benchmark.customer09477@example.test,ACTIVE
600009478,Benchmark Customer 09478,benchmark.customer09478@example.test,ACTIVE
600009479,Benchmark Customer 09479,benchmark.customer09479@example.test,ACTIVE
600009480,Benchmark Customer 09480,benchmark.customer09480@example.test,ACTIVE
600009481,Benchmark Customer 09481,benchmark.customer09481@example.test,ACTIVE
600009482,Benchmark Customer 09482,benchmark.customer09482@example.test,ACTIVE
600009483,Benchmark Customer 09483,benchmark.customer09483@example.test,ACTIVE
600009484,Benchmark Customer 09484,benchmark.customer09484@example.test,ACTIVE
600009485,Benchmark Customer 09485,benchmark.customer09485@example.test,ACTIVE
600009486,Benchmark Customer 09486,benchmark.customer09486@example.test,ACTIVE
600009487,Benchmark Customer 09487,benchmark.customer09487@example.test,ACTIVE
600009488,Benchmark Customer 09488,benchmark.customer09488@example.test,ACTIVE
600009489,Benchmark Customer 09489,benchmark.customer09489@example.test,ACTIVE
600009490,Benchmark Customer 09490,benchmark.customer09490@example.test,ACTIVE
600009491,Benchmark Customer 09491,benchmark.customer09491@example.test,ACTIVE
600009492,Benchmark Customer 09492,benchmark.customer09492@example.test,ACTIVE
600009493,Benchmark Customer 09493,benchmark.customer09493@example.test,ACTIVE
600009494,Benchmark Customer 09494,benchmark.customer09494@example.test,ACTIVE
600009495,Benchmark Customer 09495,benchmark.customer09495@example.test,ACTIVE
600009496,Benchmark Customer 09496,benchmark.customer09496@example.test,ACTIVE
600009497,Benchmark Customer 09497,benchmark.customer09497@example.test,ACTIVE
600009498,Benchmark Customer 09498,benchmark.customer09498@example.test,ACTIVE
600009499,Benchmark Customer 09499,benchmark.customer09499@example.test,ACTIVE
600009500,Benchmark Customer 09500,benchmark.customer09500@example.test,ACTIVE
600009501,Benchmark Customer 09501,benchmark.customer09501@example.test,ACTIVE
600009502,Benchmark Customer 09502,benchmark.customer09502@example.test,ACTIVE
600009503,Benchmark Customer 09503,benchmark.customer09503@example.test,ACTIVE
600009504,Benchmark Customer 09504,benchmark.customer09504@example.test,ACTIVE
600009505,Benchmark Customer 09505,benchmark.customer09505@example.test,ACTIVE
600009506,Benchmark Customer 09506,benchmark.customer09506@example.test,ACTIVE
600009507,Benchmark Customer 09507,benchmark.customer09507@example.test,ACTIVE
600009508,Benchmark Customer 09508,benchmark.customer09508@example.test,ACTIVE
600009509,Benchmark Customer 09509,benchmark.customer09509@example.test,ACTIVE
600009510,Benchmark Customer 09510,benchmark.customer09510@example.test,ACTIVE
600009511,Benchmark Customer 09511,benchmark.customer09511@example.test,ACTIVE
600009512,Benchmark Customer 09512,benchmark.customer09512@example.test,ACTIVE
600009513,Benchmark Customer 09513,benchmark.customer09513@example.test,ACTIVE
600009514,Benchmark Customer 09514,benchmark.customer09514@example.test,ACTIVE
600009515,Benchmark Customer 09515,benchmark.customer09515@example.test,ACTIVE
600009516,Benchmark Customer 09516,benchmark.customer09516@example.test,ACTIVE
600009517,Benchmark Customer 09517,benchmark.customer09517@example.test,ACTIVE
600009518,Benchmark Customer 09518,benchmark.customer09518@example.test,ACTIVE
600009519,Benchmark Customer 09519,benchmark.customer09519@example.test,ACTIVE
600009520,Benchmark Customer 09520,benchmark.customer09520@example.test,ACTIVE
600009521,Benchmark Customer 09521,benchmark.customer09521@example.test,ACTIVE
600009522,Benchmark Customer 09522,benchmark.customer09522@example.test,ACTIVE
600009523,Benchmark Customer 09523,benchmark.customer09523@example.test,ACTIVE
600009524,Benchmark Customer 09524,benchmark.customer09524@example.test,ACTIVE
600009525,Benchmark Customer 09525,benchmark.customer09525@example.test,ACTIVE
600009526,Benchmark Customer 09526,benchmark.customer09526@example.test,ACTIVE
600009527,Benchmark Customer 09527,benchmark.customer09527@example.test,ACTIVE
600009528,Benchmark Customer 09528,benchmark.customer09528@example.test,ACTIVE
600009529,Benchmark Customer 09529,benchmark.customer09529@example.test,ACTIVE
600009530,Benchmark Customer 09530,benchmark.customer09530@example.test,ACTIVE
600009531,Benchmark Customer 09531,benchmark.customer09531@example.test,ACTIVE
600009532,Benchmark Customer 09532,benchmark.customer09532@example.test,ACTIVE
600009533,Benchmark Customer 09533,benchmark.customer09533@example.test,ACTIVE
600009534,Benchmark Customer 09534,benchmark.customer09534@example.test,ACTIVE
600009535,Benchmark Customer 09535,benchmark.customer09535@example.test,ACTIVE
600009536,Benchmark Customer 09536,benchmark.customer09536@example.test,ACTIVE
600009537,Benchmark Customer 09537,benchmark.customer09537@example.test,ACTIVE
600009538,Benchmark Customer 09538,benchmark.customer09538@example.test,ACTIVE
600009539,Benchmark Customer 09539,benchmark.customer09539@example.test,ACTIVE
600009540,Benchmark Customer 09540,benchmark.customer09540@example.test,ACTIVE
600009541,Benchmark Customer 09541,benchmark.customer09541@example.test,ACTIVE
600009542,Benchmark Customer 09542,benchmark.customer09542@example.test,ACTIVE
600009543,Benchmark Customer 09543,benchmark.customer09543@example.test,ACTIVE
600009544,Benchmark Customer 09544,benchmark.customer09544@example.test,ACTIVE
600009545,Benchmark Customer 09545,benchmark.customer09545@example.test,ACTIVE
600009546,Benchmark Customer 09546,benchmark.customer09546@example.test,ACTIVE
600009547,Benchmark Customer 09547,benchmark.customer09547@example.test,ACTIVE
600009548,Benchmark Customer 09548,benchmark.customer09548@example.test,ACTIVE
600009549,Benchmark Customer 09549,benchmark.customer09549@example.test,ACTIVE
600009550,Benchmark Customer 09550,benchmark.customer09550@example.test,ACTIVE
600009551,Benchmark Customer 09551,benchmark.customer09551@example.test,ACTIVE
600009552,Benchmark Customer 09552,benchmark.customer09552@example.test,ACTIVE
600009553,Benchmark Customer 09553,benchmark.customer09553@example.test,ACTIVE
600009554,Benchmark Customer 09554,benchmark.customer09554@example.test,ACTIVE
600009555,Benchmark Customer 09555,benchmark.customer09555@example.test,ACTIVE
600009556,Benchmark Customer 09556,benchmark.customer09556@example.test,ACTIVE
600009557,Benchmark Customer 09557,benchmark.customer09557@example.test,ACTIVE
600009558,Benchmark Customer 09558,benchmark.customer09558@example.test,ACTIVE
600009559,Benchmark Customer 09559,benchmark.customer09559@example.test,ACTIVE
600009560,Benchmark Customer 09560,benchmark.customer09560@example.test,ACTIVE
600009561,Benchmark Customer 09561,benchmark.customer09561@example.test,ACTIVE
600009562,Benchmark Customer 09562,benchmark.customer09562@example.test,ACTIVE
600009563,Benchmark Customer 09563,benchmark.customer09563@example.test,ACTIVE
600009564,Benchmark Customer 09564,benchmark.customer09564@example.test,ACTIVE
600009565,Benchmark Customer 09565,benchmark.customer09565@example.test,ACTIVE
600009566,Benchmark Customer 09566,benchmark.customer09566@example.test,ACTIVE
600009567,Benchmark Customer 09567,benchmark.customer09567@example.test,ACTIVE
600009568,Benchmark Customer 09568,benchmark.customer09568@example.test,ACTIVE
600009569,Benchmark Customer 09569,benchmark.customer09569@example.test,ACTIVE
600009570,Benchmark Customer 09570,benchmark.customer09570@example.test,ACTIVE
600009571,Benchmark Customer 09571,benchmark.customer09571@example.test,ACTIVE
600009572,Benchmark Customer 09572,benchmark.customer09572@example.test,ACTIVE
600009573,Benchmark Customer 09573,benchmark.customer09573@example.test,ACTIVE
600009574,Benchmark Customer 09574,benchmark.customer09574@example.test,ACTIVE
600009575,Benchmark Customer 09575,benchmark.customer09575@example.test,ACTIVE
600009576,Benchmark Customer 09576,benchmark.customer09576@example.test,ACTIVE
600009577,Benchmark Customer 09577,benchmark.customer09577@example.test,ACTIVE
600009578,Benchmark Customer 09578,benchmark.customer09578@example.test,ACTIVE
600009579,Benchmark Customer 09579,benchmark.customer09579@example.test,ACTIVE
600009580,Benchmark Customer 09580,benchmark.customer09580@example.test,ACTIVE
600009581,Benchmark Customer 09581,benchmark.customer09581@example.test,ACTIVE
600009582,Benchmark Customer 09582,benchmark.customer09582@example.test,ACTIVE
600009583,Benchmark Customer 09583,benchmark.customer09583@example.test,ACTIVE
600009584,Benchmark Customer 09584,benchmark.customer09584@example.test,ACTIVE
600009585,Benchmark Customer 09585,benchmark.customer09585@example.test,ACTIVE
600009586,Benchmark Customer 09586,benchmark.customer09586@example.test,ACTIVE
600009587,Benchmark Customer 09587,benchmark.customer09587@example.test,ACTIVE
600009588,Benchmark Customer 09588,benchmark.customer09588@example.test,ACTIVE
600009589,Benchmark Customer 09589,benchmark.customer09589@example.test,ACTIVE
600009590,Benchmark Customer 09590,benchmark.customer09590@example.test,ACTIVE
600009591,Benchmark Customer 09591,benchmark.customer09591@example.test,ACTIVE
600009592,Benchmark Customer 09592,benchmark.customer09592@example.test,ACTIVE
600009593,Benchmark Customer 09593,benchmark.customer09593@example.test,ACTIVE
600009594,Benchmark Customer 09594,benchmark.customer09594@example.test,ACTIVE
600009595,Benchmark Customer 09595,benchmark.customer09595@example.test,ACTIVE
600009596,Benchmark Customer 09596,benchmark.customer09596@example.test,ACTIVE
600009597,Benchmark Customer 09597,benchmark.customer09597@example.test,ACTIVE
600009598,Benchmark Customer 09598,benchmark.customer09598@example.test,ACTIVE
600009599,Benchmark Customer 09599,benchmark.customer09599@example.test,ACTIVE
600009600,Benchmark Customer 09600,benchmark.customer09600@example.test,ACTIVE
600009601,Benchmark Customer 09601,benchmark.customer09601@example.test,ACTIVE
600009602,Benchmark Customer 09602,benchmark.customer09602@example.test,ACTIVE
600009603,Benchmark Customer 09603,benchmark.customer09603@example.test,ACTIVE
600009604,Benchmark Customer 09604,benchmark.customer09604@example.test,ACTIVE
600009605,Benchmark Customer 09605,benchmark.customer09605@example.test,ACTIVE
600009606,Benchmark Customer 09606,benchmark.customer09606@example.test,ACTIVE
600009607,Benchmark Customer 09607,benchmark.customer09607@example.test,ACTIVE
600009608,Benchmark Customer 09608,benchmark.customer09608@example.test,ACTIVE
600009609,Benchmark Customer 09609,benchmark.customer09609@example.test,ACTIVE
600009610,Benchmark Customer 09610,benchmark.customer09610@example.test,ACTIVE
600009611,Benchmark Customer 09611,benchmark.customer09611@example.test,ACTIVE
600009612,Benchmark Customer 09612,benchmark.customer09612@example.test,ACTIVE
600009613,Benchmark Customer 09613,benchmark.customer09613@example.test,ACTIVE
600009614,Benchmark Customer 09614,benchmark.customer09614@example.test,ACTIVE
600009615,Benchmark Customer 09615,benchmark.customer09615@example.test,ACTIVE
600009616,Benchmark Customer 09616,benchmark.customer09616@example.test,ACTIVE
600009617,Benchmark Customer 09617,benchmark.customer09617@example.test,ACTIVE
600009618,Benchmark Customer 09618,benchmark.customer09618@example.test,ACTIVE
600009619,Benchmark Customer 09619,benchmark.customer09619@example.test,ACTIVE
600009620,Benchmark Customer 09620,benchmark.customer09620@example.test,ACTIVE
600009621,Benchmark Customer 09621,benchmark.customer09621@example.test,ACTIVE
600009622,Benchmark Customer 09622,benchmark.customer09622@example.test,ACTIVE
600009623,Benchmark Customer 09623,benchmark.customer09623@example.test,ACTIVE
600009624,Benchmark Customer 09624,benchmark.customer09624@example.test,ACTIVE
600009625,Benchmark Customer 09625,benchmark.customer09625@example.test,ACTIVE
600009626,Benchmark Customer 09626,benchmark.customer09626@example.test,ACTIVE
600009627,Benchmark Customer 09627,benchmark.customer09627@example.test,ACTIVE
600009628,Benchmark Customer 09628,benchmark.customer09628@example.test,ACTIVE
600009629,Benchmark Customer 09629,benchmark.customer09629@example.test,ACTIVE
600009630,Benchmark Customer 09630,benchmark.customer09630@example.test,ACTIVE
600009631,Benchmark Customer 09631,benchmark.customer09631@example.test,ACTIVE
600009632,Benchmark Customer 09632,benchmark.customer09632@example.test,ACTIVE
600009633,Benchmark Customer 09633,benchmark.customer09633@example.test,ACTIVE
600009634,Benchmark Customer 09634,benchmark.customer09634@example.test,ACTIVE
600009635,Benchmark Customer 09635,benchmark.customer09635@example.test,ACTIVE
600009636,Benchmark Customer 09636,benchmark.customer09636@example.test,ACTIVE
600009637,Benchmark Customer 09637,benchmark.customer09637@example.test,ACTIVE
600009638,Benchmark Customer 09638,benchmark.customer09638@example.test,ACTIVE
600009639,Benchmark Customer 09639,benchmark.customer09639@example.test,ACTIVE
600009640,Benchmark Customer 09640,benchmark.customer09640@example.test,ACTIVE
600009641,Benchmark Customer 09641,benchmark.customer09641@example.test,ACTIVE
600009642,Benchmark Customer 09642,benchmark.customer09642@example.test,ACTIVE
600009643,Benchmark Customer 09643,benchmark.customer09643@example.test,ACTIVE
600009644,Benchmark Customer 09644,benchmark.customer09644@example.test,ACTIVE
600009645,Benchmark Customer 09645,benchmark.customer09645@example.test,ACTIVE
600009646,Benchmark Customer 09646,benchmark.customer09646@example.test,ACTIVE
600009647,Benchmark Customer 09647,benchmark.customer09647@example.test,ACTIVE
600009648,Benchmark Customer 09648,benchmark.customer09648@example.test,ACTIVE
600009649,Benchmark Customer 09649,benchmark.customer09649@example.test,ACTIVE
600009650,Benchmark Customer 09650,benchmark.customer09650@example.test,ACTIVE
600009651,Benchmark Customer 09651,benchmark.customer09651@example.test,ACTIVE
600009652,Benchmark Customer 09652,benchmark.customer09652@example.test,ACTIVE
600009653,Benchmark Customer 09653,benchmark.customer09653@example.test,ACTIVE
600009654,Benchmark Customer 09654,benchmark.customer09654@example.test,ACTIVE
600009655,Benchmark Customer 09655,benchmark.customer09655@example.test,ACTIVE
600009656,Benchmark Customer 09656,benchmark.customer09656@example.test,ACTIVE
600009657,Benchmark Customer 09657,benchmark.customer09657@example.test,ACTIVE
600009658,Benchmark Customer 09658,benchmark.customer09658@example.test,ACTIVE
600009659,Benchmark Customer 09659,benchmark.customer09659@example.test,ACTIVE
600009660,Benchmark Customer 09660,benchmark.customer09660@example.test,ACTIVE
600009661,Benchmark Customer 09661,benchmark.customer09661@example.test,ACTIVE
600009662,Benchmark Customer 09662,benchmark.customer09662@example.test,ACTIVE
600009663,Benchmark Customer 09663,benchmark.customer09663@example.test,ACTIVE
600009664,Benchmark Customer 09664,benchmark.customer09664@example.test,ACTIVE
600009665,Benchmark Customer 09665,benchmark.customer09665@example.test,ACTIVE
600009666,Benchmark Customer 09666,benchmark.customer09666@example.test,ACTIVE
600009667,Benchmark Customer 09667,benchmark.customer09667@example.test,ACTIVE
600009668,Benchmark Customer 09668,benchmark.customer09668@example.test,ACTIVE
600009669,Benchmark Customer 09669,benchmark.customer09669@example.test,ACTIVE
600009670,Benchmark Customer 09670,benchmark.customer09670@example.test,ACTIVE
600009671,Benchmark Customer 09671,benchmark.customer09671@example.test,ACTIVE
600009672,Benchmark Customer 09672,benchmark.customer09672@example.test,ACTIVE
600009673,Benchmark Customer 09673,benchmark.customer09673@example.test,ACTIVE
600009674,Benchmark Customer 09674,benchmark.customer09674@example.test,ACTIVE
600009675,Benchmark Customer 09675,benchmark.customer09675@example.test,ACTIVE
600009676,Benchmark Customer 09676,benchmark.customer09676@example.test,ACTIVE
600009677,Benchmark Customer 09677,benchmark.customer09677@example.test,ACTIVE
600009678,Benchmark Customer 09678,benchmark.customer09678@example.test,ACTIVE
600009679,Benchmark Customer 09679,benchmark.customer09679@example.test,ACTIVE
600009680,Benchmark Customer 09680,benchmark.customer09680@example.test,ACTIVE
600009681,Benchmark Customer 09681,benchmark.customer09681@example.test,ACTIVE
600009682,Benchmark Customer 09682,benchmark.customer09682@example.test,ACTIVE
600009683,Benchmark Customer 09683,benchmark.customer09683@example.test,ACTIVE
600009684,Benchmark Customer 09684,benchmark.customer09684@example.test,ACTIVE
600009685,Benchmark Customer 09685,benchmark.customer09685@example.test,ACTIVE
600009686,Benchmark Customer 09686,benchmark.customer09686@example.test,ACTIVE
600009687,Benchmark Customer 09687,benchmark.customer09687@example.test,ACTIVE
600009688,Benchmark Customer 09688,benchmark.customer09688@example.test,ACTIVE
600009689,Benchmark Customer 09689,benchmark.customer09689@example.test,ACTIVE
600009690,Benchmark Customer 09690,benchmark.customer09690@example.test,ACTIVE
600009691,Benchmark Customer 09691,benchmark.customer09691@example.test,ACTIVE
600009692,Benchmark Customer 09692,benchmark.customer09692@example.test,ACTIVE
600009693,Benchmark Customer 09693,benchmark.customer09693@example.test,ACTIVE
600009694,Benchmark Customer 09694,benchmark.customer09694@example.test,ACTIVE
600009695,Benchmark Customer 09695,benchmark.customer09695@example.test,ACTIVE
600009696,Benchmark Customer 09696,benchmark.customer09696@example.test,ACTIVE
600009697,Benchmark Customer 09697,benchmark.customer09697@example.test,ACTIVE
600009698,Benchmark Customer 09698,benchmark.customer09698@example.test,ACTIVE
600009699,Benchmark Customer 09699,benchmark.customer09699@example.test,ACTIVE
600009700,Benchmark Customer 09700,benchmark.customer09700@example.test,ACTIVE
600009701,Benchmark Customer 09701,benchmark.customer09701@example.test,ACTIVE
600009702,Benchmark Customer 09702,benchmark.customer09702@example.test,ACTIVE
600009703,Benchmark Customer 09703,benchmark.customer09703@example.test,ACTIVE
600009704,Benchmark Customer 09704,benchmark.customer09704@example.test,ACTIVE
600009705,Benchmark Customer 09705,benchmark.customer09705@example.test,ACTIVE
600009706,Benchmark Customer 09706,benchmark.customer09706@example.test,ACTIVE
600009707,Benchmark Customer 09707,benchmark.customer09707@example.test,ACTIVE
600009708,Benchmark Customer 09708,benchmark.customer09708@example.test,ACTIVE
600009709,Benchmark Customer 09709,benchmark.customer09709@example.test,ACTIVE
600009710,Benchmark Customer 09710,benchmark.customer09710@example.test,ACTIVE
600009711,Benchmark Customer 09711,benchmark.customer09711@example.test,ACTIVE
600009712,Benchmark Customer 09712,benchmark.customer09712@example.test,ACTIVE
600009713,Benchmark Customer 09713,benchmark.customer09713@example.test,ACTIVE
600009714,Benchmark Customer 09714,benchmark.customer09714@example.test,ACTIVE
600009715,Benchmark Customer 09715,benchmark.customer09715@example.test,ACTIVE
600009716,Benchmark Customer 09716,benchmark.customer09716@example.test,ACTIVE
600009717,Benchmark Customer 09717,benchmark.customer09717@example.test,ACTIVE
600009718,Benchmark Customer 09718,benchmark.customer09718@example.test,ACTIVE
600009719,Benchmark Customer 09719,benchmark.customer09719@example.test,ACTIVE
600009720,Benchmark Customer 09720,benchmark.customer09720@example.test,ACTIVE
600009721,Benchmark Customer 09721,benchmark.customer09721@example.test,ACTIVE
600009722,Benchmark Customer 09722,benchmark.customer09722@example.test,ACTIVE
600009723,Benchmark Customer 09723,benchmark.customer09723@example.test,ACTIVE
600009724,Benchmark Customer 09724,benchmark.customer09724@example.test,ACTIVE
600009725,Benchmark Customer 09725,benchmark.customer09725@example.test,ACTIVE
600009726,Benchmark Customer 09726,benchmark.customer09726@example.test,ACTIVE
600009727,Benchmark Customer 09727,benchmark.customer09727@example.test,ACTIVE
600009728,Benchmark Customer 09728,benchmark.customer09728@example.test,ACTIVE
600009729,Benchmark Customer 09729,benchmark.customer09729@example.test,ACTIVE
600009730,Benchmark Customer 09730,benchmark.customer09730@example.test,ACTIVE
600009731,Benchmark Customer 09731,benchmark.customer09731@example.test,ACTIVE
600009732,Benchmark Customer 09732,benchmark.customer09732@example.test,ACTIVE
600009733,Benchmark Customer 09733,benchmark.customer09733@example.test,ACTIVE
600009734,Benchmark Customer 09734,benchmark.customer09734@example.test,ACTIVE
600009735,Benchmark Customer 09735,benchmark.customer09735@example.test,ACTIVE
600009736,Benchmark Customer 09736,benchmark.customer09736@example.test,ACTIVE
600009737,Benchmark Customer 09737,benchmark.customer09737@example.test,ACTIVE
600009738,Benchmark Customer 09738,benchmark.customer09738@example.test,ACTIVE
600009739,Benchmark Customer 09739,benchmark.customer09739@example.test,ACTIVE
600009740,Benchmark Customer 09740,benchmark.customer09740@example.test,ACTIVE
600009741,Benchmark Customer 09741,benchmark.customer09741@example.test,ACTIVE
600009742,Benchmark Customer 09742,benchmark.customer09742@example.test,ACTIVE
600009743,Benchmark Customer 09743,benchmark.customer09743@example.test,ACTIVE
600009744,Benchmark Customer 09744,benchmark.customer09744@example.test,ACTIVE
600009745,Benchmark Customer 09745,benchmark.customer09745@example.test,ACTIVE
600009746,Benchmark Customer 09746,benchmark.customer09746@example.test,ACTIVE
600009747,Benchmark Customer 09747,benchmark.customer09747@example.test,ACTIVE
600009748,Benchmark Customer 09748,benchmark.customer09748@example.test,ACTIVE
600009749,Benchmark Customer 09749,benchmark.customer09749@example.test,ACTIVE
600009750,Benchmark Customer 09750,benchmark.customer09750@example.test,ACTIVE
600009751,Benchmark Customer 09751,benchmark.customer09751@example.test,ACTIVE
600009752,Benchmark Customer 09752,benchmark.customer09752@example.test,ACTIVE
600009753,Benchmark Customer 09753,benchmark.customer09753@example.test,ACTIVE
600009754,Benchmark Customer 09754,benchmark.customer09754@example.test,ACTIVE
600009755,Benchmark Customer 09755,benchmark.customer09755@example.test,ACTIVE
600009756,Benchmark Customer 09756,benchmark.customer09756@example.test,ACTIVE
600009757,Benchmark Customer 09757,benchmark.customer09757@example.test,ACTIVE
600009758,Benchmark Customer 09758,benchmark.customer09758@example.test,ACTIVE
600009759,Benchmark Customer 09759,benchmark.customer09759@example.test,ACTIVE
600009760,Benchmark Customer 09760,benchmark.customer09760@example.test,ACTIVE
600009761,Benchmark Customer 09761,benchmark.customer09761@example.test,ACTIVE
600009762,Benchmark Customer 09762,benchmark.customer09762@example.test,ACTIVE
600009763,Benchmark Customer 09763,benchmark.customer09763@example.test,ACTIVE
600009764,Benchmark Customer 09764,benchmark.customer09764@example.test,ACTIVE
600009765,Benchmark Customer 09765,benchmark.customer09765@example.test,ACTIVE
600009766,Benchmark Customer 09766,benchmark.customer09766@example.test,ACTIVE
600009767,Benchmark Customer 09767,benchmark.customer09767@example.test,ACTIVE
600009768,Benchmark Customer 09768,benchmark.customer09768@example.test,ACTIVE
600009769,Benchmark Customer 09769,benchmark.customer09769@example.test,ACTIVE
600009770,Benchmark Customer 09770,benchmark.customer09770@example.test,ACTIVE
600009771,Benchmark Customer 09771,benchmark.customer09771@example.test,ACTIVE
600009772,Benchmark Customer 09772,benchmark.customer09772@example.test,ACTIVE
600009773,Benchmark Customer 09773,benchmark.customer09773@example.test,ACTIVE
600009774,Benchmark Customer 09774,benchmark.customer09774@example.test,ACTIVE
600009775,Benchmark Customer 09775,benchmark.customer09775@example.test,ACTIVE
600009776,Benchmark Customer 09776,benchmark.customer09776@example.test,ACTIVE
600009777,Benchmark Customer 09777,benchmark.customer09777@example.test,ACTIVE
600009778,Benchmark Customer 09778,benchmark.customer09778@example.test,ACTIVE
600009779,Benchmark Customer 09779,benchmark.customer09779@example.test,ACTIVE
600009780,Benchmark Customer 09780,benchmark.customer09780@example.test,ACTIVE
600009781,Benchmark Customer 09781,benchmark.customer09781@example.test,ACTIVE
600009782,Benchmark Customer 09782,benchmark.customer09782@example.test,ACTIVE
600009783,Benchmark Customer 09783,benchmark.customer09783@example.test,ACTIVE
600009784,Benchmark Customer 09784,benchmark.customer09784@example.test,ACTIVE
600009785,Benchmark Customer 09785,benchmark.customer09785@example.test,ACTIVE
600009786,Benchmark Customer 09786,benchmark.customer09786@example.test,ACTIVE
600009787,Benchmark Customer 09787,benchmark.customer09787@example.test,ACTIVE
600009788,Benchmark Customer 09788,benchmark.customer09788@example.test,ACTIVE
600009789,Benchmark Customer 09789,benchmark.customer09789@example.test,ACTIVE
600009790,Benchmark Customer 09790,benchmark.customer09790@example.test,ACTIVE
600009791,Benchmark Customer 09791,benchmark.customer09791@example.test,ACTIVE
600009792,Benchmark Customer 09792,benchmark.customer09792@example.test,ACTIVE
600009793,Benchmark Customer 09793,benchmark.customer09793@example.test,ACTIVE
600009794,Benchmark Customer 09794,benchmark.customer09794@example.test,ACTIVE
600009795,Benchmark Customer 09795,benchmark.customer09795@example.test,ACTIVE
600009796,Benchmark Customer 09796,benchmark.customer09796@example.test,ACTIVE
600009797,Benchmark Customer 09797,benchmark.customer09797@example.test,ACTIVE
600009798,Benchmark Customer 09798,benchmark.customer09798@example.test,ACTIVE
600009799,Benchmark Customer 09799,benchmark.customer09799@example.test,ACTIVE
600009800,Benchmark Customer 09800,benchmark.customer09800@example.test,ACTIVE
600009801,Benchmark Customer 09801,benchmark.customer09801@example.test,ACTIVE
600009802,Benchmark Customer 09802,benchmark.customer09802@example.test,ACTIVE
600009803,Benchmark Customer 09803,benchmark.customer09803@example.test,ACTIVE
600009804,Benchmark Customer 09804,benchmark.customer09804@example.test,ACTIVE
600009805,Benchmark Customer 09805,benchmark.customer09805@example.test,ACTIVE
600009806,Benchmark Customer 09806,benchmark.customer09806@example.test,ACTIVE
600009807,Benchmark Customer 09807,benchmark.customer09807@example.test,ACTIVE
600009808,Benchmark Customer 09808,benchmark.customer09808@example.test,ACTIVE
600009809,Benchmark Customer 09809,benchmark.customer09809@example.test,ACTIVE
600009810,Benchmark Customer 09810,benchmark.customer09810@example.test,ACTIVE
600009811,Benchmark Customer 09811,benchmark.customer09811@example.test,ACTIVE
600009812,Benchmark Customer 09812,benchmark.customer09812@example.test,ACTIVE
600009813,Benchmark Customer 09813,benchmark.customer09813@example.test,ACTIVE
600009814,Benchmark Customer 09814,benchmark.customer09814@example.test,ACTIVE
600009815,Benchmark Customer 09815,benchmark.customer09815@example.test,ACTIVE
600009816,Benchmark Customer 09816,benchmark.customer09816@example.test,ACTIVE
600009817,Benchmark Customer 09817,benchmark.customer09817@example.test,ACTIVE
600009818,Benchmark Customer 09818,benchmark.customer09818@example.test,ACTIVE
600009819,Benchmark Customer 09819,benchmark.customer09819@example.test,ACTIVE
600009820,Benchmark Customer 09820,benchmark.customer09820@example.test,ACTIVE
600009821,Benchmark Customer 09821,benchmark.customer09821@example.test,ACTIVE
600009822,Benchmark Customer 09822,benchmark.customer09822@example.test,ACTIVE
600009823,Benchmark Customer 09823,benchmark.customer09823@example.test,ACTIVE
600009824,Benchmark Customer 09824,benchmark.customer09824@example.test,ACTIVE
600009825,Benchmark Customer 09825,benchmark.customer09825@example.test,ACTIVE
600009826,Benchmark Customer 09826,benchmark.customer09826@example.test,ACTIVE
600009827,Benchmark Customer 09827,benchmark.customer09827@example.test,ACTIVE
600009828,Benchmark Customer 09828,benchmark.customer09828@example.test,ACTIVE
600009829,Benchmark Customer 09829,benchmark.customer09829@example.test,ACTIVE
600009830,Benchmark Customer 09830,benchmark.customer09830@example.test,ACTIVE
600009831,Benchmark Customer 09831,benchmark.customer09831@example.test,ACTIVE
600009832,Benchmark Customer 09832,benchmark.customer09832@example.test,ACTIVE
600009833,Benchmark Customer 09833,benchmark.customer09833@example.test,ACTIVE
600009834,Benchmark Customer 09834,benchmark.customer09834@example.test,ACTIVE
600009835,Benchmark Customer 09835,benchmark.customer09835@example.test,ACTIVE
600009836,Benchmark Customer 09836,benchmark.customer09836@example.test,ACTIVE
600009837,Benchmark Customer 09837,benchmark.customer09837@example.test,ACTIVE
600009838,Benchmark Customer 09838,benchmark.customer09838@example.test,ACTIVE
600009839,Benchmark Customer 09839,benchmark.customer09839@example.test,ACTIVE
600009840,Benchmark Customer 09840,benchmark.customer09840@example.test,ACTIVE
600009841,Benchmark Customer 09841,benchmark.customer09841@example.test,ACTIVE
600009842,Benchmark Customer 09842,benchmark.customer09842@example.test,ACTIVE
600009843,Benchmark Customer 09843,benchmark.customer09843@example.test,ACTIVE
600009844,Benchmark Customer 09844,benchmark.customer09844@example.test,ACTIVE
600009845,Benchmark Customer 09845,benchmark.customer09845@example.test,ACTIVE
600009846,Benchmark Customer 09846,benchmark.customer09846@example.test,ACTIVE
600009847,Benchmark Customer 09847,benchmark.customer09847@example.test,ACTIVE
600009848,Benchmark Customer 09848,benchmark.customer09848@example.test,ACTIVE
600009849,Benchmark Customer 09849,benchmark.customer09849@example.test,ACTIVE
600009850,Benchmark Customer 09850,benchmark.customer09850@example.test,ACTIVE
600009851,Benchmark Customer 09851,benchmark.customer09851@example.test,ACTIVE
600009852,Benchmark Customer 09852,benchmark.customer09852@example.test,ACTIVE
600009853,Benchmark Customer 09853,benchmark.customer09853@example.test,ACTIVE
600009854,Benchmark Customer 09854,benchmark.customer09854@example.test,ACTIVE
600009855,Benchmark Customer 09855,benchmark.customer09855@example.test,ACTIVE
600009856,Benchmark Customer 09856,benchmark.customer09856@example.test,ACTIVE
600009857,Benchmark Customer 09857,benchmark.customer09857@example.test,ACTIVE
600009858,Benchmark Customer 09858,benchmark.customer09858@example.test,ACTIVE
600009859,Benchmark Customer 09859,benchmark.customer09859@example.test,ACTIVE
600009860,Benchmark Customer 09860,benchmark.customer09860@example.test,ACTIVE
600009861,Benchmark Customer 09861,benchmark.customer09861@example.test,ACTIVE
600009862,Benchmark Customer 09862,benchmark.customer09862@example.test,ACTIVE
600009863,Benchmark Customer 09863,benchmark.customer09863@example.test,ACTIVE
600009864,Benchmark Customer 09864,benchmark.customer09864@example.test,ACTIVE
600009865,Benchmark Customer 09865,benchmark.customer09865@example.test,ACTIVE
600009866,Benchmark Customer 09866,benchmark.customer09866@example.test,ACTIVE
600009867,Benchmark Customer 09867,benchmark.customer09867@example.test,ACTIVE
600009868,Benchmark Customer 09868,benchmark.customer09868@example.test,ACTIVE
600009869,Benchmark Customer 09869,benchmark.customer09869@example.test,ACTIVE
600009870,Benchmark Customer 09870,benchmark.customer09870@example.test,ACTIVE
600009871,Benchmark Customer 09871,benchmark.customer09871@example.test,ACTIVE
600009872,Benchmark Customer 09872,benchmark.customer09872@example.test,ACTIVE
600009873,Benchmark Customer 09873,benchmark.customer09873@example.test,ACTIVE
600009874,Benchmark Customer 09874,benchmark.customer09874@example.test,ACTIVE
600009875,Benchmark Customer 09875,benchmark.customer09875@example.test,ACTIVE
600009876,Benchmark Customer 09876,benchmark.customer09876@example.test,ACTIVE
600009877,Benchmark Customer 09877,benchmark.customer09877@example.test,ACTIVE
600009878,Benchmark Customer 09878,benchmark.customer09878@example.test,ACTIVE
600009879,Benchmark Customer 09879,benchmark.customer09879@example.test,ACTIVE
600009880,Benchmark Customer 09880,benchmark.customer09880@example.test,ACTIVE
600009881,Benchmark Customer 09881,benchmark.customer09881@example.test,ACTIVE
600009882,Benchmark Customer 09882,benchmark.customer09882@example.test,ACTIVE
600009883,Benchmark Customer 09883,benchmark.customer09883@example.test,ACTIVE
600009884,Benchmark Customer 09884,benchmark.customer09884@example.test,ACTIVE
600009885,Benchmark Customer 09885,benchmark.customer09885@example.test,ACTIVE
600009886,Benchmark Customer 09886,benchmark.customer09886@example.test,ACTIVE
600009887,Benchmark Customer 09887,benchmark.customer09887@example.test,ACTIVE
600009888,Benchmark Customer 09888,benchmark.customer09888@example.test,ACTIVE
600009889,Benchmark Customer 09889,benchmark.customer09889@example.test,ACTIVE
600009890,Benchmark Customer 09890,benchmark.customer09890@example.test,ACTIVE
600009891,Benchmark Customer 09891,benchmark.customer09891@example.test,ACTIVE
600009892,Benchmark Customer 09892,benchmark.customer09892@example.test,ACTIVE
600009893,Benchmark Customer 09893,benchmark.customer09893@example.test,ACTIVE
600009894,Benchmark Customer 09894,benchmark.customer09894@example.test,ACTIVE
600009895,Benchmark Customer 09895,benchmark.customer09895@example.test,ACTIVE
600009896,Benchmark Customer 09896,benchmark.customer09896@example.test,ACTIVE
600009897,Benchmark Customer 09897,benchmark.customer09897@example.test,ACTIVE
600009898,Benchmark Customer 09898,benchmark.customer09898@example.test,ACTIVE
600009899,Benchmark Customer 09899,benchmark.customer09899@example.test,ACTIVE
600009900,Benchmark Customer 09900,benchmark.customer09900@example.test,ACTIVE
600009901,Benchmark Customer 09901,benchmark.customer09901@example.test,ACTIVE
600009902,Benchmark Customer 09902,benchmark.customer09902@example.test,ACTIVE
600009903,Benchmark Customer 09903,benchmark.customer09903@example.test,ACTIVE
600009904,Benchmark Customer 09904,benchmark.customer09904@example.test,ACTIVE
600009905,Benchmark Customer 09905,benchmark.customer09905@example.test,ACTIVE
600009906,Benchmark Customer 09906,benchmark.customer09906@example.test,ACTIVE
600009907,Benchmark Customer 09907,benchmark.customer09907@example.test,ACTIVE
600009908,Benchmark Customer 09908,benchmark.customer09908@example.test,ACTIVE
600009909,Benchmark Customer 09909,benchmark.customer09909@example.test,ACTIVE
600009910,Benchmark Customer 09910,benchmark.customer09910@example.test,ACTIVE
600009911,Benchmark Customer 09911,benchmark.customer09911@example.test,ACTIVE
600009912,Benchmark Customer 09912,benchmark.customer09912@example.test,ACTIVE
600009913,Benchmark Customer 09913,benchmark.customer09913@example.test,ACTIVE
600009914,Benchmark Customer 09914,benchmark.customer09914@example.test,ACTIVE
600009915,Benchmark Customer 09915,benchmark.customer09915@example.test,ACTIVE
600009916,Benchmark Customer 09916,benchmark.customer09916@example.test,ACTIVE
600009917,Benchmark Customer 09917,benchmark.customer09917@example.test,ACTIVE
600009918,Benchmark Customer 09918,benchmark.customer09918@example.test,ACTIVE
600009919,Benchmark Customer 09919,benchmark.customer09919@example.test,ACTIVE
600009920,Benchmark Customer 09920,benchmark.customer09920@example.test,ACTIVE
600009921,Benchmark Customer 09921,benchmark.customer09921@example.test,ACTIVE
600009922,Benchmark Customer 09922,benchmark.customer09922@example.test,ACTIVE
600009923,Benchmark Customer 09923,benchmark.customer09923@example.test,ACTIVE
600009924,Benchmark Customer 09924,benchmark.customer09924@example.test,ACTIVE
600009925,Benchmark Customer 09925,benchmark.customer09925@example.test,ACTIVE
600009926,Benchmark Customer 09926,benchmark.customer09926@example.test,ACTIVE
600009927,Benchmark Customer 09927,benchmark.customer09927@example.test,ACTIVE
600009928,Benchmark Customer 09928,benchmark.customer09928@example.test,ACTIVE
600009929,Benchmark Customer 09929,benchmark.customer09929@example.test,ACTIVE
600009930,Benchmark Customer 09930,benchmark.customer09930@example.test,ACTIVE
600009931,Benchmark Customer 09931,benchmark.customer09931@example.test,ACTIVE
600009932,Benchmark Customer 09932,benchmark.customer09932@example.test,ACTIVE
600009933,Benchmark Customer 09933,benchmark.customer09933@example.test,ACTIVE
600009934,Benchmark Customer 09934,benchmark.customer09934@example.test,ACTIVE
600009935,Benchmark Customer 09935,benchmark.customer09935@example.test,ACTIVE
600009936,Benchmark Customer 09936,benchmark.customer09936@example.test,ACTIVE
600009937,Benchmark Customer 09937,benchmark.customer09937@example.test,ACTIVE
600009938,Benchmark Customer 09938,benchmark.customer09938@example.test,ACTIVE
600009939,Benchmark Customer 09939,benchmark.customer09939@example.test,ACTIVE
600009940,Benchmark Customer 09940,benchmark.customer09940@example.test,ACTIVE
600009941,Benchmark Customer 09941,benchmark.customer09941@example.test,ACTIVE
600009942,Benchmark Customer 09942,benchmark.customer09942@example.test,ACTIVE
600009943,Benchmark Customer 09943,benchmark.customer09943@example.test,ACTIVE
600009944,Benchmark Customer 09944,benchmark.customer09944@example.test,ACTIVE
600009945,Benchmark Customer 09945,benchmark.customer09945@example.test,ACTIVE
600009946,Benchmark Customer 09946,benchmark.customer09946@example.test,ACTIVE
600009947,Benchmark Customer 09947,benchmark.customer09947@example.test,ACTIVE
600009948,Benchmark Customer 09948,benchmark.customer09948@example.test,ACTIVE
600009949,Benchmark Customer 09949,benchmark.customer09949@example.test,ACTIVE
600009950,Benchmark Customer 09950,benchmark.customer09950@example.test,ACTIVE
600009951,Benchmark Customer 09951,benchmark.customer09951@example.test,ACTIVE
600009952,Benchmark Customer 09952,benchmark.customer09952@example.test,ACTIVE
600009953,Benchmark Customer 09953,benchmark.customer09953@example.test,ACTIVE
600009954,Benchmark Customer 09954,benchmark.customer09954@example.test,ACTIVE
600009955,Benchmark Customer 09955,benchmark.customer09955@example.test,ACTIVE
600009956,Benchmark Customer 09956,benchmark.customer09956@example.test,ACTIVE
600009957,Benchmark Customer 09957,benchmark.customer09957@example.test,ACTIVE
600009958,Benchmark Customer 09958,benchmark.customer09958@example.test,ACTIVE
600009959,Benchmark Customer 09959,benchmark.customer09959@example.test,ACTIVE
600009960,Benchmark Customer 09960,benchmark.customer09960@example.test,ACTIVE
600009961,Benchmark Customer 09961,benchmark.customer09961@example.test,ACTIVE
600009962,Benchmark Customer 09962,benchmark.customer09962@example.test,ACTIVE
600009963,Benchmark Customer 09963,benchmark.customer09963@example.test,ACTIVE
600009964,Benchmark Customer 09964,benchmark.customer09964@example.test,ACTIVE
600009965,Benchmark Customer 09965,benchmark.customer09965@example.test,ACTIVE
600009966,Benchmark Customer 09966,benchmark.customer09966@example.test,ACTIVE
600009967,Benchmark Customer 09967,benchmark.customer09967@example.test,ACTIVE
600009968,Benchmark Customer 09968,benchmark.customer09968@example.test,ACTIVE
600009969,Benchmark Customer 09969,benchmark.customer09969@example.test,ACTIVE
600009970,Benchmark Customer 09970,benchmark.customer09970@example.test,ACTIVE
600009971,Benchmark Customer 09971,benchmark.customer09971@example.test,ACTIVE
600009972,Benchmark Customer 09972,benchmark.customer09972@example.test,ACTIVE
600009973,Benchmark Customer 09973,benchmark.customer09973@example.test,ACTIVE
600009974,Benchmark Customer 09974,benchmark.customer09974@example.test,ACTIVE
600009975,Benchmark Customer 09975,benchmark.customer09975@example.test,ACTIVE
600009976,Benchmark Customer 09976,benchmark.customer09976@example.test,ACTIVE
600009977,Benchmark Customer 09977,benchmark.customer09977@example.test,ACTIVE
600009978,Benchmark Customer 09978,benchmark.customer09978@example.test,ACTIVE
600009979,Benchmark Customer 09979,benchmark.customer09979@example.test,ACTIVE
600009980,Benchmark Customer 09980,benchmark.customer09980@example.test,ACTIVE
600009981,Benchmark Customer 09981,benchmark.customer09981@example.test,ACTIVE
600009982,Benchmark Customer 09982,benchmark.customer09982@example.test,ACTIVE
600009983,Benchmark Customer 09983,benchmark.customer09983@example.test,ACTIVE
600009984,Benchmark Customer 09984,benchmark.customer09984@example.test,ACTIVE
600009985,Benchmark Customer 09985,benchmark.customer09985@example.test,ACTIVE
600009986,Benchmark Customer 09986,benchmark.customer09986@example.test,ACTIVE
600009987,Benchmark Customer 09987,benchmark.customer09987@example.test,ACTIVE
600009988,Benchmark Customer 09988,benchmark.customer09988@example.test,ACTIVE
600009989,Benchmark Customer 09989,benchmark.customer09989@example.test,ACTIVE
600009990,Benchmark Customer 09990,benchmark.customer09990@example.test,ACTIVE
600009991,Benchmark Customer 09991,benchmark.customer09991@example.test,ACTIVE
600009992,Benchmark Customer 09992,benchmark.customer09992@example.test,ACTIVE
600009993,Benchmark Customer 09993,benchmark.customer09993@example.test,ACTIVE
600009994,Benchmark Customer 09994,benchmark.customer09994@example.test,ACTIVE
600009995,Benchmark Customer 09995,benchmark.customer09995@example.test,ACTIVE
600009996,Benchmark Customer 09996,benchmark.customer09996@example.test,ACTIVE
600009997,Benchmark Customer 09997,benchmark.customer09997@example.test,ACTIVE
600009998,Benchmark Customer 09998,benchmark.customer09998@example.test,ACTIVE
600009999,Benchmark Customer 09999,benchmark.customer09999@example.test,ACTIVE
600010000,Benchmark Customer 10000,benchmark.customer10000@example.test,ACTIVE
